

Microchip MPLAB XC8 Assembler V2.46 build 20240104201356 
                                                                                               Sun Apr 28 11:12:57 2024

Microchip MPLAB XC8 C Compiler v2.46 (Free license) build 20240104201356 Og1 
     1                           	processor	16F18344
     2                           	pagewidth 120
     3                           	opt	flic
     4                           	psect	stringtext1,global,class=STRCODE,delta=2,noexec
     5                           	psect	stringtext2,global,class=STRCODE,delta=2,noexec
     6                           	psect	stringtext3,global,class=STRCODE,delta=2,noexec
     7                           	psect	cinit,global,class=CODE,merge=1,delta=2
     8                           	psect	bssCOMMON,global,class=COMMON,space=1,delta=1,noexec
     9                           	psect	bssBANK0,global,class=BANK0,space=1,delta=1,noexec
    10                           	psect	clrtext,global,class=CODE,delta=2
    11                           	psect	cstackCOMMON,global,class=COMMON,space=1,delta=1,noexec
    12                           	psect	cstackBANK0,global,class=BANK0,space=1,delta=1,noexec
    13                           	psect	maintext,global,class=CODE,merge=1,split=1,delta=2
    14                           	psect	text1,local,class=CODE,merge=1,delta=2
    15                           	psect	text2,local,class=CODE,merge=1,delta=2
    16                           	psect	text3,local,class=CODE,merge=1,delta=2
    17                           	psect	text4,local,class=CODE,merge=1,delta=2
    18                           	psect	text5,local,class=CODE,merge=1,delta=2
    19                           	psect	text6,local,class=CODE,merge=1,delta=2
    20                           	psect	text7,local,class=CODE,merge=1,delta=2
    21                           	psect	text8,local,class=CODE,merge=1,inline,delta=2
    22                           	psect	text9,local,class=CODE,merge=1,delta=2
    23                           	psect	text10,local,class=CODE,merge=1,delta=2
    24                           	psect	text11,local,class=CODE,merge=1,delta=2
    25                           	psect	text12,local,class=CODE,merge=1,delta=2
    26                           	psect	text13,local,class=CODE,merge=1,delta=2
    27                           	psect	text14,local,class=CODE,merge=1,delta=2
    28                           	psect	text15,local,class=CODE,merge=1,delta=2
    29                           	psect	text16,local,class=CODE,merge=1,delta=2
    30                           	psect	text17,local,class=CODE,merge=1,delta=2
    31                           	psect	text18,local,class=CODE,merge=1,delta=2
    32                           	psect	text19,local,class=CODE,merge=1,delta=2
    33                           	psect	intentry,global,class=CODE,delta=2
    34                           	psect	text21,local,class=CODE,merge=1,delta=2
    35                           	psect	text22,local,class=CODE,merge=1,delta=2
    36                           	psect	text23,local,class=CODE,merge=1,delta=2
    37                           	psect	text24,local,class=CODE,merge=1,delta=2
    38                           	psect	text25,local,class=CODE,merge=1,delta=2
    39                           	psect	text26,local,class=CODE,merge=1,delta=2
    40                           	psect	text27,local,class=CODE,merge=1,delta=2
    41                           	psect	text28,local,class=CODE,merge=1,delta=2
    42                           	psect	text29,local,class=CODE,merge=1,delta=2
    43                           	psect	text30,local,class=CODE,merge=1,delta=2
    44                           	psect	text31,local,class=CODE,merge=1,delta=2
    45                           	psect	text32,local,class=CODE,merge=1,delta=2
    46                           	psect	text33,local,class=CODE,merge=1,delta=2
    47                           	psect	text34,local,class=CODE,merge=1,delta=2
    48                           	psect	text35,local,class=CODE,merge=1,delta=2
    49                           	psect	text36,local,class=CODE,merge=1,delta=2
    50                           	psect	text37,local,class=CODE,merge=1,delta=2
    51                           	psect	text38,local,class=CODE,merge=1,inline,delta=2
    52                           	psect	text39,local,class=CODE,merge=1,delta=2
    53                           	psect	text40,local,class=CODE,merge=1,inline,delta=2
    54                           	psect	text41,local,class=CODE,merge=1,inline,delta=2
    55                           	psect	text42,local,class=CODE,merge=1,inline,delta=2
    56                           	psect	text43,local,class=CODE,merge=1,delta=2
    57                           	psect	text44,local,class=CODE,merge=1,delta=2
    58                           	psect	text45,local,class=CODE,merge=1,inline,delta=2
    59                           	psect	text46,local,class=CODE,merge=1,inline,delta=2
    60                           	psect	text47,local,class=CODE,merge=1,delta=2
    61                           	psect	text48,local,class=CODE,merge=1,inline,delta=2
    62                           	psect	text49,local,class=CODE,merge=1,inline,delta=2
    63                           	psect	text50,local,class=CODE,merge=1,inline,delta=2
    64                           	psect	text51,local,class=CODE,merge=1,inline,delta=2
    65                           	psect	text52,local,class=CODE,merge=1,delta=2
    66                           	psect	config,global,abs,ovrld,class=CONFIG,space=4,delta=2,noexec
    67                           	dabs	1,0x7E,2
    68     0000                     
    69                           ; Generated 11/01/2024 GMT
    70                           ; 
    71                           ; Copyright © 2024, Microchip Technology Inc. and its subsidiaries ("Microchip")
    72                           ; All rights reserved.
    73                           ; 
    74                           ; This software is developed by Microchip Technology Inc. and its subsidiaries ("Microch
      +                          ip").
    75                           ; 
    76                           ; Redistribution and use in source and binary forms, with or without modification, are
    77                           ; permitted provided that the following conditions are met:
    78                           ; 
    79                           ;     1. Redistributions of source code must retain the above copyright notice, this lis
      +                          t of
    80                           ;        conditions and the following disclaimer.
    81                           ; 
    82                           ;     2. Redistributions in binary form must reproduce the above copyright notice, this 
      +                          list
    83                           ;        of conditions and the following disclaimer in the documentation and/or other
    84                           ;        materials provided with the distribution. Publication is not required when
    85                           ;        this file is used in an embedded application.
    86                           ; 
    87                           ;     3. Microchip's name may not be used to endorse or promote products derived from th
      +                          is
    88                           ;        software without specific prior written permission.
    89                           ; 
    90                           ; THIS SOFTWARE IS PROVIDED BY MICROCHIP "AS IS" AND ANY EXPRESS OR IMPLIED WARRANTIES,
    91                           ; INCLUDING, BUT NOT LIMITED TO, THE IMPLIED WARRANTIES OF MERCHANTABILITY AND FITNESS F
      +                          OR
    92                           ; PURPOSE ARE DISCLAIMED.  IN NO EVENT SHALL MICROCHIP BE LIABLE FOR ANY DIRECT, INDIREC
      +                          T,
    93                           ; INCIDENTAL, SPECIAL, EXEMPLARY, OR CONSEQUENTIAL DAMAGES (INCLUDING BUT NOT LIMITED TO
    94                           ; PROCUREMENT OF SUBSTITUTE GOODS OR SERVICES; LOSS OF USE, DATA OR PROFITS; OR BUSINESS
    95                           ; INTERRUPTION) HOWSOEVER CAUSED AND ON ANY THEORY OF LIABILITY, WHETHER IN CONTRACT, ST
      +                          RICT
    96                           ; LIABILITY, OR TORT (INCLUDING NEGLIGENCE OR OTHERWISE) ARISING IN ANY WAY OUT OF THE U
      +                          SE OF
    97                           ; THIS SOFTWARE, EVEN IF ADVISED OF THE POSSIBILITY OF SUCH DAMAGE.
    98                           ; 
    99                           ; 
   100                           ; Code-generator required, PIC16F18344 Definitions
   101                           ; 
   102                           ; SFR Addresses
   103     0000                     	;# 
   104     0001                     	;# 
   105     0002                     	;# 
   106     0003                     	;# 
   107     0004                     	;# 
   108     0005                     	;# 
   109     0006                     	;# 
   110     0007                     	;# 
   111     0008                     	;# 
   112     0009                     	;# 
   113     000A                     	;# 
   114     000B                     	;# 
   115     000C                     	;# 
   116     000D                     	;# 
   117     000E                     	;# 
   118     0010                     	;# 
   119     0011                     	;# 
   120     0012                     	;# 
   121     0013                     	;# 
   122     0014                     	;# 
   123     0015                     	;# 
   124     0015                     	;# 
   125     0016                     	;# 
   126     0016                     	;# 
   127     0017                     	;# 
   128     0018                     	;# 
   129     0019                     	;# 
   130     0019                     	;# 
   131     001A                     	;# 
   132     001B                     	;# 
   133     001C                     	;# 
   134     001D                     	;# 
   135     001E                     	;# 
   136     001F                     	;# 
   137     008C                     	;# 
   138     008D                     	;# 
   139     008E                     	;# 
   140     0090                     	;# 
   141     0091                     	;# 
   142     0092                     	;# 
   143     0093                     	;# 
   144     0094                     	;# 
   145     0097                     	;# 
   146     009B                     	;# 
   147     009B                     	;# 
   148     009C                     	;# 
   149     009D                     	;# 
   150     009E                     	;# 
   151     009F                     	;# 
   152     010C                     	;# 
   153     010D                     	;# 
   154     010E                     	;# 
   155     0111                     	;# 
   156     0112                     	;# 
   157     0113                     	;# 
   158     0114                     	;# 
   159     0115                     	;# 
   160     0116                     	;# 
   161     0117                     	;# 
   162     0118                     	;# 
   163     0119                     	;# 
   164     018C                     	;# 
   165     018D                     	;# 
   166     018E                     	;# 
   167     0197                     	;# 
   168     0199                     	;# 
   169     0199                     	;# 
   170     0199                     	;# 
   171     019A                     	;# 
   172     019A                     	;# 
   173     019A                     	;# 
   174     019B                     	;# 
   175     019B                     	;# 
   176     019B                     	;# 
   177     019B                     	;# 
   178     019B                     	;# 
   179     019C                     	;# 
   180     019C                     	;# 
   181     019C                     	;# 
   182     019D                     	;# 
   183     019D                     	;# 
   184     019D                     	;# 
   185     019E                     	;# 
   186     019E                     	;# 
   187     019E                     	;# 
   188     019F                     	;# 
   189     019F                     	;# 
   190     019F                     	;# 
   191     019F                     	;# 
   192     019F                     	;# 
   193     020C                     	;# 
   194     020D                     	;# 
   195     020E                     	;# 
   196     0211                     	;# 
   197     0211                     	;# 
   198     0212                     	;# 
   199     0212                     	;# 
   200     0213                     	;# 
   201     0213                     	;# 
   202     0214                     	;# 
   203     0214                     	;# 
   204     0215                     	;# 
   205     0215                     	;# 
   206     0215                     	;# 
   207     0215                     	;# 
   208     0216                     	;# 
   209     0216                     	;# 
   210     0217                     	;# 
   211     0217                     	;# 
   212     028C                     	;# 
   213     028D                     	;# 
   214     028E                     	;# 
   215     0291                     	;# 
   216     0291                     	;# 
   217     0292                     	;# 
   218     0293                     	;# 
   219     0294                     	;# 
   220     0295                     	;# 
   221     0295                     	;# 
   222     0296                     	;# 
   223     0297                     	;# 
   224     0298                     	;# 
   225     029F                     	;# 
   226     030C                     	;# 
   227     030D                     	;# 
   228     030E                     	;# 
   229     0311                     	;# 
   230     0311                     	;# 
   231     0312                     	;# 
   232     0313                     	;# 
   233     0314                     	;# 
   234     0315                     	;# 
   235     0315                     	;# 
   236     0316                     	;# 
   237     0317                     	;# 
   238     0318                     	;# 
   239     038C                     	;# 
   240     038D                     	;# 
   241     038E                     	;# 
   242     0391                     	;# 
   243     0392                     	;# 
   244     0393                     	;# 
   245     0394                     	;# 
   246     0395                     	;# 
   247     0396                     	;# 
   248     0397                     	;# 
   249     0398                     	;# 
   250     0399                     	;# 
   251     039A                     	;# 
   252     039C                     	;# 
   253     039D                     	;# 
   254     039E                     	;# 
   255     039F                     	;# 
   256     0411                     	;# 
   257     0411                     	;# 
   258     0412                     	;# 
   259     0413                     	;# 
   260     0414                     	;# 
   261     0415                     	;# 
   262     0416                     	;# 
   263     0417                     	;# 
   264     0418                     	;# 
   265     0418                     	;# 
   266     0419                     	;# 
   267     041A                     	;# 
   268     041B                     	;# 
   269     041C                     	;# 
   270     041D                     	;# 
   271     041E                     	;# 
   272     041F                     	;# 
   273     0498                     	;# 
   274     0498                     	;# 
   275     0499                     	;# 
   276     049A                     	;# 
   277     049B                     	;# 
   278     049B                     	;# 
   279     049C                     	;# 
   280     049D                     	;# 
   281     049E                     	;# 
   282     049F                     	;# 
   283     0617                     	;# 
   284     0618                     	;# 
   285     0619                     	;# 
   286     0619                     	;# 
   287     061A                     	;# 
   288     061B                     	;# 
   289     061C                     	;# 
   290     061C                     	;# 
   291     061F                     	;# 
   292     0691                     	;# 
   293     0692                     	;# 
   294     0693                     	;# 
   295     0694                     	;# 
   296     0695                     	;# 
   297     0696                     	;# 
   298     0697                     	;# 
   299     0698                     	;# 
   300     0699                     	;# 
   301     0711                     	;# 
   302     0712                     	;# 
   303     0713                     	;# 
   304     0714                     	;# 
   305     0715                     	;# 
   306     0716                     	;# 
   307     0717                     	;# 
   308     0718                     	;# 
   309     0719                     	;# 
   310     0891                     	;# 
   311     0891                     	;# 
   312     0891                     	;# 
   313     0891                     	;# 
   314     0891                     	;# 
   315     0891                     	;# 
   316     0892                     	;# 
   317     0892                     	;# 
   318     0892                     	;# 
   319     0893                     	;# 
   320     0893                     	;# 
   321     0893                     	;# 
   322     0893                     	;# 
   323     0893                     	;# 
   324     0893                     	;# 
   325     0894                     	;# 
   326     0894                     	;# 
   327     0894                     	;# 
   328     0895                     	;# 
   329     0895                     	;# 
   330     0895                     	;# 
   331     0896                     	;# 
   332     0896                     	;# 
   333     0896                     	;# 
   334     089B                     	;# 
   335     0911                     	;# 
   336     0912                     	;# 
   337     0913                     	;# 
   338     0914                     	;# 
   339     0915                     	;# 
   340     0916                     	;# 
   341     0918                     	;# 
   342     0919                     	;# 
   343     091A                     	;# 
   344     091B                     	;# 
   345     091C                     	;# 
   346     091D                     	;# 
   347     091E                     	;# 
   348     091F                     	;# 
   349     0E0F                     	;# 
   350     0E10                     	;# 
   351     0E11                     	;# 
   352     0E12                     	;# 
   353     0E13                     	;# 
   354     0E14                     	;# 
   355     0E15                     	;# 
   356     0E16                     	;# 
   357     0E17                     	;# 
   358     0E18                     	;# 
   359     0E19                     	;# 
   360     0E1A                     	;# 
   361     0E1B                     	;# 
   362     0E1C                     	;# 
   363     0E20                     	;# 
   364     0E21                     	;# 
   365     0E22                     	;# 
   366     0E24                     	;# 
   367     0E25                     	;# 
   368     0E28                     	;# 
   369     0E29                     	;# 
   370     0E2A                     	;# 
   371     0E2B                     	;# 
   372     0E2C                     	;# 
   373     0E2D                     	;# 
   374     0E2E                     	;# 
   375     0E2F                     	;# 
   376     0E90                     	;# 
   377     0E91                     	;# 
   378     0E92                     	;# 
   379     0E94                     	;# 
   380     0E95                     	;# 
   381     0E9C                     	;# 
   382     0E9D                     	;# 
   383     0E9E                     	;# 
   384     0E9F                     	;# 
   385     0EA0                     	;# 
   386     0EA1                     	;# 
   387     0EA2                     	;# 
   388     0EA3                     	;# 
   389     0EA4                     	;# 
   390     0EA5                     	;# 
   391     0EA6                     	;# 
   392     0EA7                     	;# 
   393     0F0F                     	;# 
   394     0F10                     	;# 
   395     0F11                     	;# 
   396     0F12                     	;# 
   397     0F13                     	;# 
   398     0F14                     	;# 
   399     0F15                     	;# 
   400     0F16                     	;# 
   401     0F17                     	;# 
   402     0F18                     	;# 
   403     0F19                     	;# 
   404     0F1A                     	;# 
   405     0F1B                     	;# 
   406     0F1C                     	;# 
   407     0F1D                     	;# 
   408     0F1E                     	;# 
   409     0F1F                     	;# 
   410     0F20                     	;# 
   411     0F21                     	;# 
   412     0F22                     	;# 
   413     0F23                     	;# 
   414     0F24                     	;# 
   415     0F25                     	;# 
   416     0F26                     	;# 
   417     0F27                     	;# 
   418     0F28                     	;# 
   419     0F29                     	;# 
   420     0F2A                     	;# 
   421     0F2B                     	;# 
   422     0F2C                     	;# 
   423     0F2D                     	;# 
   424     0F2E                     	;# 
   425     0F2F                     	;# 
   426     0F30                     	;# 
   427     0F31                     	;# 
   428     0F32                     	;# 
   429     0F33                     	;# 
   430     0F34                     	;# 
   431     0F35                     	;# 
   432     0F36                     	;# 
   433     0F37                     	;# 
   434     0FE4                     	;# 
   435     0FE5                     	;# 
   436     0FE6                     	;# 
   437     0FE7                     	;# 
   438     0FE8                     	;# 
   439     0FE9                     	;# 
   440     0FEA                     	;# 
   441     0FEB                     	;# 
   442     0FED                     	;# 
   443     0FEE                     	;# 
   444     0FEF                     	;# 
   445     0000                     	;# 
   446     0001                     	;# 
   447     0002                     	;# 
   448     0003                     	;# 
   449     0004                     	;# 
   450     0005                     	;# 
   451     0006                     	;# 
   452     0007                     	;# 
   453     0008                     	;# 
   454     0009                     	;# 
   455     000A                     	;# 
   456     000B                     	;# 
   457     000C                     	;# 
   458     000D                     	;# 
   459     000E                     	;# 
   460     0010                     	;# 
   461     0011                     	;# 
   462     0012                     	;# 
   463     0013                     	;# 
   464     0014                     	;# 
   465     0015                     	;# 
   466     0015                     	;# 
   467     0016                     	;# 
   468     0016                     	;# 
   469     0017                     	;# 
   470     0018                     	;# 
   471     0019                     	;# 
   472     0019                     	;# 
   473     001A                     	;# 
   474     001B                     	;# 
   475     001C                     	;# 
   476     001D                     	;# 
   477     001E                     	;# 
   478     001F                     	;# 
   479     008C                     	;# 
   480     008D                     	;# 
   481     008E                     	;# 
   482     0090                     	;# 
   483     0091                     	;# 
   484     0092                     	;# 
   485     0093                     	;# 
   486     0094                     	;# 
   487     0097                     	;# 
   488     009B                     	;# 
   489     009B                     	;# 
   490     009C                     	;# 
   491     009D                     	;# 
   492     009E                     	;# 
   493     009F                     	;# 
   494     010C                     	;# 
   495     010D                     	;# 
   496     010E                     	;# 
   497     0111                     	;# 
   498     0112                     	;# 
   499     0113                     	;# 
   500     0114                     	;# 
   501     0115                     	;# 
   502     0116                     	;# 
   503     0117                     	;# 
   504     0118                     	;# 
   505     0119                     	;# 
   506     018C                     	;# 
   507     018D                     	;# 
   508     018E                     	;# 
   509     0197                     	;# 
   510     0199                     	;# 
   511     0199                     	;# 
   512     0199                     	;# 
   513     019A                     	;# 
   514     019A                     	;# 
   515     019A                     	;# 
   516     019B                     	;# 
   517     019B                     	;# 
   518     019B                     	;# 
   519     019B                     	;# 
   520     019B                     	;# 
   521     019C                     	;# 
   522     019C                     	;# 
   523     019C                     	;# 
   524     019D                     	;# 
   525     019D                     	;# 
   526     019D                     	;# 
   527     019E                     	;# 
   528     019E                     	;# 
   529     019E                     	;# 
   530     019F                     	;# 
   531     019F                     	;# 
   532     019F                     	;# 
   533     019F                     	;# 
   534     019F                     	;# 
   535     020C                     	;# 
   536     020D                     	;# 
   537     020E                     	;# 
   538     0211                     	;# 
   539     0211                     	;# 
   540     0212                     	;# 
   541     0212                     	;# 
   542     0213                     	;# 
   543     0213                     	;# 
   544     0214                     	;# 
   545     0214                     	;# 
   546     0215                     	;# 
   547     0215                     	;# 
   548     0215                     	;# 
   549     0215                     	;# 
   550     0216                     	;# 
   551     0216                     	;# 
   552     0217                     	;# 
   553     0217                     	;# 
   554     028C                     	;# 
   555     028D                     	;# 
   556     028E                     	;# 
   557     0291                     	;# 
   558     0291                     	;# 
   559     0292                     	;# 
   560     0293                     	;# 
   561     0294                     	;# 
   562     0295                     	;# 
   563     0295                     	;# 
   564     0296                     	;# 
   565     0297                     	;# 
   566     0298                     	;# 
   567     029F                     	;# 
   568     030C                     	;# 
   569     030D                     	;# 
   570     030E                     	;# 
   571     0311                     	;# 
   572     0311                     	;# 
   573     0312                     	;# 
   574     0313                     	;# 
   575     0314                     	;# 
   576     0315                     	;# 
   577     0315                     	;# 
   578     0316                     	;# 
   579     0317                     	;# 
   580     0318                     	;# 
   581     038C                     	;# 
   582     038D                     	;# 
   583     038E                     	;# 
   584     0391                     	;# 
   585     0392                     	;# 
   586     0393                     	;# 
   587     0394                     	;# 
   588     0395                     	;# 
   589     0396                     	;# 
   590     0397                     	;# 
   591     0398                     	;# 
   592     0399                     	;# 
   593     039A                     	;# 
   594     039C                     	;# 
   595     039D                     	;# 
   596     039E                     	;# 
   597     039F                     	;# 
   598     0411                     	;# 
   599     0411                     	;# 
   600     0412                     	;# 
   601     0413                     	;# 
   602     0414                     	;# 
   603     0415                     	;# 
   604     0416                     	;# 
   605     0417                     	;# 
   606     0418                     	;# 
   607     0418                     	;# 
   608     0419                     	;# 
   609     041A                     	;# 
   610     041B                     	;# 
   611     041C                     	;# 
   612     041D                     	;# 
   613     041E                     	;# 
   614     041F                     	;# 
   615     0498                     	;# 
   616     0498                     	;# 
   617     0499                     	;# 
   618     049A                     	;# 
   619     049B                     	;# 
   620     049B                     	;# 
   621     049C                     	;# 
   622     049D                     	;# 
   623     049E                     	;# 
   624     049F                     	;# 
   625     0617                     	;# 
   626     0618                     	;# 
   627     0619                     	;# 
   628     0619                     	;# 
   629     061A                     	;# 
   630     061B                     	;# 
   631     061C                     	;# 
   632     061C                     	;# 
   633     061F                     	;# 
   634     0691                     	;# 
   635     0692                     	;# 
   636     0693                     	;# 
   637     0694                     	;# 
   638     0695                     	;# 
   639     0696                     	;# 
   640     0697                     	;# 
   641     0698                     	;# 
   642     0699                     	;# 
   643     0711                     	;# 
   644     0712                     	;# 
   645     0713                     	;# 
   646     0714                     	;# 
   647     0715                     	;# 
   648     0716                     	;# 
   649     0717                     	;# 
   650     0718                     	;# 
   651     0719                     	;# 
   652     0891                     	;# 
   653     0891                     	;# 
   654     0891                     	;# 
   655     0891                     	;# 
   656     0891                     	;# 
   657     0891                     	;# 
   658     0892                     	;# 
   659     0892                     	;# 
   660     0892                     	;# 
   661     0893                     	;# 
   662     0893                     	;# 
   663     0893                     	;# 
   664     0893                     	;# 
   665     0893                     	;# 
   666     0893                     	;# 
   667     0894                     	;# 
   668     0894                     	;# 
   669     0894                     	;# 
   670     0895                     	;# 
   671     0895                     	;# 
   672     0895                     	;# 
   673     0896                     	;# 
   674     0896                     	;# 
   675     0896                     	;# 
   676     089B                     	;# 
   677     0911                     	;# 
   678     0912                     	;# 
   679     0913                     	;# 
   680     0914                     	;# 
   681     0915                     	;# 
   682     0916                     	;# 
   683     0918                     	;# 
   684     0919                     	;# 
   685     091A                     	;# 
   686     091B                     	;# 
   687     091C                     	;# 
   688     091D                     	;# 
   689     091E                     	;# 
   690     091F                     	;# 
   691     0E0F                     	;# 
   692     0E10                     	;# 
   693     0E11                     	;# 
   694     0E12                     	;# 
   695     0E13                     	;# 
   696     0E14                     	;# 
   697     0E15                     	;# 
   698     0E16                     	;# 
   699     0E17                     	;# 
   700     0E18                     	;# 
   701     0E19                     	;# 
   702     0E1A                     	;# 
   703     0E1B                     	;# 
   704     0E1C                     	;# 
   705     0E20                     	;# 
   706     0E21                     	;# 
   707     0E22                     	;# 
   708     0E24                     	;# 
   709     0E25                     	;# 
   710     0E28                     	;# 
   711     0E29                     	;# 
   712     0E2A                     	;# 
   713     0E2B                     	;# 
   714     0E2C                     	;# 
   715     0E2D                     	;# 
   716     0E2E                     	;# 
   717     0E2F                     	;# 
   718     0E90                     	;# 
   719     0E91                     	;# 
   720     0E92                     	;# 
   721     0E94                     	;# 
   722     0E95                     	;# 
   723     0E9C                     	;# 
   724     0E9D                     	;# 
   725     0E9E                     	;# 
   726     0E9F                     	;# 
   727     0EA0                     	;# 
   728     0EA1                     	;# 
   729     0EA2                     	;# 
   730     0EA3                     	;# 
   731     0EA4                     	;# 
   732     0EA5                     	;# 
   733     0EA6                     	;# 
   734     0EA7                     	;# 
   735     0F0F                     	;# 
   736     0F10                     	;# 
   737     0F11                     	;# 
   738     0F12                     	;# 
   739     0F13                     	;# 
   740     0F14                     	;# 
   741     0F15                     	;# 
   742     0F16                     	;# 
   743     0F17                     	;# 
   744     0F18                     	;# 
   745     0F19                     	;# 
   746     0F1A                     	;# 
   747     0F1B                     	;# 
   748     0F1C                     	;# 
   749     0F1D                     	;# 
   750     0F1E                     	;# 
   751     0F1F                     	;# 
   752     0F20                     	;# 
   753     0F21                     	;# 
   754     0F22                     	;# 
   755     0F23                     	;# 
   756     0F24                     	;# 
   757     0F25                     	;# 
   758     0F26                     	;# 
   759     0F27                     	;# 
   760     0F28                     	;# 
   761     0F29                     	;# 
   762     0F2A                     	;# 
   763     0F2B                     	;# 
   764     0F2C                     	;# 
   765     0F2D                     	;# 
   766     0F2E                     	;# 
   767     0F2F                     	;# 
   768     0F30                     	;# 
   769     0F31                     	;# 
   770     0F32                     	;# 
   771     0F33                     	;# 
   772     0F34                     	;# 
   773     0F35                     	;# 
   774     0F36                     	;# 
   775     0F37                     	;# 
   776     0FE4                     	;# 
   777     0FE5                     	;# 
   778     0FE6                     	;# 
   779     0FE7                     	;# 
   780     0FE8                     	;# 
   781     0FE9                     	;# 
   782     0FEA                     	;# 
   783     0FEB                     	;# 
   784     0FED                     	;# 
   785     0FEE                     	;# 
   786     0FEF                     	;# 
   787     0000                     	;# 
   788     0001                     	;# 
   789     0002                     	;# 
   790     0003                     	;# 
   791     0004                     	;# 
   792     0005                     	;# 
   793     0006                     	;# 
   794     0007                     	;# 
   795     0008                     	;# 
   796     0009                     	;# 
   797     000A                     	;# 
   798     000B                     	;# 
   799     000C                     	;# 
   800     000D                     	;# 
   801     000E                     	;# 
   802     0010                     	;# 
   803     0011                     	;# 
   804     0012                     	;# 
   805     0013                     	;# 
   806     0014                     	;# 
   807     0015                     	;# 
   808     0015                     	;# 
   809     0016                     	;# 
   810     0016                     	;# 
   811     0017                     	;# 
   812     0018                     	;# 
   813     0019                     	;# 
   814     0019                     	;# 
   815     001A                     	;# 
   816     001B                     	;# 
   817     001C                     	;# 
   818     001D                     	;# 
   819     001E                     	;# 
   820     001F                     	;# 
   821     008C                     	;# 
   822     008D                     	;# 
   823     008E                     	;# 
   824     0090                     	;# 
   825     0091                     	;# 
   826     0092                     	;# 
   827     0093                     	;# 
   828     0094                     	;# 
   829     0097                     	;# 
   830     009B                     	;# 
   831     009B                     	;# 
   832     009C                     	;# 
   833     009D                     	;# 
   834     009E                     	;# 
   835     009F                     	;# 
   836     010C                     	;# 
   837     010D                     	;# 
   838     010E                     	;# 
   839     0111                     	;# 
   840     0112                     	;# 
   841     0113                     	;# 
   842     0114                     	;# 
   843     0115                     	;# 
   844     0116                     	;# 
   845     0117                     	;# 
   846     0118                     	;# 
   847     0119                     	;# 
   848     018C                     	;# 
   849     018D                     	;# 
   850     018E                     	;# 
   851     0197                     	;# 
   852     0199                     	;# 
   853     0199                     	;# 
   854     0199                     	;# 
   855     019A                     	;# 
   856     019A                     	;# 
   857     019A                     	;# 
   858     019B                     	;# 
   859     019B                     	;# 
   860     019B                     	;# 
   861     019B                     	;# 
   862     019B                     	;# 
   863     019C                     	;# 
   864     019C                     	;# 
   865     019C                     	;# 
   866     019D                     	;# 
   867     019D                     	;# 
   868     019D                     	;# 
   869     019E                     	;# 
   870     019E                     	;# 
   871     019E                     	;# 
   872     019F                     	;# 
   873     019F                     	;# 
   874     019F                     	;# 
   875     019F                     	;# 
   876     019F                     	;# 
   877     020C                     	;# 
   878     020D                     	;# 
   879     020E                     	;# 
   880     0211                     	;# 
   881     0211                     	;# 
   882     0212                     	;# 
   883     0212                     	;# 
   884     0213                     	;# 
   885     0213                     	;# 
   886     0214                     	;# 
   887     0214                     	;# 
   888     0215                     	;# 
   889     0215                     	;# 
   890     0215                     	;# 
   891     0215                     	;# 
   892     0216                     	;# 
   893     0216                     	;# 
   894     0217                     	;# 
   895     0217                     	;# 
   896     028C                     	;# 
   897     028D                     	;# 
   898     028E                     	;# 
   899     0291                     	;# 
   900     0291                     	;# 
   901     0292                     	;# 
   902     0293                     	;# 
   903     0294                     	;# 
   904     0295                     	;# 
   905     0295                     	;# 
   906     0296                     	;# 
   907     0297                     	;# 
   908     0298                     	;# 
   909     029F                     	;# 
   910     030C                     	;# 
   911     030D                     	;# 
   912     030E                     	;# 
   913     0311                     	;# 
   914     0311                     	;# 
   915     0312                     	;# 
   916     0313                     	;# 
   917     0314                     	;# 
   918     0315                     	;# 
   919     0315                     	;# 
   920     0316                     	;# 
   921     0317                     	;# 
   922     0318                     	;# 
   923     038C                     	;# 
   924     038D                     	;# 
   925     038E                     	;# 
   926     0391                     	;# 
   927     0392                     	;# 
   928     0393                     	;# 
   929     0394                     	;# 
   930     0395                     	;# 
   931     0396                     	;# 
   932     0397                     	;# 
   933     0398                     	;# 
   934     0399                     	;# 
   935     039A                     	;# 
   936     039C                     	;# 
   937     039D                     	;# 
   938     039E                     	;# 
   939     039F                     	;# 
   940     0411                     	;# 
   941     0411                     	;# 
   942     0412                     	;# 
   943     0413                     	;# 
   944     0414                     	;# 
   945     0415                     	;# 
   946     0416                     	;# 
   947     0417                     	;# 
   948     0418                     	;# 
   949     0418                     	;# 
   950     0419                     	;# 
   951     041A                     	;# 
   952     041B                     	;# 
   953     041C                     	;# 
   954     041D                     	;# 
   955     041E                     	;# 
   956     041F                     	;# 
   957     0498                     	;# 
   958     0498                     	;# 
   959     0499                     	;# 
   960     049A                     	;# 
   961     049B                     	;# 
   962     049B                     	;# 
   963     049C                     	;# 
   964     049D                     	;# 
   965     049E                     	;# 
   966     049F                     	;# 
   967     0617                     	;# 
   968     0618                     	;# 
   969     0619                     	;# 
   970     0619                     	;# 
   971     061A                     	;# 
   972     061B                     	;# 
   973     061C                     	;# 
   974     061C                     	;# 
   975     061F                     	;# 
   976     0691                     	;# 
   977     0692                     	;# 
   978     0693                     	;# 
   979     0694                     	;# 
   980     0695                     	;# 
   981     0696                     	;# 
   982     0697                     	;# 
   983     0698                     	;# 
   984     0699                     	;# 
   985     0711                     	;# 
   986     0712                     	;# 
   987     0713                     	;# 
   988     0714                     	;# 
   989     0715                     	;# 
   990     0716                     	;# 
   991     0717                     	;# 
   992     0718                     	;# 
   993     0719                     	;# 
   994     0891                     	;# 
   995     0891                     	;# 
   996     0891                     	;# 
   997     0891                     	;# 
   998     0891                     	;# 
   999     0891                     	;# 
  1000     0892                     	;# 
  1001     0892                     	;# 
  1002     0892                     	;# 
  1003     0893                     	;# 
  1004     0893                     	;# 
  1005     0893                     	;# 
  1006     0893                     	;# 
  1007     0893                     	;# 
  1008     0893                     	;# 
  1009     0894                     	;# 
  1010     0894                     	;# 
  1011     0894                     	;# 
  1012     0895                     	;# 
  1013     0895                     	;# 
  1014     0895                     	;# 
  1015     0896                     	;# 
  1016     0896                     	;# 
  1017     0896                     	;# 
  1018     089B                     	;# 
  1019     0911                     	;# 
  1020     0912                     	;# 
  1021     0913                     	;# 
  1022     0914                     	;# 
  1023     0915                     	;# 
  1024     0916                     	;# 
  1025     0918                     	;# 
  1026     0919                     	;# 
  1027     091A                     	;# 
  1028     091B                     	;# 
  1029     091C                     	;# 
  1030     091D                     	;# 
  1031     091E                     	;# 
  1032     091F                     	;# 
  1033     0E0F                     	;# 
  1034     0E10                     	;# 
  1035     0E11                     	;# 
  1036     0E12                     	;# 
  1037     0E13                     	;# 
  1038     0E14                     	;# 
  1039     0E15                     	;# 
  1040     0E16                     	;# 
  1041     0E17                     	;# 
  1042     0E18                     	;# 
  1043     0E19                     	;# 
  1044     0E1A                     	;# 
  1045     0E1B                     	;# 
  1046     0E1C                     	;# 
  1047     0E20                     	;# 
  1048     0E21                     	;# 
  1049     0E22                     	;# 
  1050     0E24                     	;# 
  1051     0E25                     	;# 
  1052     0E28                     	;# 
  1053     0E29                     	;# 
  1054     0E2A                     	;# 
  1055     0E2B                     	;# 
  1056     0E2C                     	;# 
  1057     0E2D                     	;# 
  1058     0E2E                     	;# 
  1059     0E2F                     	;# 
  1060     0E90                     	;# 
  1061     0E91                     	;# 
  1062     0E92                     	;# 
  1063     0E94                     	;# 
  1064     0E95                     	;# 
  1065     0E9C                     	;# 
  1066     0E9D                     	;# 
  1067     0E9E                     	;# 
  1068     0E9F                     	;# 
  1069     0EA0                     	;# 
  1070     0EA1                     	;# 
  1071     0EA2                     	;# 
  1072     0EA3                     	;# 
  1073     0EA4                     	;# 
  1074     0EA5                     	;# 
  1075     0EA6                     	;# 
  1076     0EA7                     	;# 
  1077     0F0F                     	;# 
  1078     0F10                     	;# 
  1079     0F11                     	;# 
  1080     0F12                     	;# 
  1081     0F13                     	;# 
  1082     0F14                     	;# 
  1083     0F15                     	;# 
  1084     0F16                     	;# 
  1085     0F17                     	;# 
  1086     0F18                     	;# 
  1087     0F19                     	;# 
  1088     0F1A                     	;# 
  1089     0F1B                     	;# 
  1090     0F1C                     	;# 
  1091     0F1D                     	;# 
  1092     0F1E                     	;# 
  1093     0F1F                     	;# 
  1094     0F20                     	;# 
  1095     0F21                     	;# 
  1096     0F22                     	;# 
  1097     0F23                     	;# 
  1098     0F24                     	;# 
  1099     0F25                     	;# 
  1100     0F26                     	;# 
  1101     0F27                     	;# 
  1102     0F28                     	;# 
  1103     0F29                     	;# 
  1104     0F2A                     	;# 
  1105     0F2B                     	;# 
  1106     0F2C                     	;# 
  1107     0F2D                     	;# 
  1108     0F2E                     	;# 
  1109     0F2F                     	;# 
  1110     0F30                     	;# 
  1111     0F31                     	;# 
  1112     0F32                     	;# 
  1113     0F33                     	;# 
  1114     0F34                     	;# 
  1115     0F35                     	;# 
  1116     0F36                     	;# 
  1117     0F37                     	;# 
  1118     0FE4                     	;# 
  1119     0FE5                     	;# 
  1120     0FE6                     	;# 
  1121     0FE7                     	;# 
  1122     0FE8                     	;# 
  1123     0FE9                     	;# 
  1124     0FEA                     	;# 
  1125     0FEB                     	;# 
  1126     0FED                     	;# 
  1127     0FEE                     	;# 
  1128     0FEF                     	;# 
  1129     0000                     	;# 
  1130     0001                     	;# 
  1131     0002                     	;# 
  1132     0003                     	;# 
  1133     0004                     	;# 
  1134     0005                     	;# 
  1135     0006                     	;# 
  1136     0007                     	;# 
  1137     0008                     	;# 
  1138     0009                     	;# 
  1139     000A                     	;# 
  1140     000B                     	;# 
  1141     000C                     	;# 
  1142     000D                     	;# 
  1143     000E                     	;# 
  1144     0010                     	;# 
  1145     0011                     	;# 
  1146     0012                     	;# 
  1147     0013                     	;# 
  1148     0014                     	;# 
  1149     0015                     	;# 
  1150     0015                     	;# 
  1151     0016                     	;# 
  1152     0016                     	;# 
  1153     0017                     	;# 
  1154     0018                     	;# 
  1155     0019                     	;# 
  1156     0019                     	;# 
  1157     001A                     	;# 
  1158     001B                     	;# 
  1159     001C                     	;# 
  1160     001D                     	;# 
  1161     001E                     	;# 
  1162     001F                     	;# 
  1163     008C                     	;# 
  1164     008D                     	;# 
  1165     008E                     	;# 
  1166     0090                     	;# 
  1167     0091                     	;# 
  1168     0092                     	;# 
  1169     0093                     	;# 
  1170     0094                     	;# 
  1171     0097                     	;# 
  1172     009B                     	;# 
  1173     009B                     	;# 
  1174     009C                     	;# 
  1175     009D                     	;# 
  1176     009E                     	;# 
  1177     009F                     	;# 
  1178     010C                     	;# 
  1179     010D                     	;# 
  1180     010E                     	;# 
  1181     0111                     	;# 
  1182     0112                     	;# 
  1183     0113                     	;# 
  1184     0114                     	;# 
  1185     0115                     	;# 
  1186     0116                     	;# 
  1187     0117                     	;# 
  1188     0118                     	;# 
  1189     0119                     	;# 
  1190     018C                     	;# 
  1191     018D                     	;# 
  1192     018E                     	;# 
  1193     0197                     	;# 
  1194     0199                     	;# 
  1195     0199                     	;# 
  1196     0199                     	;# 
  1197     019A                     	;# 
  1198     019A                     	;# 
  1199     019A                     	;# 
  1200     019B                     	;# 
  1201     019B                     	;# 
  1202     019B                     	;# 
  1203     019B                     	;# 
  1204     019B                     	;# 
  1205     019C                     	;# 
  1206     019C                     	;# 
  1207     019C                     	;# 
  1208     019D                     	;# 
  1209     019D                     	;# 
  1210     019D                     	;# 
  1211     019E                     	;# 
  1212     019E                     	;# 
  1213     019E                     	;# 
  1214     019F                     	;# 
  1215     019F                     	;# 
  1216     019F                     	;# 
  1217     019F                     	;# 
  1218     019F                     	;# 
  1219     020C                     	;# 
  1220     020D                     	;# 
  1221     020E                     	;# 
  1222     0211                     	;# 
  1223     0211                     	;# 
  1224     0212                     	;# 
  1225     0212                     	;# 
  1226     0213                     	;# 
  1227     0213                     	;# 
  1228     0214                     	;# 
  1229     0214                     	;# 
  1230     0215                     	;# 
  1231     0215                     	;# 
  1232     0215                     	;# 
  1233     0215                     	;# 
  1234     0216                     	;# 
  1235     0216                     	;# 
  1236     0217                     	;# 
  1237     0217                     	;# 
  1238     028C                     	;# 
  1239     028D                     	;# 
  1240     028E                     	;# 
  1241     0291                     	;# 
  1242     0291                     	;# 
  1243     0292                     	;# 
  1244     0293                     	;# 
  1245     0294                     	;# 
  1246     0295                     	;# 
  1247     0295                     	;# 
  1248     0296                     	;# 
  1249     0297                     	;# 
  1250     0298                     	;# 
  1251     029F                     	;# 
  1252     030C                     	;# 
  1253     030D                     	;# 
  1254     030E                     	;# 
  1255     0311                     	;# 
  1256     0311                     	;# 
  1257     0312                     	;# 
  1258     0313                     	;# 
  1259     0314                     	;# 
  1260     0315                     	;# 
  1261     0315                     	;# 
  1262     0316                     	;# 
  1263     0317                     	;# 
  1264     0318                     	;# 
  1265     038C                     	;# 
  1266     038D                     	;# 
  1267     038E                     	;# 
  1268     0391                     	;# 
  1269     0392                     	;# 
  1270     0393                     	;# 
  1271     0394                     	;# 
  1272     0395                     	;# 
  1273     0396                     	;# 
  1274     0397                     	;# 
  1275     0398                     	;# 
  1276     0399                     	;# 
  1277     039A                     	;# 
  1278     039C                     	;# 
  1279     039D                     	;# 
  1280     039E                     	;# 
  1281     039F                     	;# 
  1282     0411                     	;# 
  1283     0411                     	;# 
  1284     0412                     	;# 
  1285     0413                     	;# 
  1286     0414                     	;# 
  1287     0415                     	;# 
  1288     0416                     	;# 
  1289     0417                     	;# 
  1290     0418                     	;# 
  1291     0418                     	;# 
  1292     0419                     	;# 
  1293     041A                     	;# 
  1294     041B                     	;# 
  1295     041C                     	;# 
  1296     041D                     	;# 
  1297     041E                     	;# 
  1298     041F                     	;# 
  1299     0498                     	;# 
  1300     0498                     	;# 
  1301     0499                     	;# 
  1302     049A                     	;# 
  1303     049B                     	;# 
  1304     049B                     	;# 
  1305     049C                     	;# 
  1306     049D                     	;# 
  1307     049E                     	;# 
  1308     049F                     	;# 
  1309     0617                     	;# 
  1310     0618                     	;# 
  1311     0619                     	;# 
  1312     0619                     	;# 
  1313     061A                     	;# 
  1314     061B                     	;# 
  1315     061C                     	;# 
  1316     061C                     	;# 
  1317     061F                     	;# 
  1318     0691                     	;# 
  1319     0692                     	;# 
  1320     0693                     	;# 
  1321     0694                     	;# 
  1322     0695                     	;# 
  1323     0696                     	;# 
  1324     0697                     	;# 
  1325     0698                     	;# 
  1326     0699                     	;# 
  1327     0711                     	;# 
  1328     0712                     	;# 
  1329     0713                     	;# 
  1330     0714                     	;# 
  1331     0715                     	;# 
  1332     0716                     	;# 
  1333     0717                     	;# 
  1334     0718                     	;# 
  1335     0719                     	;# 
  1336     0891                     	;# 
  1337     0891                     	;# 
  1338     0891                     	;# 
  1339     0891                     	;# 
  1340     0891                     	;# 
  1341     0891                     	;# 
  1342     0892                     	;# 
  1343     0892                     	;# 
  1344     0892                     	;# 
  1345     0893                     	;# 
  1346     0893                     	;# 
  1347     0893                     	;# 
  1348     0893                     	;# 
  1349     0893                     	;# 
  1350     0893                     	;# 
  1351     0894                     	;# 
  1352     0894                     	;# 
  1353     0894                     	;# 
  1354     0895                     	;# 
  1355     0895                     	;# 
  1356     0895                     	;# 
  1357     0896                     	;# 
  1358     0896                     	;# 
  1359     0896                     	;# 
  1360     089B                     	;# 
  1361     0911                     	;# 
  1362     0912                     	;# 
  1363     0913                     	;# 
  1364     0914                     	;# 
  1365     0915                     	;# 
  1366     0916                     	;# 
  1367     0918                     	;# 
  1368     0919                     	;# 
  1369     091A                     	;# 
  1370     091B                     	;# 
  1371     091C                     	;# 
  1372     091D                     	;# 
  1373     091E                     	;# 
  1374     091F                     	;# 
  1375     0E0F                     	;# 
  1376     0E10                     	;# 
  1377     0E11                     	;# 
  1378     0E12                     	;# 
  1379     0E13                     	;# 
  1380     0E14                     	;# 
  1381     0E15                     	;# 
  1382     0E16                     	;# 
  1383     0E17                     	;# 
  1384     0E18                     	;# 
  1385     0E19                     	;# 
  1386     0E1A                     	;# 
  1387     0E1B                     	;# 
  1388     0E1C                     	;# 
  1389     0E20                     	;# 
  1390     0E21                     	;# 
  1391     0E22                     	;# 
  1392     0E24                     	;# 
  1393     0E25                     	;# 
  1394     0E28                     	;# 
  1395     0E29                     	;# 
  1396     0E2A                     	;# 
  1397     0E2B                     	;# 
  1398     0E2C                     	;# 
  1399     0E2D                     	;# 
  1400     0E2E                     	;# 
  1401     0E2F                     	;# 
  1402     0E90                     	;# 
  1403     0E91                     	;# 
  1404     0E92                     	;# 
  1405     0E94                     	;# 
  1406     0E95                     	;# 
  1407     0E9C                     	;# 
  1408     0E9D                     	;# 
  1409     0E9E                     	;# 
  1410     0E9F                     	;# 
  1411     0EA0                     	;# 
  1412     0EA1                     	;# 
  1413     0EA2                     	;# 
  1414     0EA3                     	;# 
  1415     0EA4                     	;# 
  1416     0EA5                     	;# 
  1417     0EA6                     	;# 
  1418     0EA7                     	;# 
  1419     0F0F                     	;# 
  1420     0F10                     	;# 
  1421     0F11                     	;# 
  1422     0F12                     	;# 
  1423     0F13                     	;# 
  1424     0F14                     	;# 
  1425     0F15                     	;# 
  1426     0F16                     	;# 
  1427     0F17                     	;# 
  1428     0F18                     	;# 
  1429     0F19                     	;# 
  1430     0F1A                     	;# 
  1431     0F1B                     	;# 
  1432     0F1C                     	;# 
  1433     0F1D                     	;# 
  1434     0F1E                     	;# 
  1435     0F1F                     	;# 
  1436     0F20                     	;# 
  1437     0F21                     	;# 
  1438     0F22                     	;# 
  1439     0F23                     	;# 
  1440     0F24                     	;# 
  1441     0F25                     	;# 
  1442     0F26                     	;# 
  1443     0F27                     	;# 
  1444     0F28                     	;# 
  1445     0F29                     	;# 
  1446     0F2A                     	;# 
  1447     0F2B                     	;# 
  1448     0F2C                     	;# 
  1449     0F2D                     	;# 
  1450     0F2E                     	;# 
  1451     0F2F                     	;# 
  1452     0F30                     	;# 
  1453     0F31                     	;# 
  1454     0F32                     	;# 
  1455     0F33                     	;# 
  1456     0F34                     	;# 
  1457     0F35                     	;# 
  1458     0F36                     	;# 
  1459     0F37                     	;# 
  1460     0FE4                     	;# 
  1461     0FE5                     	;# 
  1462     0FE6                     	;# 
  1463     0FE7                     	;# 
  1464     0FE8                     	;# 
  1465     0FE9                     	;# 
  1466     0FEA                     	;# 
  1467     0FEB                     	;# 
  1468     0FED                     	;# 
  1469     0FEE                     	;# 
  1470     0FEF                     	;# 
  1471     0000                     	;# 
  1472     0001                     	;# 
  1473     0002                     	;# 
  1474     0003                     	;# 
  1475     0004                     	;# 
  1476     0005                     	;# 
  1477     0006                     	;# 
  1478     0007                     	;# 
  1479     0008                     	;# 
  1480     0009                     	;# 
  1481     000A                     	;# 
  1482     000B                     	;# 
  1483     000C                     	;# 
  1484     000D                     	;# 
  1485     000E                     	;# 
  1486     0010                     	;# 
  1487     0011                     	;# 
  1488     0012                     	;# 
  1489     0013                     	;# 
  1490     0014                     	;# 
  1491     0015                     	;# 
  1492     0015                     	;# 
  1493     0016                     	;# 
  1494     0016                     	;# 
  1495     0017                     	;# 
  1496     0018                     	;# 
  1497     0019                     	;# 
  1498     0019                     	;# 
  1499     001A                     	;# 
  1500     001B                     	;# 
  1501     001C                     	;# 
  1502     001D                     	;# 
  1503     001E                     	;# 
  1504     001F                     	;# 
  1505     008C                     	;# 
  1506     008D                     	;# 
  1507     008E                     	;# 
  1508     0090                     	;# 
  1509     0091                     	;# 
  1510     0092                     	;# 
  1511     0093                     	;# 
  1512     0094                     	;# 
  1513     0097                     	;# 
  1514     009B                     	;# 
  1515     009B                     	;# 
  1516     009C                     	;# 
  1517     009D                     	;# 
  1518     009E                     	;# 
  1519     009F                     	;# 
  1520     010C                     	;# 
  1521     010D                     	;# 
  1522     010E                     	;# 
  1523     0111                     	;# 
  1524     0112                     	;# 
  1525     0113                     	;# 
  1526     0114                     	;# 
  1527     0115                     	;# 
  1528     0116                     	;# 
  1529     0117                     	;# 
  1530     0118                     	;# 
  1531     0119                     	;# 
  1532     018C                     	;# 
  1533     018D                     	;# 
  1534     018E                     	;# 
  1535     0197                     	;# 
  1536     0199                     	;# 
  1537     0199                     	;# 
  1538     0199                     	;# 
  1539     019A                     	;# 
  1540     019A                     	;# 
  1541     019A                     	;# 
  1542     019B                     	;# 
  1543     019B                     	;# 
  1544     019B                     	;# 
  1545     019B                     	;# 
  1546     019B                     	;# 
  1547     019C                     	;# 
  1548     019C                     	;# 
  1549     019C                     	;# 
  1550     019D                     	;# 
  1551     019D                     	;# 
  1552     019D                     	;# 
  1553     019E                     	;# 
  1554     019E                     	;# 
  1555     019E                     	;# 
  1556     019F                     	;# 
  1557     019F                     	;# 
  1558     019F                     	;# 
  1559     019F                     	;# 
  1560     019F                     	;# 
  1561     020C                     	;# 
  1562     020D                     	;# 
  1563     020E                     	;# 
  1564     0211                     	;# 
  1565     0211                     	;# 
  1566     0212                     	;# 
  1567     0212                     	;# 
  1568     0213                     	;# 
  1569     0213                     	;# 
  1570     0214                     	;# 
  1571     0214                     	;# 
  1572     0215                     	;# 
  1573     0215                     	;# 
  1574     0215                     	;# 
  1575     0215                     	;# 
  1576     0216                     	;# 
  1577     0216                     	;# 
  1578     0217                     	;# 
  1579     0217                     	;# 
  1580     028C                     	;# 
  1581     028D                     	;# 
  1582     028E                     	;# 
  1583     0291                     	;# 
  1584     0291                     	;# 
  1585     0292                     	;# 
  1586     0293                     	;# 
  1587     0294                     	;# 
  1588     0295                     	;# 
  1589     0295                     	;# 
  1590     0296                     	;# 
  1591     0297                     	;# 
  1592     0298                     	;# 
  1593     029F                     	;# 
  1594     030C                     	;# 
  1595     030D                     	;# 
  1596     030E                     	;# 
  1597     0311                     	;# 
  1598     0311                     	;# 
  1599     0312                     	;# 
  1600     0313                     	;# 
  1601     0314                     	;# 
  1602     0315                     	;# 
  1603     0315                     	;# 
  1604     0316                     	;# 
  1605     0317                     	;# 
  1606     0318                     	;# 
  1607     038C                     	;# 
  1608     038D                     	;# 
  1609     038E                     	;# 
  1610     0391                     	;# 
  1611     0392                     	;# 
  1612     0393                     	;# 
  1613     0394                     	;# 
  1614     0395                     	;# 
  1615     0396                     	;# 
  1616     0397                     	;# 
  1617     0398                     	;# 
  1618     0399                     	;# 
  1619     039A                     	;# 
  1620     039C                     	;# 
  1621     039D                     	;# 
  1622     039E                     	;# 
  1623     039F                     	;# 
  1624     0411                     	;# 
  1625     0411                     	;# 
  1626     0412                     	;# 
  1627     0413                     	;# 
  1628     0414                     	;# 
  1629     0415                     	;# 
  1630     0416                     	;# 
  1631     0417                     	;# 
  1632     0418                     	;# 
  1633     0418                     	;# 
  1634     0419                     	;# 
  1635     041A                     	;# 
  1636     041B                     	;# 
  1637     041C                     	;# 
  1638     041D                     	;# 
  1639     041E                     	;# 
  1640     041F                     	;# 
  1641     0498                     	;# 
  1642     0498                     	;# 
  1643     0499                     	;# 
  1644     049A                     	;# 
  1645     049B                     	;# 
  1646     049B                     	;# 
  1647     049C                     	;# 
  1648     049D                     	;# 
  1649     049E                     	;# 
  1650     049F                     	;# 
  1651     0617                     	;# 
  1652     0618                     	;# 
  1653     0619                     	;# 
  1654     0619                     	;# 
  1655     061A                     	;# 
  1656     061B                     	;# 
  1657     061C                     	;# 
  1658     061C                     	;# 
  1659     061F                     	;# 
  1660     0691                     	;# 
  1661     0692                     	;# 
  1662     0693                     	;# 
  1663     0694                     	;# 
  1664     0695                     	;# 
  1665     0696                     	;# 
  1666     0697                     	;# 
  1667     0698                     	;# 
  1668     0699                     	;# 
  1669     0711                     	;# 
  1670     0712                     	;# 
  1671     0713                     	;# 
  1672     0714                     	;# 
  1673     0715                     	;# 
  1674     0716                     	;# 
  1675     0717                     	;# 
  1676     0718                     	;# 
  1677     0719                     	;# 
  1678     0891                     	;# 
  1679     0891                     	;# 
  1680     0891                     	;# 
  1681     0891                     	;# 
  1682     0891                     	;# 
  1683     0891                     	;# 
  1684     0892                     	;# 
  1685     0892                     	;# 
  1686     0892                     	;# 
  1687     0893                     	;# 
  1688     0893                     	;# 
  1689     0893                     	;# 
  1690     0893                     	;# 
  1691     0893                     	;# 
  1692     0893                     	;# 
  1693     0894                     	;# 
  1694     0894                     	;# 
  1695     0894                     	;# 
  1696     0895                     	;# 
  1697     0895                     	;# 
  1698     0895                     	;# 
  1699     0896                     	;# 
  1700     0896                     	;# 
  1701     0896                     	;# 
  1702     089B                     	;# 
  1703     0911                     	;# 
  1704     0912                     	;# 
  1705     0913                     	;# 
  1706     0914                     	;# 
  1707     0915                     	;# 
  1708     0916                     	;# 
  1709     0918                     	;# 
  1710     0919                     	;# 
  1711     091A                     	;# 
  1712     091B                     	;# 
  1713     091C                     	;# 
  1714     091D                     	;# 
  1715     091E                     	;# 
  1716     091F                     	;# 
  1717     0E0F                     	;# 
  1718     0E10                     	;# 
  1719     0E11                     	;# 
  1720     0E12                     	;# 
  1721     0E13                     	;# 
  1722     0E14                     	;# 
  1723     0E15                     	;# 
  1724     0E16                     	;# 
  1725     0E17                     	;# 
  1726     0E18                     	;# 
  1727     0E19                     	;# 
  1728     0E1A                     	;# 
  1729     0E1B                     	;# 
  1730     0E1C                     	;# 
  1731     0E20                     	;# 
  1732     0E21                     	;# 
  1733     0E22                     	;# 
  1734     0E24                     	;# 
  1735     0E25                     	;# 
  1736     0E28                     	;# 
  1737     0E29                     	;# 
  1738     0E2A                     	;# 
  1739     0E2B                     	;# 
  1740     0E2C                     	;# 
  1741     0E2D                     	;# 
  1742     0E2E                     	;# 
  1743     0E2F                     	;# 
  1744     0E90                     	;# 
  1745     0E91                     	;# 
  1746     0E92                     	;# 
  1747     0E94                     	;# 
  1748     0E95                     	;# 
  1749     0E9C                     	;# 
  1750     0E9D                     	;# 
  1751     0E9E                     	;# 
  1752     0E9F                     	;# 
  1753     0EA0                     	;# 
  1754     0EA1                     	;# 
  1755     0EA2                     	;# 
  1756     0EA3                     	;# 
  1757     0EA4                     	;# 
  1758     0EA5                     	;# 
  1759     0EA6                     	;# 
  1760     0EA7                     	;# 
  1761     0F0F                     	;# 
  1762     0F10                     	;# 
  1763     0F11                     	;# 
  1764     0F12                     	;# 
  1765     0F13                     	;# 
  1766     0F14                     	;# 
  1767     0F15                     	;# 
  1768     0F16                     	;# 
  1769     0F17                     	;# 
  1770     0F18                     	;# 
  1771     0F19                     	;# 
  1772     0F1A                     	;# 
  1773     0F1B                     	;# 
  1774     0F1C                     	;# 
  1775     0F1D                     	;# 
  1776     0F1E                     	;# 
  1777     0F1F                     	;# 
  1778     0F20                     	;# 
  1779     0F21                     	;# 
  1780     0F22                     	;# 
  1781     0F23                     	;# 
  1782     0F24                     	;# 
  1783     0F25                     	;# 
  1784     0F26                     	;# 
  1785     0F27                     	;# 
  1786     0F28                     	;# 
  1787     0F29                     	;# 
  1788     0F2A                     	;# 
  1789     0F2B                     	;# 
  1790     0F2C                     	;# 
  1791     0F2D                     	;# 
  1792     0F2E                     	;# 
  1793     0F2F                     	;# 
  1794     0F30                     	;# 
  1795     0F31                     	;# 
  1796     0F32                     	;# 
  1797     0F33                     	;# 
  1798     0F34                     	;# 
  1799     0F35                     	;# 
  1800     0F36                     	;# 
  1801     0F37                     	;# 
  1802     0FE4                     	;# 
  1803     0FE5                     	;# 
  1804     0FE6                     	;# 
  1805     0FE7                     	;# 
  1806     0FE8                     	;# 
  1807     0FE9                     	;# 
  1808     0FEA                     	;# 
  1809     0FEB                     	;# 
  1810     0FED                     	;# 
  1811     0FEE                     	;# 
  1812     0FEF                     	;# 
  1813     0000                     	;# 
  1814     0001                     	;# 
  1815     0002                     	;# 
  1816     0003                     	;# 
  1817     0004                     	;# 
  1818     0005                     	;# 
  1819     0006                     	;# 
  1820     0007                     	;# 
  1821     0008                     	;# 
  1822     0009                     	;# 
  1823     000A                     	;# 
  1824     000B                     	;# 
  1825     000C                     	;# 
  1826     000D                     	;# 
  1827     000E                     	;# 
  1828     0010                     	;# 
  1829     0011                     	;# 
  1830     0012                     	;# 
  1831     0013                     	;# 
  1832     0014                     	;# 
  1833     0015                     	;# 
  1834     0015                     	;# 
  1835     0016                     	;# 
  1836     0016                     	;# 
  1837     0017                     	;# 
  1838     0018                     	;# 
  1839     0019                     	;# 
  1840     0019                     	;# 
  1841     001A                     	;# 
  1842     001B                     	;# 
  1843     001C                     	;# 
  1844     001D                     	;# 
  1845     001E                     	;# 
  1846     001F                     	;# 
  1847     008C                     	;# 
  1848     008D                     	;# 
  1849     008E                     	;# 
  1850     0090                     	;# 
  1851     0091                     	;# 
  1852     0092                     	;# 
  1853     0093                     	;# 
  1854     0094                     	;# 
  1855     0097                     	;# 
  1856     009B                     	;# 
  1857     009B                     	;# 
  1858     009C                     	;# 
  1859     009D                     	;# 
  1860     009E                     	;# 
  1861     009F                     	;# 
  1862     010C                     	;# 
  1863     010D                     	;# 
  1864     010E                     	;# 
  1865     0111                     	;# 
  1866     0112                     	;# 
  1867     0113                     	;# 
  1868     0114                     	;# 
  1869     0115                     	;# 
  1870     0116                     	;# 
  1871     0117                     	;# 
  1872     0118                     	;# 
  1873     0119                     	;# 
  1874     018C                     	;# 
  1875     018D                     	;# 
  1876     018E                     	;# 
  1877     0197                     	;# 
  1878     0199                     	;# 
  1879     0199                     	;# 
  1880     0199                     	;# 
  1881     019A                     	;# 
  1882     019A                     	;# 
  1883     019A                     	;# 
  1884     019B                     	;# 
  1885     019B                     	;# 
  1886     019B                     	;# 
  1887     019B                     	;# 
  1888     019B                     	;# 
  1889     019C                     	;# 
  1890     019C                     	;# 
  1891     019C                     	;# 
  1892     019D                     	;# 
  1893     019D                     	;# 
  1894     019D                     	;# 
  1895     019E                     	;# 
  1896     019E                     	;# 
  1897     019E                     	;# 
  1898     019F                     	;# 
  1899     019F                     	;# 
  1900     019F                     	;# 
  1901     019F                     	;# 
  1902     019F                     	;# 
  1903     020C                     	;# 
  1904     020D                     	;# 
  1905     020E                     	;# 
  1906     0211                     	;# 
  1907     0211                     	;# 
  1908     0212                     	;# 
  1909     0212                     	;# 
  1910     0213                     	;# 
  1911     0213                     	;# 
  1912     0214                     	;# 
  1913     0214                     	;# 
  1914     0215                     	;# 
  1915     0215                     	;# 
  1916     0215                     	;# 
  1917     0215                     	;# 
  1918     0216                     	;# 
  1919     0216                     	;# 
  1920     0217                     	;# 
  1921     0217                     	;# 
  1922     028C                     	;# 
  1923     028D                     	;# 
  1924     028E                     	;# 
  1925     0291                     	;# 
  1926     0291                     	;# 
  1927     0292                     	;# 
  1928     0293                     	;# 
  1929     0294                     	;# 
  1930     0295                     	;# 
  1931     0295                     	;# 
  1932     0296                     	;# 
  1933     0297                     	;# 
  1934     0298                     	;# 
  1935     029F                     	;# 
  1936     030C                     	;# 
  1937     030D                     	;# 
  1938     030E                     	;# 
  1939     0311                     	;# 
  1940     0311                     	;# 
  1941     0312                     	;# 
  1942     0313                     	;# 
  1943     0314                     	;# 
  1944     0315                     	;# 
  1945     0315                     	;# 
  1946     0316                     	;# 
  1947     0317                     	;# 
  1948     0318                     	;# 
  1949     038C                     	;# 
  1950     038D                     	;# 
  1951     038E                     	;# 
  1952     0391                     	;# 
  1953     0392                     	;# 
  1954     0393                     	;# 
  1955     0394                     	;# 
  1956     0395                     	;# 
  1957     0396                     	;# 
  1958     0397                     	;# 
  1959     0398                     	;# 
  1960     0399                     	;# 
  1961     039A                     	;# 
  1962     039C                     	;# 
  1963     039D                     	;# 
  1964     039E                     	;# 
  1965     039F                     	;# 
  1966     0411                     	;# 
  1967     0411                     	;# 
  1968     0412                     	;# 
  1969     0413                     	;# 
  1970     0414                     	;# 
  1971     0415                     	;# 
  1972     0416                     	;# 
  1973     0417                     	;# 
  1974     0418                     	;# 
  1975     0418                     	;# 
  1976     0419                     	;# 
  1977     041A                     	;# 
  1978     041B                     	;# 
  1979     041C                     	;# 
  1980     041D                     	;# 
  1981     041E                     	;# 
  1982     041F                     	;# 
  1983     0498                     	;# 
  1984     0498                     	;# 
  1985     0499                     	;# 
  1986     049A                     	;# 
  1987     049B                     	;# 
  1988     049B                     	;# 
  1989     049C                     	;# 
  1990     049D                     	;# 
  1991     049E                     	;# 
  1992     049F                     	;# 
  1993     0617                     	;# 
  1994     0618                     	;# 
  1995     0619                     	;# 
  1996     0619                     	;# 
  1997     061A                     	;# 
  1998     061B                     	;# 
  1999     061C                     	;# 
  2000     061C                     	;# 
  2001     061F                     	;# 
  2002     0691                     	;# 
  2003     0692                     	;# 
  2004     0693                     	;# 
  2005     0694                     	;# 
  2006     0695                     	;# 
  2007     0696                     	;# 
  2008     0697                     	;# 
  2009     0698                     	;# 
  2010     0699                     	;# 
  2011     0711                     	;# 
  2012     0712                     	;# 
  2013     0713                     	;# 
  2014     0714                     	;# 
  2015     0715                     	;# 
  2016     0716                     	;# 
  2017     0717                     	;# 
  2018     0718                     	;# 
  2019     0719                     	;# 
  2020     0891                     	;# 
  2021     0891                     	;# 
  2022     0891                     	;# 
  2023     0891                     	;# 
  2024     0891                     	;# 
  2025     0891                     	;# 
  2026     0892                     	;# 
  2027     0892                     	;# 
  2028     0892                     	;# 
  2029     0893                     	;# 
  2030     0893                     	;# 
  2031     0893                     	;# 
  2032     0893                     	;# 
  2033     0893                     	;# 
  2034     0893                     	;# 
  2035     0894                     	;# 
  2036     0894                     	;# 
  2037     0894                     	;# 
  2038     0895                     	;# 
  2039     0895                     	;# 
  2040     0895                     	;# 
  2041     0896                     	;# 
  2042     0896                     	;# 
  2043     0896                     	;# 
  2044     089B                     	;# 
  2045     0911                     	;# 
  2046     0912                     	;# 
  2047     0913                     	;# 
  2048     0914                     	;# 
  2049     0915                     	;# 
  2050     0916                     	;# 
  2051     0918                     	;# 
  2052     0919                     	;# 
  2053     091A                     	;# 
  2054     091B                     	;# 
  2055     091C                     	;# 
  2056     091D                     	;# 
  2057     091E                     	;# 
  2058     091F                     	;# 
  2059     0E0F                     	;# 
  2060     0E10                     	;# 
  2061     0E11                     	;# 
  2062     0E12                     	;# 
  2063     0E13                     	;# 
  2064     0E14                     	;# 
  2065     0E15                     	;# 
  2066     0E16                     	;# 
  2067     0E17                     	;# 
  2068     0E18                     	;# 
  2069     0E19                     	;# 
  2070     0E1A                     	;# 
  2071     0E1B                     	;# 
  2072     0E1C                     	;# 
  2073     0E20                     	;# 
  2074     0E21                     	;# 
  2075     0E22                     	;# 
  2076     0E24                     	;# 
  2077     0E25                     	;# 
  2078     0E28                     	;# 
  2079     0E29                     	;# 
  2080     0E2A                     	;# 
  2081     0E2B                     	;# 
  2082     0E2C                     	;# 
  2083     0E2D                     	;# 
  2084     0E2E                     	;# 
  2085     0E2F                     	;# 
  2086     0E90                     	;# 
  2087     0E91                     	;# 
  2088     0E92                     	;# 
  2089     0E94                     	;# 
  2090     0E95                     	;# 
  2091     0E9C                     	;# 
  2092     0E9D                     	;# 
  2093     0E9E                     	;# 
  2094     0E9F                     	;# 
  2095     0EA0                     	;# 
  2096     0EA1                     	;# 
  2097     0EA2                     	;# 
  2098     0EA3                     	;# 
  2099     0EA4                     	;# 
  2100     0EA5                     	;# 
  2101     0EA6                     	;# 
  2102     0EA7                     	;# 
  2103     0F0F                     	;# 
  2104     0F10                     	;# 
  2105     0F11                     	;# 
  2106     0F12                     	;# 
  2107     0F13                     	;# 
  2108     0F14                     	;# 
  2109     0F15                     	;# 
  2110     0F16                     	;# 
  2111     0F17                     	;# 
  2112     0F18                     	;# 
  2113     0F19                     	;# 
  2114     0F1A                     	;# 
  2115     0F1B                     	;# 
  2116     0F1C                     	;# 
  2117     0F1D                     	;# 
  2118     0F1E                     	;# 
  2119     0F1F                     	;# 
  2120     0F20                     	;# 
  2121     0F21                     	;# 
  2122     0F22                     	;# 
  2123     0F23                     	;# 
  2124     0F24                     	;# 
  2125     0F25                     	;# 
  2126     0F26                     	;# 
  2127     0F27                     	;# 
  2128     0F28                     	;# 
  2129     0F29                     	;# 
  2130     0F2A                     	;# 
  2131     0F2B                     	;# 
  2132     0F2C                     	;# 
  2133     0F2D                     	;# 
  2134     0F2E                     	;# 
  2135     0F2F                     	;# 
  2136     0F30                     	;# 
  2137     0F31                     	;# 
  2138     0F32                     	;# 
  2139     0F33                     	;# 
  2140     0F34                     	;# 
  2141     0F35                     	;# 
  2142     0F36                     	;# 
  2143     0F37                     	;# 
  2144     0FE4                     	;# 
  2145     0FE5                     	;# 
  2146     0FE6                     	;# 
  2147     0FE7                     	;# 
  2148     0FE8                     	;# 
  2149     0FE9                     	;# 
  2150     0FEA                     	;# 
  2151     0FEB                     	;# 
  2152     0FED                     	;# 
  2153     0FEE                     	;# 
  2154     0FEF                     	;# 
  2155     0000                     	;# 
  2156     0001                     	;# 
  2157     0002                     	;# 
  2158     0003                     	;# 
  2159     0004                     	;# 
  2160     0005                     	;# 
  2161     0006                     	;# 
  2162     0007                     	;# 
  2163     0008                     	;# 
  2164     0009                     	;# 
  2165     000A                     	;# 
  2166     000B                     	;# 
  2167     000C                     	;# 
  2168     000D                     	;# 
  2169     000E                     	;# 
  2170     0010                     	;# 
  2171     0011                     	;# 
  2172     0012                     	;# 
  2173     0013                     	;# 
  2174     0014                     	;# 
  2175     0015                     	;# 
  2176     0015                     	;# 
  2177     0016                     	;# 
  2178     0016                     	;# 
  2179     0017                     	;# 
  2180     0018                     	;# 
  2181     0019                     	;# 
  2182     0019                     	;# 
  2183     001A                     	;# 
  2184     001B                     	;# 
  2185     001C                     	;# 
  2186     001D                     	;# 
  2187     001E                     	;# 
  2188     001F                     	;# 
  2189     008C                     	;# 
  2190     008D                     	;# 
  2191     008E                     	;# 
  2192     0090                     	;# 
  2193     0091                     	;# 
  2194     0092                     	;# 
  2195     0093                     	;# 
  2196     0094                     	;# 
  2197     0097                     	;# 
  2198     009B                     	;# 
  2199     009B                     	;# 
  2200     009C                     	;# 
  2201     009D                     	;# 
  2202     009E                     	;# 
  2203     009F                     	;# 
  2204     010C                     	;# 
  2205     010D                     	;# 
  2206     010E                     	;# 
  2207     0111                     	;# 
  2208     0112                     	;# 
  2209     0113                     	;# 
  2210     0114                     	;# 
  2211     0115                     	;# 
  2212     0116                     	;# 
  2213     0117                     	;# 
  2214     0118                     	;# 
  2215     0119                     	;# 
  2216     018C                     	;# 
  2217     018D                     	;# 
  2218     018E                     	;# 
  2219     0197                     	;# 
  2220     0199                     	;# 
  2221     0199                     	;# 
  2222     0199                     	;# 
  2223     019A                     	;# 
  2224     019A                     	;# 
  2225     019A                     	;# 
  2226     019B                     	;# 
  2227     019B                     	;# 
  2228     019B                     	;# 
  2229     019B                     	;# 
  2230     019B                     	;# 
  2231     019C                     	;# 
  2232     019C                     	;# 
  2233     019C                     	;# 
  2234     019D                     	;# 
  2235     019D                     	;# 
  2236     019D                     	;# 
  2237     019E                     	;# 
  2238     019E                     	;# 
  2239     019E                     	;# 
  2240     019F                     	;# 
  2241     019F                     	;# 
  2242     019F                     	;# 
  2243     019F                     	;# 
  2244     019F                     	;# 
  2245     020C                     	;# 
  2246     020D                     	;# 
  2247     020E                     	;# 
  2248     0211                     	;# 
  2249     0211                     	;# 
  2250     0212                     	;# 
  2251     0212                     	;# 
  2252     0213                     	;# 
  2253     0213                     	;# 
  2254     0214                     	;# 
  2255     0214                     	;# 
  2256     0215                     	;# 
  2257     0215                     	;# 
  2258     0215                     	;# 
  2259     0215                     	;# 
  2260     0216                     	;# 
  2261     0216                     	;# 
  2262     0217                     	;# 
  2263     0217                     	;# 
  2264     028C                     	;# 
  2265     028D                     	;# 
  2266     028E                     	;# 
  2267     0291                     	;# 
  2268     0291                     	;# 
  2269     0292                     	;# 
  2270     0293                     	;# 
  2271     0294                     	;# 
  2272     0295                     	;# 
  2273     0295                     	;# 
  2274     0296                     	;# 
  2275     0297                     	;# 
  2276     0298                     	;# 
  2277     029F                     	;# 
  2278     030C                     	;# 
  2279     030D                     	;# 
  2280     030E                     	;# 
  2281     0311                     	;# 
  2282     0311                     	;# 
  2283     0312                     	;# 
  2284     0313                     	;# 
  2285     0314                     	;# 
  2286     0315                     	;# 
  2287     0315                     	;# 
  2288     0316                     	;# 
  2289     0317                     	;# 
  2290     0318                     	;# 
  2291     038C                     	;# 
  2292     038D                     	;# 
  2293     038E                     	;# 
  2294     0391                     	;# 
  2295     0392                     	;# 
  2296     0393                     	;# 
  2297     0394                     	;# 
  2298     0395                     	;# 
  2299     0396                     	;# 
  2300     0397                     	;# 
  2301     0398                     	;# 
  2302     0399                     	;# 
  2303     039A                     	;# 
  2304     039C                     	;# 
  2305     039D                     	;# 
  2306     039E                     	;# 
  2307     039F                     	;# 
  2308     0411                     	;# 
  2309     0411                     	;# 
  2310     0412                     	;# 
  2311     0413                     	;# 
  2312     0414                     	;# 
  2313     0415                     	;# 
  2314     0416                     	;# 
  2315     0417                     	;# 
  2316     0418                     	;# 
  2317     0418                     	;# 
  2318     0419                     	;# 
  2319     041A                     	;# 
  2320     041B                     	;# 
  2321     041C                     	;# 
  2322     041D                     	;# 
  2323     041E                     	;# 
  2324     041F                     	;# 
  2325     0498                     	;# 
  2326     0498                     	;# 
  2327     0499                     	;# 
  2328     049A                     	;# 
  2329     049B                     	;# 
  2330     049B                     	;# 
  2331     049C                     	;# 
  2332     049D                     	;# 
  2333     049E                     	;# 
  2334     049F                     	;# 
  2335     0617                     	;# 
  2336     0618                     	;# 
  2337     0619                     	;# 
  2338     0619                     	;# 
  2339     061A                     	;# 
  2340     061B                     	;# 
  2341     061C                     	;# 
  2342     061C                     	;# 
  2343     061F                     	;# 
  2344     0691                     	;# 
  2345     0692                     	;# 
  2346     0693                     	;# 
  2347     0694                     	;# 
  2348     0695                     	;# 
  2349     0696                     	;# 
  2350     0697                     	;# 
  2351     0698                     	;# 
  2352     0699                     	;# 
  2353     0711                     	;# 
  2354     0712                     	;# 
  2355     0713                     	;# 
  2356     0714                     	;# 
  2357     0715                     	;# 
  2358     0716                     	;# 
  2359     0717                     	;# 
  2360     0718                     	;# 
  2361     0719                     	;# 
  2362     0891                     	;# 
  2363     0891                     	;# 
  2364     0891                     	;# 
  2365     0891                     	;# 
  2366     0891                     	;# 
  2367     0891                     	;# 
  2368     0892                     	;# 
  2369     0892                     	;# 
  2370     0892                     	;# 
  2371     0893                     	;# 
  2372     0893                     	;# 
  2373     0893                     	;# 
  2374     0893                     	;# 
  2375     0893                     	;# 
  2376     0893                     	;# 
  2377     0894                     	;# 
  2378     0894                     	;# 
  2379     0894                     	;# 
  2380     0895                     	;# 
  2381     0895                     	;# 
  2382     0895                     	;# 
  2383     0896                     	;# 
  2384     0896                     	;# 
  2385     0896                     	;# 
  2386     089B                     	;# 
  2387     0911                     	;# 
  2388     0912                     	;# 
  2389     0913                     	;# 
  2390     0914                     	;# 
  2391     0915                     	;# 
  2392     0916                     	;# 
  2393     0918                     	;# 
  2394     0919                     	;# 
  2395     091A                     	;# 
  2396     091B                     	;# 
  2397     091C                     	;# 
  2398     091D                     	;# 
  2399     091E                     	;# 
  2400     091F                     	;# 
  2401     0E0F                     	;# 
  2402     0E10                     	;# 
  2403     0E11                     	;# 
  2404     0E12                     	;# 
  2405     0E13                     	;# 
  2406     0E14                     	;# 
  2407     0E15                     	;# 
  2408     0E16                     	;# 
  2409     0E17                     	;# 
  2410     0E18                     	;# 
  2411     0E19                     	;# 
  2412     0E1A                     	;# 
  2413     0E1B                     	;# 
  2414     0E1C                     	;# 
  2415     0E20                     	;# 
  2416     0E21                     	;# 
  2417     0E22                     	;# 
  2418     0E24                     	;# 
  2419     0E25                     	;# 
  2420     0E28                     	;# 
  2421     0E29                     	;# 
  2422     0E2A                     	;# 
  2423     0E2B                     	;# 
  2424     0E2C                     	;# 
  2425     0E2D                     	;# 
  2426     0E2E                     	;# 
  2427     0E2F                     	;# 
  2428     0E90                     	;# 
  2429     0E91                     	;# 
  2430     0E92                     	;# 
  2431     0E94                     	;# 
  2432     0E95                     	;# 
  2433     0E9C                     	;# 
  2434     0E9D                     	;# 
  2435     0E9E                     	;# 
  2436     0E9F                     	;# 
  2437     0EA0                     	;# 
  2438     0EA1                     	;# 
  2439     0EA2                     	;# 
  2440     0EA3                     	;# 
  2441     0EA4                     	;# 
  2442     0EA5                     	;# 
  2443     0EA6                     	;# 
  2444     0EA7                     	;# 
  2445     0F0F                     	;# 
  2446     0F10                     	;# 
  2447     0F11                     	;# 
  2448     0F12                     	;# 
  2449     0F13                     	;# 
  2450     0F14                     	;# 
  2451     0F15                     	;# 
  2452     0F16                     	;# 
  2453     0F17                     	;# 
  2454     0F18                     	;# 
  2455     0F19                     	;# 
  2456     0F1A                     	;# 
  2457     0F1B                     	;# 
  2458     0F1C                     	;# 
  2459     0F1D                     	;# 
  2460     0F1E                     	;# 
  2461     0F1F                     	;# 
  2462     0F20                     	;# 
  2463     0F21                     	;# 
  2464     0F22                     	;# 
  2465     0F23                     	;# 
  2466     0F24                     	;# 
  2467     0F25                     	;# 
  2468     0F26                     	;# 
  2469     0F27                     	;# 
  2470     0F28                     	;# 
  2471     0F29                     	;# 
  2472     0F2A                     	;# 
  2473     0F2B                     	;# 
  2474     0F2C                     	;# 
  2475     0F2D                     	;# 
  2476     0F2E                     	;# 
  2477     0F2F                     	;# 
  2478     0F30                     	;# 
  2479     0F31                     	;# 
  2480     0F32                     	;# 
  2481     0F33                     	;# 
  2482     0F34                     	;# 
  2483     0F35                     	;# 
  2484     0F36                     	;# 
  2485     0F37                     	;# 
  2486     0FE4                     	;# 
  2487     0FE5                     	;# 
  2488     0FE6                     	;# 
  2489     0FE7                     	;# 
  2490     0FE8                     	;# 
  2491     0FE9                     	;# 
  2492     0FEA                     	;# 
  2493     0FEB                     	;# 
  2494     0FED                     	;# 
  2495     0FEE                     	;# 
  2496     0FEF                     	;# 
  2497     0000                     	;# 
  2498     0001                     	;# 
  2499     0002                     	;# 
  2500     0003                     	;# 
  2501     0004                     	;# 
  2502     0005                     	;# 
  2503     0006                     	;# 
  2504     0007                     	;# 
  2505     0008                     	;# 
  2506     0009                     	;# 
  2507     000A                     	;# 
  2508     000B                     	;# 
  2509     000C                     	;# 
  2510     000D                     	;# 
  2511     000E                     	;# 
  2512     0010                     	;# 
  2513     0011                     	;# 
  2514     0012                     	;# 
  2515     0013                     	;# 
  2516     0014                     	;# 
  2517     0015                     	;# 
  2518     0015                     	;# 
  2519     0016                     	;# 
  2520     0016                     	;# 
  2521     0017                     	;# 
  2522     0018                     	;# 
  2523     0019                     	;# 
  2524     0019                     	;# 
  2525     001A                     	;# 
  2526     001B                     	;# 
  2527     001C                     	;# 
  2528     001D                     	;# 
  2529     001E                     	;# 
  2530     001F                     	;# 
  2531     008C                     	;# 
  2532     008D                     	;# 
  2533     008E                     	;# 
  2534     0090                     	;# 
  2535     0091                     	;# 
  2536     0092                     	;# 
  2537     0093                     	;# 
  2538     0094                     	;# 
  2539     0097                     	;# 
  2540     009B                     	;# 
  2541     009B                     	;# 
  2542     009C                     	;# 
  2543     009D                     	;# 
  2544     009E                     	;# 
  2545     009F                     	;# 
  2546     010C                     	;# 
  2547     010D                     	;# 
  2548     010E                     	;# 
  2549     0111                     	;# 
  2550     0112                     	;# 
  2551     0113                     	;# 
  2552     0114                     	;# 
  2553     0115                     	;# 
  2554     0116                     	;# 
  2555     0117                     	;# 
  2556     0118                     	;# 
  2557     0119                     	;# 
  2558     018C                     	;# 
  2559     018D                     	;# 
  2560     018E                     	;# 
  2561     0197                     	;# 
  2562     0199                     	;# 
  2563     0199                     	;# 
  2564     0199                     	;# 
  2565     019A                     	;# 
  2566     019A                     	;# 
  2567     019A                     	;# 
  2568     019B                     	;# 
  2569     019B                     	;# 
  2570     019B                     	;# 
  2571     019B                     	;# 
  2572     019B                     	;# 
  2573     019C                     	;# 
  2574     019C                     	;# 
  2575     019C                     	;# 
  2576     019D                     	;# 
  2577     019D                     	;# 
  2578     019D                     	;# 
  2579     019E                     	;# 
  2580     019E                     	;# 
  2581     019E                     	;# 
  2582     019F                     	;# 
  2583     019F                     	;# 
  2584     019F                     	;# 
  2585     019F                     	;# 
  2586     019F                     	;# 
  2587     020C                     	;# 
  2588     020D                     	;# 
  2589     020E                     	;# 
  2590     0211                     	;# 
  2591     0211                     	;# 
  2592     0212                     	;# 
  2593     0212                     	;# 
  2594     0213                     	;# 
  2595     0213                     	;# 
  2596     0214                     	;# 
  2597     0214                     	;# 
  2598     0215                     	;# 
  2599     0215                     	;# 
  2600     0215                     	;# 
  2601     0215                     	;# 
  2602     0216                     	;# 
  2603     0216                     	;# 
  2604     0217                     	;# 
  2605     0217                     	;# 
  2606     028C                     	;# 
  2607     028D                     	;# 
  2608     028E                     	;# 
  2609     0291                     	;# 
  2610     0291                     	;# 
  2611     0292                     	;# 
  2612     0293                     	;# 
  2613     0294                     	;# 
  2614     0295                     	;# 
  2615     0295                     	;# 
  2616     0296                     	;# 
  2617     0297                     	;# 
  2618     0298                     	;# 
  2619     029F                     	;# 
  2620     030C                     	;# 
  2621     030D                     	;# 
  2622     030E                     	;# 
  2623     0311                     	;# 
  2624     0311                     	;# 
  2625     0312                     	;# 
  2626     0313                     	;# 
  2627     0314                     	;# 
  2628     0315                     	;# 
  2629     0315                     	;# 
  2630     0316                     	;# 
  2631     0317                     	;# 
  2632     0318                     	;# 
  2633     038C                     	;# 
  2634     038D                     	;# 
  2635     038E                     	;# 
  2636     0391                     	;# 
  2637     0392                     	;# 
  2638     0393                     	;# 
  2639     0394                     	;# 
  2640     0395                     	;# 
  2641     0396                     	;# 
  2642     0397                     	;# 
  2643     0398                     	;# 
  2644     0399                     	;# 
  2645     039A                     	;# 
  2646     039C                     	;# 
  2647     039D                     	;# 
  2648     039E                     	;# 
  2649     039F                     	;# 
  2650     0411                     	;# 
  2651     0411                     	;# 
  2652     0412                     	;# 
  2653     0413                     	;# 
  2654     0414                     	;# 
  2655     0415                     	;# 
  2656     0416                     	;# 
  2657     0417                     	;# 
  2658     0418                     	;# 
  2659     0418                     	;# 
  2660     0419                     	;# 
  2661     041A                     	;# 
  2662     041B                     	;# 
  2663     041C                     	;# 
  2664     041D                     	;# 
  2665     041E                     	;# 
  2666     041F                     	;# 
  2667     0498                     	;# 
  2668     0498                     	;# 
  2669     0499                     	;# 
  2670     049A                     	;# 
  2671     049B                     	;# 
  2672     049B                     	;# 
  2673     049C                     	;# 
  2674     049D                     	;# 
  2675     049E                     	;# 
  2676     049F                     	;# 
  2677     0617                     	;# 
  2678     0618                     	;# 
  2679     0619                     	;# 
  2680     0619                     	;# 
  2681     061A                     	;# 
  2682     061B                     	;# 
  2683     061C                     	;# 
  2684     061C                     	;# 
  2685     061F                     	;# 
  2686     0691                     	;# 
  2687     0692                     	;# 
  2688     0693                     	;# 
  2689     0694                     	;# 
  2690     0695                     	;# 
  2691     0696                     	;# 
  2692     0697                     	;# 
  2693     0698                     	;# 
  2694     0699                     	;# 
  2695     0711                     	;# 
  2696     0712                     	;# 
  2697     0713                     	;# 
  2698     0714                     	;# 
  2699     0715                     	;# 
  2700     0716                     	;# 
  2701     0717                     	;# 
  2702     0718                     	;# 
  2703     0719                     	;# 
  2704     0891                     	;# 
  2705     0891                     	;# 
  2706     0891                     	;# 
  2707     0891                     	;# 
  2708     0891                     	;# 
  2709     0891                     	;# 
  2710     0892                     	;# 
  2711     0892                     	;# 
  2712     0892                     	;# 
  2713     0893                     	;# 
  2714     0893                     	;# 
  2715     0893                     	;# 
  2716     0893                     	;# 
  2717     0893                     	;# 
  2718     0893                     	;# 
  2719     0894                     	;# 
  2720     0894                     	;# 
  2721     0894                     	;# 
  2722     0895                     	;# 
  2723     0895                     	;# 
  2724     0895                     	;# 
  2725     0896                     	;# 
  2726     0896                     	;# 
  2727     0896                     	;# 
  2728     089B                     	;# 
  2729     0911                     	;# 
  2730     0912                     	;# 
  2731     0913                     	;# 
  2732     0914                     	;# 
  2733     0915                     	;# 
  2734     0916                     	;# 
  2735     0918                     	;# 
  2736     0919                     	;# 
  2737     091A                     	;# 
  2738     091B                     	;# 
  2739     091C                     	;# 
  2740     091D                     	;# 
  2741     091E                     	;# 
  2742     091F                     	;# 
  2743     0E0F                     	;# 
  2744     0E10                     	;# 
  2745     0E11                     	;# 
  2746     0E12                     	;# 
  2747     0E13                     	;# 
  2748     0E14                     	;# 
  2749     0E15                     	;# 
  2750     0E16                     	;# 
  2751     0E17                     	;# 
  2752     0E18                     	;# 
  2753     0E19                     	;# 
  2754     0E1A                     	;# 
  2755     0E1B                     	;# 
  2756     0E1C                     	;# 
  2757     0E20                     	;# 
  2758     0E21                     	;# 
  2759     0E22                     	;# 
  2760     0E24                     	;# 
  2761     0E25                     	;# 
  2762     0E28                     	;# 
  2763     0E29                     	;# 
  2764     0E2A                     	;# 
  2765     0E2B                     	;# 
  2766     0E2C                     	;# 
  2767     0E2D                     	;# 
  2768     0E2E                     	;# 
  2769     0E2F                     	;# 
  2770     0E90                     	;# 
  2771     0E91                     	;# 
  2772     0E92                     	;# 
  2773     0E94                     	;# 
  2774     0E95                     	;# 
  2775     0E9C                     	;# 
  2776     0E9D                     	;# 
  2777     0E9E                     	;# 
  2778     0E9F                     	;# 
  2779     0EA0                     	;# 
  2780     0EA1                     	;# 
  2781     0EA2                     	;# 
  2782     0EA3                     	;# 
  2783     0EA4                     	;# 
  2784     0EA5                     	;# 
  2785     0EA6                     	;# 
  2786     0EA7                     	;# 
  2787     0F0F                     	;# 
  2788     0F10                     	;# 
  2789     0F11                     	;# 
  2790     0F12                     	;# 
  2791     0F13                     	;# 
  2792     0F14                     	;# 
  2793     0F15                     	;# 
  2794     0F16                     	;# 
  2795     0F17                     	;# 
  2796     0F18                     	;# 
  2797     0F19                     	;# 
  2798     0F1A                     	;# 
  2799     0F1B                     	;# 
  2800     0F1C                     	;# 
  2801     0F1D                     	;# 
  2802     0F1E                     	;# 
  2803     0F1F                     	;# 
  2804     0F20                     	;# 
  2805     0F21                     	;# 
  2806     0F22                     	;# 
  2807     0F23                     	;# 
  2808     0F24                     	;# 
  2809     0F25                     	;# 
  2810     0F26                     	;# 
  2811     0F27                     	;# 
  2812     0F28                     	;# 
  2813     0F29                     	;# 
  2814     0F2A                     	;# 
  2815     0F2B                     	;# 
  2816     0F2C                     	;# 
  2817     0F2D                     	;# 
  2818     0F2E                     	;# 
  2819     0F2F                     	;# 
  2820     0F30                     	;# 
  2821     0F31                     	;# 
  2822     0F32                     	;# 
  2823     0F33                     	;# 
  2824     0F34                     	;# 
  2825     0F35                     	;# 
  2826     0F36                     	;# 
  2827     0F37                     	;# 
  2828     0FE4                     	;# 
  2829     0FE5                     	;# 
  2830     0FE6                     	;# 
  2831     0FE7                     	;# 
  2832     0FE8                     	;# 
  2833     0FE9                     	;# 
  2834     0FEA                     	;# 
  2835     0FEB                     	;# 
  2836     0FED                     	;# 
  2837     0FEE                     	;# 
  2838     0FEF                     	;# 
  2839     0000                     	;# 
  2840     0001                     	;# 
  2841     0002                     	;# 
  2842     0003                     	;# 
  2843     0004                     	;# 
  2844     0005                     	;# 
  2845     0006                     	;# 
  2846     0007                     	;# 
  2847     0008                     	;# 
  2848     0009                     	;# 
  2849     000A                     	;# 
  2850     000B                     	;# 
  2851     000C                     	;# 
  2852     000D                     	;# 
  2853     000E                     	;# 
  2854     0010                     	;# 
  2855     0011                     	;# 
  2856     0012                     	;# 
  2857     0013                     	;# 
  2858     0014                     	;# 
  2859     0015                     	;# 
  2860     0015                     	;# 
  2861     0016                     	;# 
  2862     0016                     	;# 
  2863     0017                     	;# 
  2864     0018                     	;# 
  2865     0019                     	;# 
  2866     0019                     	;# 
  2867     001A                     	;# 
  2868     001B                     	;# 
  2869     001C                     	;# 
  2870     001D                     	;# 
  2871     001E                     	;# 
  2872     001F                     	;# 
  2873     008C                     	;# 
  2874     008D                     	;# 
  2875     008E                     	;# 
  2876     0090                     	;# 
  2877     0091                     	;# 
  2878     0092                     	;# 
  2879     0093                     	;# 
  2880     0094                     	;# 
  2881     0097                     	;# 
  2882     009B                     	;# 
  2883     009B                     	;# 
  2884     009C                     	;# 
  2885     009D                     	;# 
  2886     009E                     	;# 
  2887     009F                     	;# 
  2888     010C                     	;# 
  2889     010D                     	;# 
  2890     010E                     	;# 
  2891     0111                     	;# 
  2892     0112                     	;# 
  2893     0113                     	;# 
  2894     0114                     	;# 
  2895     0115                     	;# 
  2896     0116                     	;# 
  2897     0117                     	;# 
  2898     0118                     	;# 
  2899     0119                     	;# 
  2900     018C                     	;# 
  2901     018D                     	;# 
  2902     018E                     	;# 
  2903     0197                     	;# 
  2904     0199                     	;# 
  2905     0199                     	;# 
  2906     0199                     	;# 
  2907     019A                     	;# 
  2908     019A                     	;# 
  2909     019A                     	;# 
  2910     019B                     	;# 
  2911     019B                     	;# 
  2912     019B                     	;# 
  2913     019B                     	;# 
  2914     019B                     	;# 
  2915     019C                     	;# 
  2916     019C                     	;# 
  2917     019C                     	;# 
  2918     019D                     	;# 
  2919     019D                     	;# 
  2920     019D                     	;# 
  2921     019E                     	;# 
  2922     019E                     	;# 
  2923     019E                     	;# 
  2924     019F                     	;# 
  2925     019F                     	;# 
  2926     019F                     	;# 
  2927     019F                     	;# 
  2928     019F                     	;# 
  2929     020C                     	;# 
  2930     020D                     	;# 
  2931     020E                     	;# 
  2932     0211                     	;# 
  2933     0211                     	;# 
  2934     0212                     	;# 
  2935     0212                     	;# 
  2936     0213                     	;# 
  2937     0213                     	;# 
  2938     0214                     	;# 
  2939     0214                     	;# 
  2940     0215                     	;# 
  2941     0215                     	;# 
  2942     0215                     	;# 
  2943     0215                     	;# 
  2944     0216                     	;# 
  2945     0216                     	;# 
  2946     0217                     	;# 
  2947     0217                     	;# 
  2948     028C                     	;# 
  2949     028D                     	;# 
  2950     028E                     	;# 
  2951     0291                     	;# 
  2952     0291                     	;# 
  2953     0292                     	;# 
  2954     0293                     	;# 
  2955     0294                     	;# 
  2956     0295                     	;# 
  2957     0295                     	;# 
  2958     0296                     	;# 
  2959     0297                     	;# 
  2960     0298                     	;# 
  2961     029F                     	;# 
  2962     030C                     	;# 
  2963     030D                     	;# 
  2964     030E                     	;# 
  2965     0311                     	;# 
  2966     0311                     	;# 
  2967     0312                     	;# 
  2968     0313                     	;# 
  2969     0314                     	;# 
  2970     0315                     	;# 
  2971     0315                     	;# 
  2972     0316                     	;# 
  2973     0317                     	;# 
  2974     0318                     	;# 
  2975     038C                     	;# 
  2976     038D                     	;# 
  2977     038E                     	;# 
  2978     0391                     	;# 
  2979     0392                     	;# 
  2980     0393                     	;# 
  2981     0394                     	;# 
  2982     0395                     	;# 
  2983     0396                     	;# 
  2984     0397                     	;# 
  2985     0398                     	;# 
  2986     0399                     	;# 
  2987     039A                     	;# 
  2988     039C                     	;# 
  2989     039D                     	;# 
  2990     039E                     	;# 
  2991     039F                     	;# 
  2992     0411                     	;# 
  2993     0411                     	;# 
  2994     0412                     	;# 
  2995     0413                     	;# 
  2996     0414                     	;# 
  2997     0415                     	;# 
  2998     0416                     	;# 
  2999     0417                     	;# 
  3000     0418                     	;# 
  3001     0418                     	;# 
  3002     0419                     	;# 
  3003     041A                     	;# 
  3004     041B                     	;# 
  3005     041C                     	;# 
  3006     041D                     	;# 
  3007     041E                     	;# 
  3008     041F                     	;# 
  3009     0498                     	;# 
  3010     0498                     	;# 
  3011     0499                     	;# 
  3012     049A                     	;# 
  3013     049B                     	;# 
  3014     049B                     	;# 
  3015     049C                     	;# 
  3016     049D                     	;# 
  3017     049E                     	;# 
  3018     049F                     	;# 
  3019     0617                     	;# 
  3020     0618                     	;# 
  3021     0619                     	;# 
  3022     0619                     	;# 
  3023     061A                     	;# 
  3024     061B                     	;# 
  3025     061C                     	;# 
  3026     061C                     	;# 
  3027     061F                     	;# 
  3028     0691                     	;# 
  3029     0692                     	;# 
  3030     0693                     	;# 
  3031     0694                     	;# 
  3032     0695                     	;# 
  3033     0696                     	;# 
  3034     0697                     	;# 
  3035     0698                     	;# 
  3036     0699                     	;# 
  3037     0711                     	;# 
  3038     0712                     	;# 
  3039     0713                     	;# 
  3040     0714                     	;# 
  3041     0715                     	;# 
  3042     0716                     	;# 
  3043     0717                     	;# 
  3044     0718                     	;# 
  3045     0719                     	;# 
  3046     0891                     	;# 
  3047     0891                     	;# 
  3048     0891                     	;# 
  3049     0891                     	;# 
  3050     0891                     	;# 
  3051     0891                     	;# 
  3052     0892                     	;# 
  3053     0892                     	;# 
  3054     0892                     	;# 
  3055     0893                     	;# 
  3056     0893                     	;# 
  3057     0893                     	;# 
  3058     0893                     	;# 
  3059     0893                     	;# 
  3060     0893                     	;# 
  3061     0894                     	;# 
  3062     0894                     	;# 
  3063     0894                     	;# 
  3064     0895                     	;# 
  3065     0895                     	;# 
  3066     0895                     	;# 
  3067     0896                     	;# 
  3068     0896                     	;# 
  3069     0896                     	;# 
  3070     089B                     	;# 
  3071     0911                     	;# 
  3072     0912                     	;# 
  3073     0913                     	;# 
  3074     0914                     	;# 
  3075     0915                     	;# 
  3076     0916                     	;# 
  3077     0918                     	;# 
  3078     0919                     	;# 
  3079     091A                     	;# 
  3080     091B                     	;# 
  3081     091C                     	;# 
  3082     091D                     	;# 
  3083     091E                     	;# 
  3084     091F                     	;# 
  3085     0E0F                     	;# 
  3086     0E10                     	;# 
  3087     0E11                     	;# 
  3088     0E12                     	;# 
  3089     0E13                     	;# 
  3090     0E14                     	;# 
  3091     0E15                     	;# 
  3092     0E16                     	;# 
  3093     0E17                     	;# 
  3094     0E18                     	;# 
  3095     0E19                     	;# 
  3096     0E1A                     	;# 
  3097     0E1B                     	;# 
  3098     0E1C                     	;# 
  3099     0E20                     	;# 
  3100     0E21                     	;# 
  3101     0E22                     	;# 
  3102     0E24                     	;# 
  3103     0E25                     	;# 
  3104     0E28                     	;# 
  3105     0E29                     	;# 
  3106     0E2A                     	;# 
  3107     0E2B                     	;# 
  3108     0E2C                     	;# 
  3109     0E2D                     	;# 
  3110     0E2E                     	;# 
  3111     0E2F                     	;# 
  3112     0E90                     	;# 
  3113     0E91                     	;# 
  3114     0E92                     	;# 
  3115     0E94                     	;# 
  3116     0E95                     	;# 
  3117     0E9C                     	;# 
  3118     0E9D                     	;# 
  3119     0E9E                     	;# 
  3120     0E9F                     	;# 
  3121     0EA0                     	;# 
  3122     0EA1                     	;# 
  3123     0EA2                     	;# 
  3124     0EA3                     	;# 
  3125     0EA4                     	;# 
  3126     0EA5                     	;# 
  3127     0EA6                     	;# 
  3128     0EA7                     	;# 
  3129     0F0F                     	;# 
  3130     0F10                     	;# 
  3131     0F11                     	;# 
  3132     0F12                     	;# 
  3133     0F13                     	;# 
  3134     0F14                     	;# 
  3135     0F15                     	;# 
  3136     0F16                     	;# 
  3137     0F17                     	;# 
  3138     0F18                     	;# 
  3139     0F19                     	;# 
  3140     0F1A                     	;# 
  3141     0F1B                     	;# 
  3142     0F1C                     	;# 
  3143     0F1D                     	;# 
  3144     0F1E                     	;# 
  3145     0F1F                     	;# 
  3146     0F20                     	;# 
  3147     0F21                     	;# 
  3148     0F22                     	;# 
  3149     0F23                     	;# 
  3150     0F24                     	;# 
  3151     0F25                     	;# 
  3152     0F26                     	;# 
  3153     0F27                     	;# 
  3154     0F28                     	;# 
  3155     0F29                     	;# 
  3156     0F2A                     	;# 
  3157     0F2B                     	;# 
  3158     0F2C                     	;# 
  3159     0F2D                     	;# 
  3160     0F2E                     	;# 
  3161     0F2F                     	;# 
  3162     0F30                     	;# 
  3163     0F31                     	;# 
  3164     0F32                     	;# 
  3165     0F33                     	;# 
  3166     0F34                     	;# 
  3167     0F35                     	;# 
  3168     0F36                     	;# 
  3169     0F37                     	;# 
  3170     0FE4                     	;# 
  3171     0FE5                     	;# 
  3172     0FE6                     	;# 
  3173     0FE7                     	;# 
  3174     0FE8                     	;# 
  3175     0FE9                     	;# 
  3176     0FEA                     	;# 
  3177     0FEB                     	;# 
  3178     0FED                     	;# 
  3179     0FEE                     	;# 
  3180     0FEF                     	;# 
  3181     0000                     	;# 
  3182     0001                     	;# 
  3183     0002                     	;# 
  3184     0003                     	;# 
  3185     0004                     	;# 
  3186     0005                     	;# 
  3187     0006                     	;# 
  3188     0007                     	;# 
  3189     0008                     	;# 
  3190     0009                     	;# 
  3191     000A                     	;# 
  3192     000B                     	;# 
  3193     000C                     	;# 
  3194     000D                     	;# 
  3195     000E                     	;# 
  3196     0010                     	;# 
  3197     0011                     	;# 
  3198     0012                     	;# 
  3199     0013                     	;# 
  3200     0014                     	;# 
  3201     0015                     	;# 
  3202     0015                     	;# 
  3203     0016                     	;# 
  3204     0016                     	;# 
  3205     0017                     	;# 
  3206     0018                     	;# 
  3207     0019                     	;# 
  3208     0019                     	;# 
  3209     001A                     	;# 
  3210     001B                     	;# 
  3211     001C                     	;# 
  3212     001D                     	;# 
  3213     001E                     	;# 
  3214     001F                     	;# 
  3215     008C                     	;# 
  3216     008D                     	;# 
  3217     008E                     	;# 
  3218     0090                     	;# 
  3219     0091                     	;# 
  3220     0092                     	;# 
  3221     0093                     	;# 
  3222     0094                     	;# 
  3223     0097                     	;# 
  3224     009B                     	;# 
  3225     009B                     	;# 
  3226     009C                     	;# 
  3227     009D                     	;# 
  3228     009E                     	;# 
  3229     009F                     	;# 
  3230     010C                     	;# 
  3231     010D                     	;# 
  3232     010E                     	;# 
  3233     0111                     	;# 
  3234     0112                     	;# 
  3235     0113                     	;# 
  3236     0114                     	;# 
  3237     0115                     	;# 
  3238     0116                     	;# 
  3239     0117                     	;# 
  3240     0118                     	;# 
  3241     0119                     	;# 
  3242     018C                     	;# 
  3243     018D                     	;# 
  3244     018E                     	;# 
  3245     0197                     	;# 
  3246     0199                     	;# 
  3247     0199                     	;# 
  3248     0199                     	;# 
  3249     019A                     	;# 
  3250     019A                     	;# 
  3251     019A                     	;# 
  3252     019B                     	;# 
  3253     019B                     	;# 
  3254     019B                     	;# 
  3255     019B                     	;# 
  3256     019B                     	;# 
  3257     019C                     	;# 
  3258     019C                     	;# 
  3259     019C                     	;# 
  3260     019D                     	;# 
  3261     019D                     	;# 
  3262     019D                     	;# 
  3263     019E                     	;# 
  3264     019E                     	;# 
  3265     019E                     	;# 
  3266     019F                     	;# 
  3267     019F                     	;# 
  3268     019F                     	;# 
  3269     019F                     	;# 
  3270     019F                     	;# 
  3271     020C                     	;# 
  3272     020D                     	;# 
  3273     020E                     	;# 
  3274     0211                     	;# 
  3275     0211                     	;# 
  3276     0212                     	;# 
  3277     0212                     	;# 
  3278     0213                     	;# 
  3279     0213                     	;# 
  3280     0214                     	;# 
  3281     0214                     	;# 
  3282     0215                     	;# 
  3283     0215                     	;# 
  3284     0215                     	;# 
  3285     0215                     	;# 
  3286     0216                     	;# 
  3287     0216                     	;# 
  3288     0217                     	;# 
  3289     0217                     	;# 
  3290     028C                     	;# 
  3291     028D                     	;# 
  3292     028E                     	;# 
  3293     0291                     	;# 
  3294     0291                     	;# 
  3295     0292                     	;# 
  3296     0293                     	;# 
  3297     0294                     	;# 
  3298     0295                     	;# 
  3299     0295                     	;# 
  3300     0296                     	;# 
  3301     0297                     	;# 
  3302     0298                     	;# 
  3303     029F                     	;# 
  3304     030C                     	;# 
  3305     030D                     	;# 
  3306     030E                     	;# 
  3307     0311                     	;# 
  3308     0311                     	;# 
  3309     0312                     	;# 
  3310     0313                     	;# 
  3311     0314                     	;# 
  3312     0315                     	;# 
  3313     0315                     	;# 
  3314     0316                     	;# 
  3315     0317                     	;# 
  3316     0318                     	;# 
  3317     038C                     	;# 
  3318     038D                     	;# 
  3319     038E                     	;# 
  3320     0391                     	;# 
  3321     0392                     	;# 
  3322     0393                     	;# 
  3323     0394                     	;# 
  3324     0395                     	;# 
  3325     0396                     	;# 
  3326     0397                     	;# 
  3327     0398                     	;# 
  3328     0399                     	;# 
  3329     039A                     	;# 
  3330     039C                     	;# 
  3331     039D                     	;# 
  3332     039E                     	;# 
  3333     039F                     	;# 
  3334     0411                     	;# 
  3335     0411                     	;# 
  3336     0412                     	;# 
  3337     0413                     	;# 
  3338     0414                     	;# 
  3339     0415                     	;# 
  3340     0416                     	;# 
  3341     0417                     	;# 
  3342     0418                     	;# 
  3343     0418                     	;# 
  3344     0419                     	;# 
  3345     041A                     	;# 
  3346     041B                     	;# 
  3347     041C                     	;# 
  3348     041D                     	;# 
  3349     041E                     	;# 
  3350     041F                     	;# 
  3351     0498                     	;# 
  3352     0498                     	;# 
  3353     0499                     	;# 
  3354     049A                     	;# 
  3355     049B                     	;# 
  3356     049B                     	;# 
  3357     049C                     	;# 
  3358     049D                     	;# 
  3359     049E                     	;# 
  3360     049F                     	;# 
  3361     0617                     	;# 
  3362     0618                     	;# 
  3363     0619                     	;# 
  3364     0619                     	;# 
  3365     061A                     	;# 
  3366     061B                     	;# 
  3367     061C                     	;# 
  3368     061C                     	;# 
  3369     061F                     	;# 
  3370     0691                     	;# 
  3371     0692                     	;# 
  3372     0693                     	;# 
  3373     0694                     	;# 
  3374     0695                     	;# 
  3375     0696                     	;# 
  3376     0697                     	;# 
  3377     0698                     	;# 
  3378     0699                     	;# 
  3379     0711                     	;# 
  3380     0712                     	;# 
  3381     0713                     	;# 
  3382     0714                     	;# 
  3383     0715                     	;# 
  3384     0716                     	;# 
  3385     0717                     	;# 
  3386     0718                     	;# 
  3387     0719                     	;# 
  3388     0891                     	;# 
  3389     0891                     	;# 
  3390     0891                     	;# 
  3391     0891                     	;# 
  3392     0891                     	;# 
  3393     0891                     	;# 
  3394     0892                     	;# 
  3395     0892                     	;# 
  3396     0892                     	;# 
  3397     0893                     	;# 
  3398     0893                     	;# 
  3399     0893                     	;# 
  3400     0893                     	;# 
  3401     0893                     	;# 
  3402     0893                     	;# 
  3403     0894                     	;# 
  3404     0894                     	;# 
  3405     0894                     	;# 
  3406     0895                     	;# 
  3407     0895                     	;# 
  3408     0895                     	;# 
  3409     0896                     	;# 
  3410     0896                     	;# 
  3411     0896                     	;# 
  3412     089B                     	;# 
  3413     0911                     	;# 
  3414     0912                     	;# 
  3415     0913                     	;# 
  3416     0914                     	;# 
  3417     0915                     	;# 
  3418     0916                     	;# 
  3419     0918                     	;# 
  3420     0919                     	;# 
  3421     091A                     	;# 
  3422     091B                     	;# 
  3423     091C                     	;# 
  3424     091D                     	;# 
  3425     091E                     	;# 
  3426     091F                     	;# 
  3427     0E0F                     	;# 
  3428     0E10                     	;# 
  3429     0E11                     	;# 
  3430     0E12                     	;# 
  3431     0E13                     	;# 
  3432     0E14                     	;# 
  3433     0E15                     	;# 
  3434     0E16                     	;# 
  3435     0E17                     	;# 
  3436     0E18                     	;# 
  3437     0E19                     	;# 
  3438     0E1A                     	;# 
  3439     0E1B                     	;# 
  3440     0E1C                     	;# 
  3441     0E20                     	;# 
  3442     0E21                     	;# 
  3443     0E22                     	;# 
  3444     0E24                     	;# 
  3445     0E25                     	;# 
  3446     0E28                     	;# 
  3447     0E29                     	;# 
  3448     0E2A                     	;# 
  3449     0E2B                     	;# 
  3450     0E2C                     	;# 
  3451     0E2D                     	;# 
  3452     0E2E                     	;# 
  3453     0E2F                     	;# 
  3454     0E90                     	;# 
  3455     0E91                     	;# 
  3456     0E92                     	;# 
  3457     0E94                     	;# 
  3458     0E95                     	;# 
  3459     0E9C                     	;# 
  3460     0E9D                     	;# 
  3461     0E9E                     	;# 
  3462     0E9F                     	;# 
  3463     0EA0                     	;# 
  3464     0EA1                     	;# 
  3465     0EA2                     	;# 
  3466     0EA3                     	;# 
  3467     0EA4                     	;# 
  3468     0EA5                     	;# 
  3469     0EA6                     	;# 
  3470     0EA7                     	;# 
  3471     0F0F                     	;# 
  3472     0F10                     	;# 
  3473     0F11                     	;# 
  3474     0F12                     	;# 
  3475     0F13                     	;# 
  3476     0F14                     	;# 
  3477     0F15                     	;# 
  3478     0F16                     	;# 
  3479     0F17                     	;# 
  3480     0F18                     	;# 
  3481     0F19                     	;# 
  3482     0F1A                     	;# 
  3483     0F1B                     	;# 
  3484     0F1C                     	;# 
  3485     0F1D                     	;# 
  3486     0F1E                     	;# 
  3487     0F1F                     	;# 
  3488     0F20                     	;# 
  3489     0F21                     	;# 
  3490     0F22                     	;# 
  3491     0F23                     	;# 
  3492     0F24                     	;# 
  3493     0F25                     	;# 
  3494     0F26                     	;# 
  3495     0F27                     	;# 
  3496     0F28                     	;# 
  3497     0F29                     	;# 
  3498     0F2A                     	;# 
  3499     0F2B                     	;# 
  3500     0F2C                     	;# 
  3501     0F2D                     	;# 
  3502     0F2E                     	;# 
  3503     0F2F                     	;# 
  3504     0F30                     	;# 
  3505     0F31                     	;# 
  3506     0F32                     	;# 
  3507     0F33                     	;# 
  3508     0F34                     	;# 
  3509     0F35                     	;# 
  3510     0F36                     	;# 
  3511     0F37                     	;# 
  3512     0FE4                     	;# 
  3513     0FE5                     	;# 
  3514     0FE6                     	;# 
  3515     0FE7                     	;# 
  3516     0FE8                     	;# 
  3517     0FE9                     	;# 
  3518     0FEA                     	;# 
  3519     0FEB                     	;# 
  3520     0FED                     	;# 
  3521     0FEE                     	;# 
  3522     0FEF                     	;# 
  3523     0000                     	;# 
  3524     0001                     	;# 
  3525     0002                     	;# 
  3526     0003                     	;# 
  3527     0004                     	;# 
  3528     0005                     	;# 
  3529     0006                     	;# 
  3530     0007                     	;# 
  3531     0008                     	;# 
  3532     0009                     	;# 
  3533     000A                     	;# 
  3534     000B                     	;# 
  3535     000C                     	;# 
  3536     000D                     	;# 
  3537     000E                     	;# 
  3538     0010                     	;# 
  3539     0011                     	;# 
  3540     0012                     	;# 
  3541     0013                     	;# 
  3542     0014                     	;# 
  3543     0015                     	;# 
  3544     0015                     	;# 
  3545     0016                     	;# 
  3546     0016                     	;# 
  3547     0017                     	;# 
  3548     0018                     	;# 
  3549     0019                     	;# 
  3550     0019                     	;# 
  3551     001A                     	;# 
  3552     001B                     	;# 
  3553     001C                     	;# 
  3554     001D                     	;# 
  3555     001E                     	;# 
  3556     001F                     	;# 
  3557     008C                     	;# 
  3558     008D                     	;# 
  3559     008E                     	;# 
  3560     0090                     	;# 
  3561     0091                     	;# 
  3562     0092                     	;# 
  3563     0093                     	;# 
  3564     0094                     	;# 
  3565     0097                     	;# 
  3566     009B                     	;# 
  3567     009B                     	;# 
  3568     009C                     	;# 
  3569     009D                     	;# 
  3570     009E                     	;# 
  3571     009F                     	;# 
  3572     010C                     	;# 
  3573     010D                     	;# 
  3574     010E                     	;# 
  3575     0111                     	;# 
  3576     0112                     	;# 
  3577     0113                     	;# 
  3578     0114                     	;# 
  3579     0115                     	;# 
  3580     0116                     	;# 
  3581     0117                     	;# 
  3582     0118                     	;# 
  3583     0119                     	;# 
  3584     018C                     	;# 
  3585     018D                     	;# 
  3586     018E                     	;# 
  3587     0197                     	;# 
  3588     0199                     	;# 
  3589     0199                     	;# 
  3590     0199                     	;# 
  3591     019A                     	;# 
  3592     019A                     	;# 
  3593     019A                     	;# 
  3594     019B                     	;# 
  3595     019B                     	;# 
  3596     019B                     	;# 
  3597     019B                     	;# 
  3598     019B                     	;# 
  3599     019C                     	;# 
  3600     019C                     	;# 
  3601     019C                     	;# 
  3602     019D                     	;# 
  3603     019D                     	;# 
  3604     019D                     	;# 
  3605     019E                     	;# 
  3606     019E                     	;# 
  3607     019E                     	;# 
  3608     019F                     	;# 
  3609     019F                     	;# 
  3610     019F                     	;# 
  3611     019F                     	;# 
  3612     019F                     	;# 
  3613     020C                     	;# 
  3614     020D                     	;# 
  3615     020E                     	;# 
  3616     0211                     	;# 
  3617     0211                     	;# 
  3618     0212                     	;# 
  3619     0212                     	;# 
  3620     0213                     	;# 
  3621     0213                     	;# 
  3622     0214                     	;# 
  3623     0214                     	;# 
  3624     0215                     	;# 
  3625     0215                     	;# 
  3626     0215                     	;# 
  3627     0215                     	;# 
  3628     0216                     	;# 
  3629     0216                     	;# 
  3630     0217                     	;# 
  3631     0217                     	;# 
  3632     028C                     	;# 
  3633     028D                     	;# 
  3634     028E                     	;# 
  3635     0291                     	;# 
  3636     0291                     	;# 
  3637     0292                     	;# 
  3638     0293                     	;# 
  3639     0294                     	;# 
  3640     0295                     	;# 
  3641     0295                     	;# 
  3642     0296                     	;# 
  3643     0297                     	;# 
  3644     0298                     	;# 
  3645     029F                     	;# 
  3646     030C                     	;# 
  3647     030D                     	;# 
  3648     030E                     	;# 
  3649     0311                     	;# 
  3650     0311                     	;# 
  3651     0312                     	;# 
  3652     0313                     	;# 
  3653     0314                     	;# 
  3654     0315                     	;# 
  3655     0315                     	;# 
  3656     0316                     	;# 
  3657     0317                     	;# 
  3658     0318                     	;# 
  3659     038C                     	;# 
  3660     038D                     	;# 
  3661     038E                     	;# 
  3662     0391                     	;# 
  3663     0392                     	;# 
  3664     0393                     	;# 
  3665     0394                     	;# 
  3666     0395                     	;# 
  3667     0396                     	;# 
  3668     0397                     	;# 
  3669     0398                     	;# 
  3670     0399                     	;# 
  3671     039A                     	;# 
  3672     039C                     	;# 
  3673     039D                     	;# 
  3674     039E                     	;# 
  3675     039F                     	;# 
  3676     0411                     	;# 
  3677     0411                     	;# 
  3678     0412                     	;# 
  3679     0413                     	;# 
  3680     0414                     	;# 
  3681     0415                     	;# 
  3682     0416                     	;# 
  3683     0417                     	;# 
  3684     0418                     	;# 
  3685     0418                     	;# 
  3686     0419                     	;# 
  3687     041A                     	;# 
  3688     041B                     	;# 
  3689     041C                     	;# 
  3690     041D                     	;# 
  3691     041E                     	;# 
  3692     041F                     	;# 
  3693     0498                     	;# 
  3694     0498                     	;# 
  3695     0499                     	;# 
  3696     049A                     	;# 
  3697     049B                     	;# 
  3698     049B                     	;# 
  3699     049C                     	;# 
  3700     049D                     	;# 
  3701     049E                     	;# 
  3702     049F                     	;# 
  3703     0617                     	;# 
  3704     0618                     	;# 
  3705     0619                     	;# 
  3706     0619                     	;# 
  3707     061A                     	;# 
  3708     061B                     	;# 
  3709     061C                     	;# 
  3710     061C                     	;# 
  3711     061F                     	;# 
  3712     0691                     	;# 
  3713     0692                     	;# 
  3714     0693                     	;# 
  3715     0694                     	;# 
  3716     0695                     	;# 
  3717     0696                     	;# 
  3718     0697                     	;# 
  3719     0698                     	;# 
  3720     0699                     	;# 
  3721     0711                     	;# 
  3722     0712                     	;# 
  3723     0713                     	;# 
  3724     0714                     	;# 
  3725     0715                     	;# 
  3726     0716                     	;# 
  3727     0717                     	;# 
  3728     0718                     	;# 
  3729     0719                     	;# 
  3730     0891                     	;# 
  3731     0891                     	;# 
  3732     0891                     	;# 
  3733     0891                     	;# 
  3734     0891                     	;# 
  3735     0891                     	;# 
  3736     0892                     	;# 
  3737     0892                     	;# 
  3738     0892                     	;# 
  3739     0893                     	;# 
  3740     0893                     	;# 
  3741     0893                     	;# 
  3742     0893                     	;# 
  3743     0893                     	;# 
  3744     0893                     	;# 
  3745     0894                     	;# 
  3746     0894                     	;# 
  3747     0894                     	;# 
  3748     0895                     	;# 
  3749     0895                     	;# 
  3750     0895                     	;# 
  3751     0896                     	;# 
  3752     0896                     	;# 
  3753     0896                     	;# 
  3754     089B                     	;# 
  3755     0911                     	;# 
  3756     0912                     	;# 
  3757     0913                     	;# 
  3758     0914                     	;# 
  3759     0915                     	;# 
  3760     0916                     	;# 
  3761     0918                     	;# 
  3762     0919                     	;# 
  3763     091A                     	;# 
  3764     091B                     	;# 
  3765     091C                     	;# 
  3766     091D                     	;# 
  3767     091E                     	;# 
  3768     091F                     	;# 
  3769     0E0F                     	;# 
  3770     0E10                     	;# 
  3771     0E11                     	;# 
  3772     0E12                     	;# 
  3773     0E13                     	;# 
  3774     0E14                     	;# 
  3775     0E15                     	;# 
  3776     0E16                     	;# 
  3777     0E17                     	;# 
  3778     0E18                     	;# 
  3779     0E19                     	;# 
  3780     0E1A                     	;# 
  3781     0E1B                     	;# 
  3782     0E1C                     	;# 
  3783     0E20                     	;# 
  3784     0E21                     	;# 
  3785     0E22                     	;# 
  3786     0E24                     	;# 
  3787     0E25                     	;# 
  3788     0E28                     	;# 
  3789     0E29                     	;# 
  3790     0E2A                     	;# 
  3791     0E2B                     	;# 
  3792     0E2C                     	;# 
  3793     0E2D                     	;# 
  3794     0E2E                     	;# 
  3795     0E2F                     	;# 
  3796     0E90                     	;# 
  3797     0E91                     	;# 
  3798     0E92                     	;# 
  3799     0E94                     	;# 
  3800     0E95                     	;# 
  3801     0E9C                     	;# 
  3802     0E9D                     	;# 
  3803     0E9E                     	;# 
  3804     0E9F                     	;# 
  3805     0EA0                     	;# 
  3806     0EA1                     	;# 
  3807     0EA2                     	;# 
  3808     0EA3                     	;# 
  3809     0EA4                     	;# 
  3810     0EA5                     	;# 
  3811     0EA6                     	;# 
  3812     0EA7                     	;# 
  3813     0F0F                     	;# 
  3814     0F10                     	;# 
  3815     0F11                     	;# 
  3816     0F12                     	;# 
  3817     0F13                     	;# 
  3818     0F14                     	;# 
  3819     0F15                     	;# 
  3820     0F16                     	;# 
  3821     0F17                     	;# 
  3822     0F18                     	;# 
  3823     0F19                     	;# 
  3824     0F1A                     	;# 
  3825     0F1B                     	;# 
  3826     0F1C                     	;# 
  3827     0F1D                     	;# 
  3828     0F1E                     	;# 
  3829     0F1F                     	;# 
  3830     0F20                     	;# 
  3831     0F21                     	;# 
  3832     0F22                     	;# 
  3833     0F23                     	;# 
  3834     0F24                     	;# 
  3835     0F25                     	;# 
  3836     0F26                     	;# 
  3837     0F27                     	;# 
  3838     0F28                     	;# 
  3839     0F29                     	;# 
  3840     0F2A                     	;# 
  3841     0F2B                     	;# 
  3842     0F2C                     	;# 
  3843     0F2D                     	;# 
  3844     0F2E                     	;# 
  3845     0F2F                     	;# 
  3846     0F30                     	;# 
  3847     0F31                     	;# 
  3848     0F32                     	;# 
  3849     0F33                     	;# 
  3850     0F34                     	;# 
  3851     0F35                     	;# 
  3852     0F36                     	;# 
  3853     0F37                     	;# 
  3854     0FE4                     	;# 
  3855     0FE5                     	;# 
  3856     0FE6                     	;# 
  3857     0FE7                     	;# 
  3858     0FE8                     	;# 
  3859     0FE9                     	;# 
  3860     0FEA                     	;# 
  3861     0FEB                     	;# 
  3862     0FED                     	;# 
  3863     0FEE                     	;# 
  3864     0FEF                     	;# 
  3865     0000                     	;# 
  3866     0001                     	;# 
  3867     0002                     	;# 
  3868     0003                     	;# 
  3869     0004                     	;# 
  3870     0005                     	;# 
  3871     0006                     	;# 
  3872     0007                     	;# 
  3873     0008                     	;# 
  3874     0009                     	;# 
  3875     000A                     	;# 
  3876     000B                     	;# 
  3877     000C                     	;# 
  3878     000D                     	;# 
  3879     000E                     	;# 
  3880     0010                     	;# 
  3881     0011                     	;# 
  3882     0012                     	;# 
  3883     0013                     	;# 
  3884     0014                     	;# 
  3885     0015                     	;# 
  3886     0015                     	;# 
  3887     0016                     	;# 
  3888     0016                     	;# 
  3889     0017                     	;# 
  3890     0018                     	;# 
  3891     0019                     	;# 
  3892     0019                     	;# 
  3893     001A                     	;# 
  3894     001B                     	;# 
  3895     001C                     	;# 
  3896     001D                     	;# 
  3897     001E                     	;# 
  3898     001F                     	;# 
  3899     008C                     	;# 
  3900     008D                     	;# 
  3901     008E                     	;# 
  3902     0090                     	;# 
  3903     0091                     	;# 
  3904     0092                     	;# 
  3905     0093                     	;# 
  3906     0094                     	;# 
  3907     0097                     	;# 
  3908     009B                     	;# 
  3909     009B                     	;# 
  3910     009C                     	;# 
  3911     009D                     	;# 
  3912     009E                     	;# 
  3913     009F                     	;# 
  3914     010C                     	;# 
  3915     010D                     	;# 
  3916     010E                     	;# 
  3917     0111                     	;# 
  3918     0112                     	;# 
  3919     0113                     	;# 
  3920     0114                     	;# 
  3921     0115                     	;# 
  3922     0116                     	;# 
  3923     0117                     	;# 
  3924     0118                     	;# 
  3925     0119                     	;# 
  3926     018C                     	;# 
  3927     018D                     	;# 
  3928     018E                     	;# 
  3929     0197                     	;# 
  3930     0199                     	;# 
  3931     0199                     	;# 
  3932     0199                     	;# 
  3933     019A                     	;# 
  3934     019A                     	;# 
  3935     019A                     	;# 
  3936     019B                     	;# 
  3937     019B                     	;# 
  3938     019B                     	;# 
  3939     019B                     	;# 
  3940     019B                     	;# 
  3941     019C                     	;# 
  3942     019C                     	;# 
  3943     019C                     	;# 
  3944     019D                     	;# 
  3945     019D                     	;# 
  3946     019D                     	;# 
  3947     019E                     	;# 
  3948     019E                     	;# 
  3949     019E                     	;# 
  3950     019F                     	;# 
  3951     019F                     	;# 
  3952     019F                     	;# 
  3953     019F                     	;# 
  3954     019F                     	;# 
  3955     020C                     	;# 
  3956     020D                     	;# 
  3957     020E                     	;# 
  3958     0211                     	;# 
  3959     0211                     	;# 
  3960     0212                     	;# 
  3961     0212                     	;# 
  3962     0213                     	;# 
  3963     0213                     	;# 
  3964     0214                     	;# 
  3965     0214                     	;# 
  3966     0215                     	;# 
  3967     0215                     	;# 
  3968     0215                     	;# 
  3969     0215                     	;# 
  3970     0216                     	;# 
  3971     0216                     	;# 
  3972     0217                     	;# 
  3973     0217                     	;# 
  3974     028C                     	;# 
  3975     028D                     	;# 
  3976     028E                     	;# 
  3977     0291                     	;# 
  3978     0291                     	;# 
  3979     0292                     	;# 
  3980     0293                     	;# 
  3981     0294                     	;# 
  3982     0295                     	;# 
  3983     0295                     	;# 
  3984     0296                     	;# 
  3985     0297                     	;# 
  3986     0298                     	;# 
  3987     029F                     	;# 
  3988     030C                     	;# 
  3989     030D                     	;# 
  3990     030E                     	;# 
  3991     0311                     	;# 
  3992     0311                     	;# 
  3993     0312                     	;# 
  3994     0313                     	;# 
  3995     0314                     	;# 
  3996     0315                     	;# 
  3997     0315                     	;# 
  3998     0316                     	;# 
  3999     0317                     	;# 
  4000     0318                     	;# 
  4001     038C                     	;# 
  4002     038D                     	;# 
  4003     038E                     	;# 
  4004     0391                     	;# 
  4005     0392                     	;# 
  4006     0393                     	;# 
  4007     0394                     	;# 
  4008     0395                     	;# 
  4009     0396                     	;# 
  4010     0397                     	;# 
  4011     0398                     	;# 
  4012     0399                     	;# 
  4013     039A                     	;# 
  4014     039C                     	;# 
  4015     039D                     	;# 
  4016     039E                     	;# 
  4017     039F                     	;# 
  4018     0411                     	;# 
  4019     0411                     	;# 
  4020     0412                     	;# 
  4021     0413                     	;# 
  4022     0414                     	;# 
  4023     0415                     	;# 
  4024     0416                     	;# 
  4025     0417                     	;# 
  4026     0418                     	;# 
  4027     0418                     	;# 
  4028     0419                     	;# 
  4029     041A                     	;# 
  4030     041B                     	;# 
  4031     041C                     	;# 
  4032     041D                     	;# 
  4033     041E                     	;# 
  4034     041F                     	;# 
  4035     0498                     	;# 
  4036     0498                     	;# 
  4037     0499                     	;# 
  4038     049A                     	;# 
  4039     049B                     	;# 
  4040     049B                     	;# 
  4041     049C                     	;# 
  4042     049D                     	;# 
  4043     049E                     	;# 
  4044     049F                     	;# 
  4045     0617                     	;# 
  4046     0618                     	;# 
  4047     0619                     	;# 
  4048     0619                     	;# 
  4049     061A                     	;# 
  4050     061B                     	;# 
  4051     061C                     	;# 
  4052     061C                     	;# 
  4053     061F                     	;# 
  4054     0691                     	;# 
  4055     0692                     	;# 
  4056     0693                     	;# 
  4057     0694                     	;# 
  4058     0695                     	;# 
  4059     0696                     	;# 
  4060     0697                     	;# 
  4061     0698                     	;# 
  4062     0699                     	;# 
  4063     0711                     	;# 
  4064     0712                     	;# 
  4065     0713                     	;# 
  4066     0714                     	;# 
  4067     0715                     	;# 
  4068     0716                     	;# 
  4069     0717                     	;# 
  4070     0718                     	;# 
  4071     0719                     	;# 
  4072     0891                     	;# 
  4073     0891                     	;# 
  4074     0891                     	;# 
  4075     0891                     	;# 
  4076     0891                     	;# 
  4077     0891                     	;# 
  4078     0892                     	;# 
  4079     0892                     	;# 
  4080     0892                     	;# 
  4081     0893                     	;# 
  4082     0893                     	;# 
  4083     0893                     	;# 
  4084     0893                     	;# 
  4085     0893                     	;# 
  4086     0893                     	;# 
  4087     0894                     	;# 
  4088     0894                     	;# 
  4089     0894                     	;# 
  4090     0895                     	;# 
  4091     0895                     	;# 
  4092     0895                     	;# 
  4093     0896                     	;# 
  4094     0896                     	;# 
  4095     0896                     	;# 
  4096     089B                     	;# 
  4097     0911                     	;# 
  4098     0912                     	;# 
  4099     0913                     	;# 
  4100     0914                     	;# 
  4101     0915                     	;# 
  4102     0916                     	;# 
  4103     0918                     	;# 
  4104     0919                     	;# 
  4105     091A                     	;# 
  4106     091B                     	;# 
  4107     091C                     	;# 
  4108     091D                     	;# 
  4109     091E                     	;# 
  4110     091F                     	;# 
  4111     0E0F                     	;# 
  4112     0E10                     	;# 
  4113     0E11                     	;# 
  4114     0E12                     	;# 
  4115     0E13                     	;# 
  4116     0E14                     	;# 
  4117     0E15                     	;# 
  4118     0E16                     	;# 
  4119     0E17                     	;# 
  4120     0E18                     	;# 
  4121     0E19                     	;# 
  4122     0E1A                     	;# 
  4123     0E1B                     	;# 
  4124     0E1C                     	;# 
  4125     0E20                     	;# 
  4126     0E21                     	;# 
  4127     0E22                     	;# 
  4128     0E24                     	;# 
  4129     0E25                     	;# 
  4130     0E28                     	;# 
  4131     0E29                     	;# 
  4132     0E2A                     	;# 
  4133     0E2B                     	;# 
  4134     0E2C                     	;# 
  4135     0E2D                     	;# 
  4136     0E2E                     	;# 
  4137     0E2F                     	;# 
  4138     0E90                     	;# 
  4139     0E91                     	;# 
  4140     0E92                     	;# 
  4141     0E94                     	;# 
  4142     0E95                     	;# 
  4143     0E9C                     	;# 
  4144     0E9D                     	;# 
  4145     0E9E                     	;# 
  4146     0E9F                     	;# 
  4147     0EA0                     	;# 
  4148     0EA1                     	;# 
  4149     0EA2                     	;# 
  4150     0EA3                     	;# 
  4151     0EA4                     	;# 
  4152     0EA5                     	;# 
  4153     0EA6                     	;# 
  4154     0EA7                     	;# 
  4155     0F0F                     	;# 
  4156     0F10                     	;# 
  4157     0F11                     	;# 
  4158     0F12                     	;# 
  4159     0F13                     	;# 
  4160     0F14                     	;# 
  4161     0F15                     	;# 
  4162     0F16                     	;# 
  4163     0F17                     	;# 
  4164     0F18                     	;# 
  4165     0F19                     	;# 
  4166     0F1A                     	;# 
  4167     0F1B                     	;# 
  4168     0F1C                     	;# 
  4169     0F1D                     	;# 
  4170     0F1E                     	;# 
  4171     0F1F                     	;# 
  4172     0F20                     	;# 
  4173     0F21                     	;# 
  4174     0F22                     	;# 
  4175     0F23                     	;# 
  4176     0F24                     	;# 
  4177     0F25                     	;# 
  4178     0F26                     	;# 
  4179     0F27                     	;# 
  4180     0F28                     	;# 
  4181     0F29                     	;# 
  4182     0F2A                     	;# 
  4183     0F2B                     	;# 
  4184     0F2C                     	;# 
  4185     0F2D                     	;# 
  4186     0F2E                     	;# 
  4187     0F2F                     	;# 
  4188     0F30                     	;# 
  4189     0F31                     	;# 
  4190     0F32                     	;# 
  4191     0F33                     	;# 
  4192     0F34                     	;# 
  4193     0F35                     	;# 
  4194     0F36                     	;# 
  4195     0F37                     	;# 
  4196     0FE4                     	;# 
  4197     0FE5                     	;# 
  4198     0FE6                     	;# 
  4199     0FE7                     	;# 
  4200     0FE8                     	;# 
  4201     0FE9                     	;# 
  4202     0FEA                     	;# 
  4203     0FEB                     	;# 
  4204     0FED                     	;# 
  4205     0FEE                     	;# 
  4206     0FEF                     	;# 
  4207     0000                     	;# 
  4208     0001                     	;# 
  4209     0002                     	;# 
  4210     0003                     	;# 
  4211     0004                     	;# 
  4212     0005                     	;# 
  4213     0006                     	;# 
  4214     0007                     	;# 
  4215     0008                     	;# 
  4216     0009                     	;# 
  4217     000A                     	;# 
  4218     000B                     	;# 
  4219     000C                     	;# 
  4220     000D                     	;# 
  4221     000E                     	;# 
  4222     0010                     	;# 
  4223     0011                     	;# 
  4224     0012                     	;# 
  4225     0013                     	;# 
  4226     0014                     	;# 
  4227     0015                     	;# 
  4228     0015                     	;# 
  4229     0016                     	;# 
  4230     0016                     	;# 
  4231     0017                     	;# 
  4232     0018                     	;# 
  4233     0019                     	;# 
  4234     0019                     	;# 
  4235     001A                     	;# 
  4236     001B                     	;# 
  4237     001C                     	;# 
  4238     001D                     	;# 
  4239     001E                     	;# 
  4240     001F                     	;# 
  4241     008C                     	;# 
  4242     008D                     	;# 
  4243     008E                     	;# 
  4244     0090                     	;# 
  4245     0091                     	;# 
  4246     0092                     	;# 
  4247     0093                     	;# 
  4248     0094                     	;# 
  4249     0097                     	;# 
  4250     009B                     	;# 
  4251     009B                     	;# 
  4252     009C                     	;# 
  4253     009D                     	;# 
  4254     009E                     	;# 
  4255     009F                     	;# 
  4256     010C                     	;# 
  4257     010D                     	;# 
  4258     010E                     	;# 
  4259     0111                     	;# 
  4260     0112                     	;# 
  4261     0113                     	;# 
  4262     0114                     	;# 
  4263     0115                     	;# 
  4264     0116                     	;# 
  4265     0117                     	;# 
  4266     0118                     	;# 
  4267     0119                     	;# 
  4268     018C                     	;# 
  4269     018D                     	;# 
  4270     018E                     	;# 
  4271     0197                     	;# 
  4272     0199                     	;# 
  4273     0199                     	;# 
  4274     0199                     	;# 
  4275     019A                     	;# 
  4276     019A                     	;# 
  4277     019A                     	;# 
  4278     019B                     	;# 
  4279     019B                     	;# 
  4280     019B                     	;# 
  4281     019B                     	;# 
  4282     019B                     	;# 
  4283     019C                     	;# 
  4284     019C                     	;# 
  4285     019C                     	;# 
  4286     019D                     	;# 
  4287     019D                     	;# 
  4288     019D                     	;# 
  4289     019E                     	;# 
  4290     019E                     	;# 
  4291     019E                     	;# 
  4292     019F                     	;# 
  4293     019F                     	;# 
  4294     019F                     	;# 
  4295     019F                     	;# 
  4296     019F                     	;# 
  4297     020C                     	;# 
  4298     020D                     	;# 
  4299     020E                     	;# 
  4300     0211                     	;# 
  4301     0211                     	;# 
  4302     0212                     	;# 
  4303     0212                     	;# 
  4304     0213                     	;# 
  4305     0213                     	;# 
  4306     0214                     	;# 
  4307     0214                     	;# 
  4308     0215                     	;# 
  4309     0215                     	;# 
  4310     0215                     	;# 
  4311     0215                     	;# 
  4312     0216                     	;# 
  4313     0216                     	;# 
  4314     0217                     	;# 
  4315     0217                     	;# 
  4316     028C                     	;# 
  4317     028D                     	;# 
  4318     028E                     	;# 
  4319     0291                     	;# 
  4320     0291                     	;# 
  4321     0292                     	;# 
  4322     0293                     	;# 
  4323     0294                     	;# 
  4324     0295                     	;# 
  4325     0295                     	;# 
  4326     0296                     	;# 
  4327     0297                     	;# 
  4328     0298                     	;# 
  4329     029F                     	;# 
  4330     030C                     	;# 
  4331     030D                     	;# 
  4332     030E                     	;# 
  4333     0311                     	;# 
  4334     0311                     	;# 
  4335     0312                     	;# 
  4336     0313                     	;# 
  4337     0314                     	;# 
  4338     0315                     	;# 
  4339     0315                     	;# 
  4340     0316                     	;# 
  4341     0317                     	;# 
  4342     0318                     	;# 
  4343     038C                     	;# 
  4344     038D                     	;# 
  4345     038E                     	;# 
  4346     0391                     	;# 
  4347     0392                     	;# 
  4348     0393                     	;# 
  4349     0394                     	;# 
  4350     0395                     	;# 
  4351     0396                     	;# 
  4352     0397                     	;# 
  4353     0398                     	;# 
  4354     0399                     	;# 
  4355     039A                     	;# 
  4356     039C                     	;# 
  4357     039D                     	;# 
  4358     039E                     	;# 
  4359     039F                     	;# 
  4360     0411                     	;# 
  4361     0411                     	;# 
  4362     0412                     	;# 
  4363     0413                     	;# 
  4364     0414                     	;# 
  4365     0415                     	;# 
  4366     0416                     	;# 
  4367     0417                     	;# 
  4368     0418                     	;# 
  4369     0418                     	;# 
  4370     0419                     	;# 
  4371     041A                     	;# 
  4372     041B                     	;# 
  4373     041C                     	;# 
  4374     041D                     	;# 
  4375     041E                     	;# 
  4376     041F                     	;# 
  4377     0498                     	;# 
  4378     0498                     	;# 
  4379     0499                     	;# 
  4380     049A                     	;# 
  4381     049B                     	;# 
  4382     049B                     	;# 
  4383     049C                     	;# 
  4384     049D                     	;# 
  4385     049E                     	;# 
  4386     049F                     	;# 
  4387     0617                     	;# 
  4388     0618                     	;# 
  4389     0619                     	;# 
  4390     0619                     	;# 
  4391     061A                     	;# 
  4392     061B                     	;# 
  4393     061C                     	;# 
  4394     061C                     	;# 
  4395     061F                     	;# 
  4396     0691                     	;# 
  4397     0692                     	;# 
  4398     0693                     	;# 
  4399     0694                     	;# 
  4400     0695                     	;# 
  4401     0696                     	;# 
  4402     0697                     	;# 
  4403     0698                     	;# 
  4404     0699                     	;# 
  4405     0711                     	;# 
  4406     0712                     	;# 
  4407     0713                     	;# 
  4408     0714                     	;# 
  4409     0715                     	;# 
  4410     0716                     	;# 
  4411     0717                     	;# 
  4412     0718                     	;# 
  4413     0719                     	;# 
  4414     0891                     	;# 
  4415     0891                     	;# 
  4416     0891                     	;# 
  4417     0891                     	;# 
  4418     0891                     	;# 
  4419     0891                     	;# 
  4420     0892                     	;# 
  4421     0892                     	;# 
  4422     0892                     	;# 
  4423     0893                     	;# 
  4424     0893                     	;# 
  4425     0893                     	;# 
  4426     0893                     	;# 
  4427     0893                     	;# 
  4428     0893                     	;# 
  4429     0894                     	;# 
  4430     0894                     	;# 
  4431     0894                     	;# 
  4432     0895                     	;# 
  4433     0895                     	;# 
  4434     0895                     	;# 
  4435     0896                     	;# 
  4436     0896                     	;# 
  4437     0896                     	;# 
  4438     089B                     	;# 
  4439     0911                     	;# 
  4440     0912                     	;# 
  4441     0913                     	;# 
  4442     0914                     	;# 
  4443     0915                     	;# 
  4444     0916                     	;# 
  4445     0918                     	;# 
  4446     0919                     	;# 
  4447     091A                     	;# 
  4448     091B                     	;# 
  4449     091C                     	;# 
  4450     091D                     	;# 
  4451     091E                     	;# 
  4452     091F                     	;# 
  4453     0E0F                     	;# 
  4454     0E10                     	;# 
  4455     0E11                     	;# 
  4456     0E12                     	;# 
  4457     0E13                     	;# 
  4458     0E14                     	;# 
  4459     0E15                     	;# 
  4460     0E16                     	;# 
  4461     0E17                     	;# 
  4462     0E18                     	;# 
  4463     0E19                     	;# 
  4464     0E1A                     	;# 
  4465     0E1B                     	;# 
  4466     0E1C                     	;# 
  4467     0E20                     	;# 
  4468     0E21                     	;# 
  4469     0E22                     	;# 
  4470     0E24                     	;# 
  4471     0E25                     	;# 
  4472     0E28                     	;# 
  4473     0E29                     	;# 
  4474     0E2A                     	;# 
  4475     0E2B                     	;# 
  4476     0E2C                     	;# 
  4477     0E2D                     	;# 
  4478     0E2E                     	;# 
  4479     0E2F                     	;# 
  4480     0E90                     	;# 
  4481     0E91                     	;# 
  4482     0E92                     	;# 
  4483     0E94                     	;# 
  4484     0E95                     	;# 
  4485     0E9C                     	;# 
  4486     0E9D                     	;# 
  4487     0E9E                     	;# 
  4488     0E9F                     	;# 
  4489     0EA0                     	;# 
  4490     0EA1                     	;# 
  4491     0EA2                     	;# 
  4492     0EA3                     	;# 
  4493     0EA4                     	;# 
  4494     0EA5                     	;# 
  4495     0EA6                     	;# 
  4496     0EA7                     	;# 
  4497     0F0F                     	;# 
  4498     0F10                     	;# 
  4499     0F11                     	;# 
  4500     0F12                     	;# 
  4501     0F13                     	;# 
  4502     0F14                     	;# 
  4503     0F15                     	;# 
  4504     0F16                     	;# 
  4505     0F17                     	;# 
  4506     0F18                     	;# 
  4507     0F19                     	;# 
  4508     0F1A                     	;# 
  4509     0F1B                     	;# 
  4510     0F1C                     	;# 
  4511     0F1D                     	;# 
  4512     0F1E                     	;# 
  4513     0F1F                     	;# 
  4514     0F20                     	;# 
  4515     0F21                     	;# 
  4516     0F22                     	;# 
  4517     0F23                     	;# 
  4518     0F24                     	;# 
  4519     0F25                     	;# 
  4520     0F26                     	;# 
  4521     0F27                     	;# 
  4522     0F28                     	;# 
  4523     0F29                     	;# 
  4524     0F2A                     	;# 
  4525     0F2B                     	;# 
  4526     0F2C                     	;# 
  4527     0F2D                     	;# 
  4528     0F2E                     	;# 
  4529     0F2F                     	;# 
  4530     0F30                     	;# 
  4531     0F31                     	;# 
  4532     0F32                     	;# 
  4533     0F33                     	;# 
  4534     0F34                     	;# 
  4535     0F35                     	;# 
  4536     0F36                     	;# 
  4537     0F37                     	;# 
  4538     0FE4                     	;# 
  4539     0FE5                     	;# 
  4540     0FE6                     	;# 
  4541     0FE7                     	;# 
  4542     0FE8                     	;# 
  4543     0FE9                     	;# 
  4544     0FEA                     	;# 
  4545     0FEB                     	;# 
  4546     0FED                     	;# 
  4547     0FEE                     	;# 
  4548     0FEF                     	;# 
  4549     0000                     	;# 
  4550     0001                     	;# 
  4551     0002                     	;# 
  4552     0003                     	;# 
  4553     0004                     	;# 
  4554     0005                     	;# 
  4555     0006                     	;# 
  4556     0007                     	;# 
  4557     0008                     	;# 
  4558     0009                     	;# 
  4559     000A                     	;# 
  4560     000B                     	;# 
  4561     000C                     	;# 
  4562     000D                     	;# 
  4563     000E                     	;# 
  4564     0010                     	;# 
  4565     0011                     	;# 
  4566     0012                     	;# 
  4567     0013                     	;# 
  4568     0014                     	;# 
  4569     0015                     	;# 
  4570     0015                     	;# 
  4571     0016                     	;# 
  4572     0016                     	;# 
  4573     0017                     	;# 
  4574     0018                     	;# 
  4575     0019                     	;# 
  4576     0019                     	;# 
  4577     001A                     	;# 
  4578     001B                     	;# 
  4579     001C                     	;# 
  4580     001D                     	;# 
  4581     001E                     	;# 
  4582     001F                     	;# 
  4583     008C                     	;# 
  4584     008D                     	;# 
  4585     008E                     	;# 
  4586     0090                     	;# 
  4587     0091                     	;# 
  4588     0092                     	;# 
  4589     0093                     	;# 
  4590     0094                     	;# 
  4591     0097                     	;# 
  4592     009B                     	;# 
  4593     009B                     	;# 
  4594     009C                     	;# 
  4595     009D                     	;# 
  4596     009E                     	;# 
  4597     009F                     	;# 
  4598     010C                     	;# 
  4599     010D                     	;# 
  4600     010E                     	;# 
  4601     0111                     	;# 
  4602     0112                     	;# 
  4603     0113                     	;# 
  4604     0114                     	;# 
  4605     0115                     	;# 
  4606     0116                     	;# 
  4607     0117                     	;# 
  4608     0118                     	;# 
  4609     0119                     	;# 
  4610     018C                     	;# 
  4611     018D                     	;# 
  4612     018E                     	;# 
  4613     0197                     	;# 
  4614     0199                     	;# 
  4615     0199                     	;# 
  4616     0199                     	;# 
  4617     019A                     	;# 
  4618     019A                     	;# 
  4619     019A                     	;# 
  4620     019B                     	;# 
  4621     019B                     	;# 
  4622     019B                     	;# 
  4623     019B                     	;# 
  4624     019B                     	;# 
  4625     019C                     	;# 
  4626     019C                     	;# 
  4627     019C                     	;# 
  4628     019D                     	;# 
  4629     019D                     	;# 
  4630     019D                     	;# 
  4631     019E                     	;# 
  4632     019E                     	;# 
  4633     019E                     	;# 
  4634     019F                     	;# 
  4635     019F                     	;# 
  4636     019F                     	;# 
  4637     019F                     	;# 
  4638     019F                     	;# 
  4639     020C                     	;# 
  4640     020D                     	;# 
  4641     020E                     	;# 
  4642     0211                     	;# 
  4643     0211                     	;# 
  4644     0212                     	;# 
  4645     0212                     	;# 
  4646     0213                     	;# 
  4647     0213                     	;# 
  4648     0214                     	;# 
  4649     0214                     	;# 
  4650     0215                     	;# 
  4651     0215                     	;# 
  4652     0215                     	;# 
  4653     0215                     	;# 
  4654     0216                     	;# 
  4655     0216                     	;# 
  4656     0217                     	;# 
  4657     0217                     	;# 
  4658     028C                     	;# 
  4659     028D                     	;# 
  4660     028E                     	;# 
  4661     0291                     	;# 
  4662     0291                     	;# 
  4663     0292                     	;# 
  4664     0293                     	;# 
  4665     0294                     	;# 
  4666     0295                     	;# 
  4667     0295                     	;# 
  4668     0296                     	;# 
  4669     0297                     	;# 
  4670     0298                     	;# 
  4671     029F                     	;# 
  4672     030C                     	;# 
  4673     030D                     	;# 
  4674     030E                     	;# 
  4675     0311                     	;# 
  4676     0311                     	;# 
  4677     0312                     	;# 
  4678     0313                     	;# 
  4679     0314                     	;# 
  4680     0315                     	;# 
  4681     0315                     	;# 
  4682     0316                     	;# 
  4683     0317                     	;# 
  4684     0318                     	;# 
  4685     038C                     	;# 
  4686     038D                     	;# 
  4687     038E                     	;# 
  4688     0391                     	;# 
  4689     0392                     	;# 
  4690     0393                     	;# 
  4691     0394                     	;# 
  4692     0395                     	;# 
  4693     0396                     	;# 
  4694     0397                     	;# 
  4695     0398                     	;# 
  4696     0399                     	;# 
  4697     039A                     	;# 
  4698     039C                     	;# 
  4699     039D                     	;# 
  4700     039E                     	;# 
  4701     039F                     	;# 
  4702     0411                     	;# 
  4703     0411                     	;# 
  4704     0412                     	;# 
  4705     0413                     	;# 
  4706     0414                     	;# 
  4707     0415                     	;# 
  4708     0416                     	;# 
  4709     0417                     	;# 
  4710     0418                     	;# 
  4711     0418                     	;# 
  4712     0419                     	;# 
  4713     041A                     	;# 
  4714     041B                     	;# 
  4715     041C                     	;# 
  4716     041D                     	;# 
  4717     041E                     	;# 
  4718     041F                     	;# 
  4719     0498                     	;# 
  4720     0498                     	;# 
  4721     0499                     	;# 
  4722     049A                     	;# 
  4723     049B                     	;# 
  4724     049B                     	;# 
  4725     049C                     	;# 
  4726     049D                     	;# 
  4727     049E                     	;# 
  4728     049F                     	;# 
  4729     0617                     	;# 
  4730     0618                     	;# 
  4731     0619                     	;# 
  4732     0619                     	;# 
  4733     061A                     	;# 
  4734     061B                     	;# 
  4735     061C                     	;# 
  4736     061C                     	;# 
  4737     061F                     	;# 
  4738     0691                     	;# 
  4739     0692                     	;# 
  4740     0693                     	;# 
  4741     0694                     	;# 
  4742     0695                     	;# 
  4743     0696                     	;# 
  4744     0697                     	;# 
  4745     0698                     	;# 
  4746     0699                     	;# 
  4747     0711                     	;# 
  4748     0712                     	;# 
  4749     0713                     	;# 
  4750     0714                     	;# 
  4751     0715                     	;# 
  4752     0716                     	;# 
  4753     0717                     	;# 
  4754     0718                     	;# 
  4755     0719                     	;# 
  4756     0891                     	;# 
  4757     0891                     	;# 
  4758     0891                     	;# 
  4759     0891                     	;# 
  4760     0891                     	;# 
  4761     0891                     	;# 
  4762     0892                     	;# 
  4763     0892                     	;# 
  4764     0892                     	;# 
  4765     0893                     	;# 
  4766     0893                     	;# 
  4767     0893                     	;# 
  4768     0893                     	;# 
  4769     0893                     	;# 
  4770     0893                     	;# 
  4771     0894                     	;# 
  4772     0894                     	;# 
  4773     0894                     	;# 
  4774     0895                     	;# 
  4775     0895                     	;# 
  4776     0895                     	;# 
  4777     0896                     	;# 
  4778     0896                     	;# 
  4779     0896                     	;# 
  4780     089B                     	;# 
  4781     0911                     	;# 
  4782     0912                     	;# 
  4783     0913                     	;# 
  4784     0914                     	;# 
  4785     0915                     	;# 
  4786     0916                     	;# 
  4787     0918                     	;# 
  4788     0919                     	;# 
  4789     091A                     	;# 
  4790     091B                     	;# 
  4791     091C                     	;# 
  4792     091D                     	;# 
  4793     091E                     	;# 
  4794     091F                     	;# 
  4795     0E0F                     	;# 
  4796     0E10                     	;# 
  4797     0E11                     	;# 
  4798     0E12                     	;# 
  4799     0E13                     	;# 
  4800     0E14                     	;# 
  4801     0E15                     	;# 
  4802     0E16                     	;# 
  4803     0E17                     	;# 
  4804     0E18                     	;# 
  4805     0E19                     	;# 
  4806     0E1A                     	;# 
  4807     0E1B                     	;# 
  4808     0E1C                     	;# 
  4809     0E20                     	;# 
  4810     0E21                     	;# 
  4811     0E22                     	;# 
  4812     0E24                     	;# 
  4813     0E25                     	;# 
  4814     0E28                     	;# 
  4815     0E29                     	;# 
  4816     0E2A                     	;# 
  4817     0E2B                     	;# 
  4818     0E2C                     	;# 
  4819     0E2D                     	;# 
  4820     0E2E                     	;# 
  4821     0E2F                     	;# 
  4822     0E90                     	;# 
  4823     0E91                     	;# 
  4824     0E92                     	;# 
  4825     0E94                     	;# 
  4826     0E95                     	;# 
  4827     0E9C                     	;# 
  4828     0E9D                     	;# 
  4829     0E9E                     	;# 
  4830     0E9F                     	;# 
  4831     0EA0                     	;# 
  4832     0EA1                     	;# 
  4833     0EA2                     	;# 
  4834     0EA3                     	;# 
  4835     0EA4                     	;# 
  4836     0EA5                     	;# 
  4837     0EA6                     	;# 
  4838     0EA7                     	;# 
  4839     0F0F                     	;# 
  4840     0F10                     	;# 
  4841     0F11                     	;# 
  4842     0F12                     	;# 
  4843     0F13                     	;# 
  4844     0F14                     	;# 
  4845     0F15                     	;# 
  4846     0F16                     	;# 
  4847     0F17                     	;# 
  4848     0F18                     	;# 
  4849     0F19                     	;# 
  4850     0F1A                     	;# 
  4851     0F1B                     	;# 
  4852     0F1C                     	;# 
  4853     0F1D                     	;# 
  4854     0F1E                     	;# 
  4855     0F1F                     	;# 
  4856     0F20                     	;# 
  4857     0F21                     	;# 
  4858     0F22                     	;# 
  4859     0F23                     	;# 
  4860     0F24                     	;# 
  4861     0F25                     	;# 
  4862     0F26                     	;# 
  4863     0F27                     	;# 
  4864     0F28                     	;# 
  4865     0F29                     	;# 
  4866     0F2A                     	;# 
  4867     0F2B                     	;# 
  4868     0F2C                     	;# 
  4869     0F2D                     	;# 
  4870     0F2E                     	;# 
  4871     0F2F                     	;# 
  4872     0F30                     	;# 
  4873     0F31                     	;# 
  4874     0F32                     	;# 
  4875     0F33                     	;# 
  4876     0F34                     	;# 
  4877     0F35                     	;# 
  4878     0F36                     	;# 
  4879     0F37                     	;# 
  4880     0FE4                     	;# 
  4881     0FE5                     	;# 
  4882     0FE6                     	;# 
  4883     0FE7                     	;# 
  4884     0FE8                     	;# 
  4885     0FE9                     	;# 
  4886     0FEA                     	;# 
  4887     0FEB                     	;# 
  4888     0FED                     	;# 
  4889     0FEE                     	;# 
  4890     0FEF                     	;# 
  4891                           
  4892 ;; Function _CMP1_DefaultInterruptCallback is unused but had its address taken
  4893     0000                     
  4894 ;; Function _I2C1_Deinitialize is unused but had its address taken
  4895     0000                     
  4896 ;; Function _I2C1_Write is unused but had its address taken
  4897     0000                     
  4898 ;; Function _I2C1_Read is unused but had its address taken
  4899     0000                     
  4900 ;; Function _I2C1_WriteRead is unused but had its address taken
  4901     0000                     
  4902 ;; Function _I2C1_ErrorGet is unused but had its address taken
  4903     0000                     
  4904 ;; Function _I2C1_IsBusy is unused but had its address taken
  4905     0000                     
  4906 ;; Function _INT_DefaultInterruptHandler is unused but had its address taken
  4907     0000                     
  4908 ;; Function _TMR2_DefaultOverflowCallback is unused but had its address taken
  4909     0000                     
  4910 ;; Function _EUSART_Deinitialize is unused but had its address taken
  4911     0000                     
  4912 ;; Function _EUSART_TransmitEnable is unused but had its address taken
  4913     0000                     
  4914 ;; Function _EUSART_TransmitDisable is unused but had its address taken
  4915     0000                     
  4916 ;; Function _EUSART_AutoBaudSet is unused but had its address taken
  4917     0000                     
  4918 ;; Function _EUSART_AutoBaudQuery is unused but had its address taken
  4919     0000                     
  4920 ;; Function _EUSART_IsRxReady is unused but had its address taken
  4921     0000                     
  4922 ;; Function _EUSART_IsTxReady is unused but had its address taken
  4923     0000                     
  4924 ;; Function _EUSART_IsTxDone is unused but had its address taken
  4925     0000                     
  4926 ;; Function _EUSART_ErrorGet is unused but had its address taken
  4927     0000                     
  4928 ;; Function _EUSART_Read is unused but had its address taken
  4929     0000                     
  4930 ;; Function _EUSART_Write is unused but had its address taken
  4931     0000                     
  4932 ;; Function _EUSART_DefaultFramingErrorCallback is unused but had its address taken
  4933     0000                     
  4934 ;; Function _EUSART_DefaultOverrunErrorCallback is unused but had its address taken
  4935     0000                     
  4936                           	psect	stringtext1
  4937     011A                     __pstringtext1:
  4938     011A                     _UART1:
  4939     011A  34BD               	retlw	low _EUSART_Initialize
  4940     011B  3401               	retlw	high _EUSART_Initialize
  4941     011C  3400               	retlw	0
  4942     011D  3400               	retlw	0
  4943     011E  3400               	retlw	0
  4944     011F  3400               	retlw	0
  4945     0120  3400               	retlw	0
  4946     0121  3400               	retlw	0
  4947     0122  3400               	retlw	0
  4948     0123  3400               	retlw	0
  4949     0124  3400               	retlw	0
  4950     0125  3400               	retlw	0
  4951     0126  3400               	retlw	0
  4952     0127  3400               	retlw	0
  4953     0128  3400               	retlw	0
  4954     0129  3400               	retlw	0
  4955     012A  3400               	retlw	0
  4956     012B  3400               	retlw	0
  4957     012C  3400               	retlw	0
  4958     012D  3400               	retlw	0
  4959     012E  3400               	retlw	0
  4960     012F  3400               	retlw	0
  4961     0130  3400               	retlw	0
  4962     0131  3400               	retlw	0
  4963     0132  3400               	retlw	0
  4964     0133  3400               	retlw	0
  4965     0134  3400               	retlw	0
  4966     0135  3400               	retlw	0
  4967     0136  3400               	retlw	0
  4968     0137  3400               	retlw	0
  4969     0138  3400               	retlw	0
  4970     0139  3400               	retlw	0
  4971     013A  3400               	retlw	0
  4972     013B  3400               	retlw	0
  4973     013C  3400               	retlw	0
  4974     013D  3400               	retlw	0
  4975     013E  3400               	retlw	0
  4976     013F  3400               	retlw	0
  4977     0140  3400               	retlw	0
  4978     0141  3400               	retlw	0
  4979     0142  347E               	retlw	low _EUSART_FramingErrorCallbackRegister
  4980     0143  3402               	retlw	high _EUSART_FramingErrorCallbackRegister
  4981     0144  3472               	retlw	low _EUSART_OverrunErrorCallbackRegister
  4982     0145  3402               	retlw	high _EUSART_OverrunErrorCallbackRegister
  4983     0146  3400               	retlw	0
  4984     0147  3400               	retlw	0
  4985     0148  3400               	retlw	0
  4986     0149  3400               	retlw	0
  4987     014A                     __end_of_UART1:
  4988                           
  4989                           	psect	stringtext2
  4990     0207                     __pstringtext2:
  4991     0207                     _I2C1_Host:
  4992     0207  34DB               	retlw	low _I2C1_Initialize
  4993     0208  3401               	retlw	high _I2C1_Initialize
  4994     0209  3400               	retlw	0
  4995     020A  3400               	retlw	0
  4996     020B  3400               	retlw	0
  4997     020C  3400               	retlw	0
  4998     020D  3400               	retlw	0
  4999     020E  3400               	retlw	0
  5000     020F  3400               	retlw	0
  5001     0210  3400               	retlw	0
  5002     0211  3400               	retlw	0
  5003     0212  3400               	retlw	0
  5004     0213  3400               	retlw	0
  5005     0214  3400               	retlw	0
  5006     0215  3400               	retlw	0
  5007     0216  3400               	retlw	0
  5008     0217  3466               	retlw	low _I2C1_CallbackRegister
  5009     0218  3402               	retlw	high _I2C1_CallbackRegister
  5010     0219  3400               	retlw	0
  5011     021A  3400               	retlw	0
  5012     021B                     __end_of_I2C1_Host:
  5013                           
  5014                           	psect	stringtext3
  5015     021B                     __pstringtext3:
  5016     021B                     _i2c1_eventTable:
  5017     021B  3421               	retlw	low _I2C1_EVENT_IDLE
  5018     021C  3403               	retlw	high _I2C1_EVENT_IDLE
  5019     021D  34BE               	retlw	low _I2C1_EVENT_SEND_RD_ADDR
  5020     021E  3402               	retlw	high _I2C1_EVENT_SEND_RD_ADDR
  5021     021F  34D4               	retlw	low _I2C1_EVENT_SEND_WR_ADDR
  5022     0220  3402               	retlw	high _I2C1_EVENT_SEND_WR_ADDR
  5023     0221  344A               	retlw	low _I2C1_EVENT_TX
  5024     0222  3401               	retlw	high _I2C1_EVENT_TX
  5025     0223  34DA               	retlw	low _I2C1_EVENT_RX
  5026     0224  3400               	retlw	high _I2C1_EVENT_RX
  5027     0225  3405               	retlw	low _I2C1_EVENT_NACK
  5028     0226  3403               	retlw	high _I2C1_EVENT_NACK
  5029     0227  34FF               	retlw	low _I2C1_EVENT_ERROR
  5030     0228  3402               	retlw	high _I2C1_EVENT_ERROR
  5031     0229  34B6               	retlw	low _I2C1_EVENT_STOP
  5032     022A  3402               	retlw	high _I2C1_EVENT_STOP
  5033     022B  34CD               	retlw	low _I2C1_EVENT_RESET
  5034     022C  3402               	retlw	high _I2C1_EVENT_RESET
  5035     022D                     __end_of_i2c1_eventTable:
  5036     001F                     _T2CONbits	set	31
  5037     001F                     _T2CON	set	31
  5038     001D                     _TMR2	set	29
  5039     001E                     _PR2	set	30
  5040     000B                     _INTCONbits	set	11
  5041     0010                     _PIR0bits	set	16
  5042     0012                     _PIR2bits	set	18
  5043     0011                     _PIR1bits	set	17
  5044     008E                     _TRISC	set	142
  5045     008D                     _TRISB	set	141
  5046     008C                     _TRISA	set	140
  5047     0090                     _PIE0bits	set	144
  5048     0091                     _PIE1bits	set	145
  5049     009D                     _ADCON0bits	set	157
  5050     009D                     _ADCON0	set	157
  5051     009F                     _ADACT	set	159
  5052     009C                     _ADRESH	set	156
  5053     009B                     _ADRESL	set	155
  5054     009E                     _ADCON1	set	158
  5055     010E                     _LATC	set	270
  5056     010D                     _LATB	set	269
  5057     010C                     _LATA	set	268
  5058     0119                     _DACCON1	set	281
  5059     0118                     _DACCON0	set	280
  5060     0115                     _CMOUTbits	set	277
  5061     0111                     _CM1CON0bits	set	273
  5062     0112                     _CM1CON1	set	274
  5063     0111                     _CM1CON0	set	273
  5064     019A                     _TX1REG	set	410
  5065     0199                     _RC1REG	set	409
  5066     019F                     _BAUD1CONbits	set	415
  5067     019E                     _TX1STAbits	set	414
  5068     019D                     _RC1STAbits	set	413
  5069     019C                     _SP1BRGH	set	412
  5070     019B                     _SP1BRGL	set	411
  5071     019E                     _TX1STA	set	414
  5072     019D                     _RC1STA	set	413
  5073     019F                     _BAUD1CON	set	415
  5074     018E                     _ANSELC	set	398
  5075     018D                     _ANSELB	set	397
  5076     018C                     _ANSELA	set	396
  5077     020E                     _WPUC	set	526
  5078     020D                     _WPUB	set	525
  5079     020C                     _WPUA	set	524
  5080     0216                     _SSP1CON2bits	set	534
  5081     0211                     _SSP1BUF	set	529
  5082     0214                     _SSP1STATbits	set	532
  5083     0215                     _SSP1CON1bits	set	533
  5084     0212                     _SSP1ADD	set	530
  5085     0217                     _SSP1CON3	set	535
  5086     0216                     _SSP1CON2	set	534
  5087     0215                     _SSP1CON1	set	533
  5088     0214                     _SSP1STAT	set	532
  5089     028E                     _ODCONC	set	654
  5090     028D                     _ODCONB	set	653
  5091     028C                     _ODCONA	set	652
  5092     0293                     _CCP1CONbits	set	659
  5093     029F                     _CCPTMRSbits	set	671
  5094     0291                     _CCPR1L	set	657
  5095     0292                     _CCPR1H	set	658
  5096     0293                     _CCP1CON	set	659
  5097     030E                     _SLRCONC	set	782
  5098     030D                     _SLRCONB	set	781
  5099     030C                     _SLRCONA	set	780
  5100     0399                     _IOCCF	set	921
  5101     0398                     _IOCCN	set	920
  5102     0397                     _IOCCP	set	919
  5103     0396                     _IOCBF	set	918
  5104     0395                     _IOCBN	set	917
  5105     0394                     _IOCBP	set	916
  5106     0393                     _IOCAF	set	915
  5107     0392                     _IOCAN	set	914
  5108     0391                     _IOCAP	set	913
  5109     038E                     _INLVLC	set	910
  5110     038D                     _INLVLB	set	909
  5111     038C                     _INLVLA	set	908
  5112     0697                     _CWG1AS0bits	set	1687
  5113     0695                     _CWG1CON0bits	set	1685
  5114     0695                     _CWG1CON0	set	1685
  5115     0692                     _CWG1DAT	set	1682
  5116     0699                     _CWG1STR	set	1689
  5117     0698                     _CWG1AS1	set	1688
  5118     0697                     _CWG1AS0	set	1687
  5119     0694                     _CWG1DBF	set	1684
  5120     0693                     _CWG1DBR	set	1683
  5121     0696                     _CWG1CON1	set	1686
  5122     0691                     _CWG1CLKCON	set	1681
  5123     091C                     _OSCSTAT1bits	set	2332
  5124     091E                     _OSCTUNE	set	2334
  5125     091F                     _OSCFRQ	set	2335
  5126     091D                     _OSCEN	set	2333
  5127     091B                     _OSCCON3	set	2331
  5128     0919                     _OSCCON1	set	2329
  5129     0E21                     _SSP1DATPPS	set	3617
  5130     0E20                     _SSP1CLKPPS	set	3616
  5131     0E24                     _RXPPS	set	3620
  5132     0EA6                     _RC6PPS	set	3750
  5133     0EA7                     _RC7PPS	set	3751
  5134     0E9E                     _RB6PPS	set	3742
  5135     0EA2                     _RC2PPS	set	3746
  5136     0EA1                     _RC1PPS	set	3745
  5137     0EA0                     _RC0PPS	set	3744
  5138     0E92                     _RA2PPS	set	3730
  5139                           
  5140                           	psect	cinit
  5141     0037                     start_initialization:	
  5142                           ; #config settings
  5143                           
  5144     0037                     __initialization:
  5145                           
  5146                           ; Clear objects allocated to COMMON
  5147     0037  01F0               	clrf	__pbssCOMMON& (0+127)
  5148     0038  01F1               	clrf	(__pbssCOMMON+1)& (0+127)
  5149     0039  01F2               	clrf	(__pbssCOMMON+2)& (0+127)
  5150     003A  01F3               	clrf	(__pbssCOMMON+3)& (0+127)
  5151     003B  01F4               	clrf	(__pbssCOMMON+4)& (0+127)
  5152     003C  01F5               	clrf	(__pbssCOMMON+5)& (0+127)
  5153                           
  5154                           ; Clear objects allocated to BANK0
  5155     003D  3020               	movlw	low __pbssBANK0
  5156     003E  0084               	movwf	4
  5157     003F  3000               	movlw	high __pbssBANK0
  5158     0040  0085               	movwf	5
  5159     0041  3016               	movlw	22
  5160     0042  3182  22DB  3180   	fcall	clear_ram0
  5161     0045                     end_of_initialization:	
  5162                           ;End of C runtime variable initialization code
  5163                           
  5164     0045                     __end_of__initialization:
  5165     0045  107E               	bcf	int$flags,0	;clear compiler interrupt flag (level 1)
  5166     0046  0020               	movlb	0
  5167     0047  3182  2AE1         	ljmp	_main	;jump to C main() function
  5168                           
  5169                           	psect	bssCOMMON
  5170     0070                     __pbssCOMMON:
  5171     0070                     _EUSART_FramingErrorHandler:
  5172     0070                     	ds	2
  5173     0072                     _INT_InterruptHandler:
  5174     0072                     	ds	2
  5175     0074                     _CMP1_InterruptHandler:
  5176     0074                     	ds	2
  5177                           
  5178                           	psect	bssBANK0
  5179     0020                     __pbssBANK0:
  5180     0020                     _i2c1Status:
  5181     0020                     	ds	14
  5182     002E                     _EUSART_OverrunErrorHandler:
  5183     002E                     	ds	2
  5184     0030                     _eusartRxLastError:
  5185     0030                     	ds	2
  5186     0032                     _TMR2_OverflowCallback:
  5187     0032                     	ds	2
  5188     0034                     _I2C1_Callback:
  5189     0034                     	ds	2
  5190                           
  5191                           	psect	clrtext
  5192     02DB                     clear_ram0:	
  5193                           ;	Called with FSR0 containing the base address, and
  5194                           ;	WREG with the size to clear
  5195                           
  5196     02DB  0064               	clrwdt	;clear the watchdog before getting into this loop
  5197     02DC                     clrloop0:
  5198     02DC  0180               	clrf	0	;clear RAM location pointed to by FSR
  5199     02DD  3101               	addfsr 0,1
  5200     02DE  0B89               	decfsz	9,f	;Have we reached the end of clearing yet?
  5201     02DF  2ADC               	goto	clrloop0	;have we reached the end yet?
  5202     02E0  3400               	retlw	0	;all done for this memory range, return
  5203                           
  5204                           	psect	cstackCOMMON
  5205     0076                     __pcstackCOMMON:
  5206     0076                     ?_I2C1_Initialize:
  5207     0076                     ?_I2C1_EVENT_IDLE:	
  5208                           ; 1 bytes @ 0x0
  5209                           
  5210     0076                     ??_I2C1_EVENT_IDLE:	
  5211                           ; 1 bytes @ 0x0
  5212                           
  5213     0076                     ?_I2C1_EVENT_SEND_RD_ADDR:	
  5214                           ; 1 bytes @ 0x0
  5215                           
  5216     0076                     ??_I2C1_EVENT_SEND_RD_ADDR:	
  5217                           ; 1 bytes @ 0x0
  5218                           
  5219     0076                     ?_I2C1_EVENT_SEND_WR_ADDR:	
  5220                           ; 1 bytes @ 0x0
  5221                           
  5222     0076                     ?_I2C1_EVENT_TX:	
  5223                           ; 1 bytes @ 0x0
  5224                           
  5225     0076                     ?_I2C1_EVENT_RX:	
  5226                           ; 1 bytes @ 0x0
  5227                           
  5228     0076                     ??_I2C1_EVENT_RX:	
  5229                           ; 1 bytes @ 0x0
  5230                           
  5231     0076                     ?_I2C1_EVENT_NACK:	
  5232                           ; 1 bytes @ 0x0
  5233                           
  5234     0076                     ??_I2C1_EVENT_NACK:	
  5235                           ; 1 bytes @ 0x0
  5236                           
  5237     0076                     ?_I2C1_EVENT_ERROR:	
  5238                           ; 1 bytes @ 0x0
  5239                           
  5240     0076                     ??_I2C1_EVENT_ERROR:	
  5241                           ; 1 bytes @ 0x0
  5242                           
  5243     0076                     ?_I2C1_EVENT_STOP:	
  5244                           ; 1 bytes @ 0x0
  5245                           
  5246     0076                     ??_I2C1_EVENT_STOP:	
  5247                           ; 1 bytes @ 0x0
  5248                           
  5249     0076                     ?_I2C1_EVENT_RESET:	
  5250                           ; 1 bytes @ 0x0
  5251                           
  5252     0076                     ??_I2C1_EVENT_RESET:	
  5253                           ; 1 bytes @ 0x0
  5254                           
  5255     0076                     ?_I2C1_InterruptsEnable:	
  5256                           ; 1 bytes @ 0x0
  5257                           
  5258     0076                     ?_I2C1_DefaultCallback:	
  5259                           ; 1 bytes @ 0x0
  5260                           
  5261     0076                     ??_I2C1_DefaultCallback:	
  5262                           ; 1 bytes @ 0x0
  5263                           
  5264     0076                     ?_I2C1_EventHandler:	
  5265                           ; 1 bytes @ 0x0
  5266                           
  5267     0076                     ?_I2C1_ErrorEventHandler:	
  5268                           ; 1 bytes @ 0x0
  5269                           
  5270     0076                     ?_I2C1_InterruptClear:	
  5271                           ; 1 bytes @ 0x0
  5272                           
  5273     0076                     ??_I2C1_InterruptClear:	
  5274                           ; 1 bytes @ 0x0
  5275                           
  5276     0076                     ?_I2C1_ErrorInterruptClear:	
  5277                           ; 1 bytes @ 0x0
  5278                           
  5279     0076                     ??_I2C1_ErrorInterruptClear:	
  5280                           ; 1 bytes @ 0x0
  5281                           
  5282     0076                     ?_I2C1_StatusFlagsClear:	
  5283                           ; 1 bytes @ 0x0
  5284                           
  5285     0076                     ??_I2C1_StatusFlagsClear:	
  5286                           ; 1 bytes @ 0x0
  5287                           
  5288     0076                     ?_I2C1_IsAddr:	
  5289                           ; 1 bytes @ 0x0
  5290                           
  5291     0076                     ??_I2C1_IsAddr:	
  5292                           ; 1 bytes @ 0x0
  5293                           
  5294     0076                     ?_I2C1_IsNack:	
  5295                           ; 1 bytes @ 0x0
  5296                           
  5297     0076                     ??_I2C1_IsNack:	
  5298                           ; 1 bytes @ 0x0
  5299                           
  5300     0076                     ?_I2C1_IsData:	
  5301                           ; 1 bytes @ 0x0
  5302                           
  5303     0076                     ??_I2C1_IsData:	
  5304                           ; 1 bytes @ 0x0
  5305                           
  5306     0076                     ?_I2C1_DataTransmit:	
  5307                           ; 1 bytes @ 0x0
  5308                           
  5309     0076                     ??_I2C1_DataTransmit:	
  5310                           ; 1 bytes @ 0x0
  5311                           
  5312     0076                     ?_I2C1_RestartEnable:	
  5313                           ; 1 bytes @ 0x0
  5314                           
  5315     0076                     ??_I2C1_RestartEnable:	
  5316                           ; 1 bytes @ 0x0
  5317                           
  5318     0076                     ?_I2C1_IsRxBufFull:	
  5319                           ; 1 bytes @ 0x0
  5320                           
  5321     0076                     ??_I2C1_IsRxBufFull:	
  5322                           ; 1 bytes @ 0x0
  5323                           
  5324     0076                     ?_I2C1_DataReceive:	
  5325                           ; 1 bytes @ 0x0
  5326                           
  5327     0076                     ??_I2C1_DataReceive:	
  5328                           ; 1 bytes @ 0x0
  5329                           
  5330     0076                     ?_I2C1_AckSend:	
  5331                           ; 1 bytes @ 0x0
  5332                           
  5333     0076                     ??_I2C1_AckSend:	
  5334                           ; 1 bytes @ 0x0
  5335                           
  5336     0076                     ?_I2C1_RestartDisable:	
  5337                           ; 1 bytes @ 0x0
  5338                           
  5339     0076                     ??_I2C1_RestartDisable:	
  5340                           ; 1 bytes @ 0x0
  5341                           
  5342     0076                     ?_I2C1_NackSend:	
  5343                           ; 1 bytes @ 0x0
  5344                           
  5345     0076                     ??_I2C1_NackSend:	
  5346                           ; 1 bytes @ 0x0
  5347                           
  5348     0076                     ?_I2C1_ReceiveEnable:	
  5349                           ; 1 bytes @ 0x0
  5350                           
  5351     0076                     ??_I2C1_ReceiveEnable:	
  5352                           ; 1 bytes @ 0x0
  5353                           
  5354     0076                     ?_I2C1_StopSend:	
  5355                           ; 1 bytes @ 0x0
  5356                           
  5357     0076                     ??_I2C1_StopSend:	
  5358                           ; 1 bytes @ 0x0
  5359                           
  5360     0076                     ?_I2C1_BusReset:	
  5361                           ; 1 bytes @ 0x0
  5362                           
  5363     0076                     ??_I2C1_BusReset:	
  5364                           ; 1 bytes @ 0x0
  5365                           
  5366     0076                     ?_PIN_MANAGER_IOC:	
  5367                           ; 1 bytes @ 0x0
  5368                           
  5369     0076                     ??_PIN_MANAGER_IOC:	
  5370                           ; 1 bytes @ 0x0
  5371                           
  5372     0076                     ?_CLOCK_Initialize:	
  5373                           ; 1 bytes @ 0x0
  5374                           
  5375     0076                     ?_EUSART_Initialize:	
  5376                           ; 1 bytes @ 0x0
  5377                           
  5378     0076                     ?_TMR2_Initialize:	
  5379                           ; 1 bytes @ 0x0
  5380                           
  5381     0076                     ?_ADC_Initialize:	
  5382                           ; 1 bytes @ 0x0
  5383                           
  5384     0076                     ?_CMP1_Initialize:	
  5385                           ; 1 bytes @ 0x0
  5386                           
  5387     0076                     ?_CWG1_Initialize:	
  5388                           ; 1 bytes @ 0x0
  5389                           
  5390     0076                     ?_DAC1_Initialize:	
  5391                           ; 1 bytes @ 0x0
  5392                           
  5393     0076                     ?_I2C1_ISR:	
  5394                           ; 1 bytes @ 0x0
  5395                           
  5396     0076                     ?_I2C1_ERROR_ISR:	
  5397                           ; 1 bytes @ 0x0
  5398                           
  5399     0076                     ?_I2C1_Close:	
  5400                           ; 1 bytes @ 0x0
  5401                           
  5402     0076                     ??_I2C1_Close:	
  5403                           ; 1 bytes @ 0x0
  5404                           
  5405     0076                     ?_CCP1_Initialize:	
  5406                           ; 1 bytes @ 0x0
  5407                           
  5408     0076                     ?_INTERRUPT_Initialize:	
  5409                           ; 1 bytes @ 0x0
  5410                           
  5411     0076                     ?_INTERRUPT_InterruptManager:	
  5412                           ; 1 bytes @ 0x0
  5413                           
  5414     0076                     ?_PIN_MANAGER_Initialize:	
  5415                           ; 1 bytes @ 0x0
  5416                           
  5417     0076                     ?_SYSTEM_Initialize:	
  5418                           ; 1 bytes @ 0x0
  5419                           
  5420     0076                     ?_main:	
  5421                           ; 1 bytes @ 0x0
  5422                           
  5423     0076                     I2C1_EVENT_NACK@retEventState:	
  5424                           ; 2 bytes @ 0x0
  5425                           
  5426     0076                     I2C1_EVENT_ERROR@retEventState:	
  5427                           ; 1 bytes @ 0x0
  5428                           
  5429     0076                     I2C1_DataTransmit@data:	
  5430                           ; 1 bytes @ 0x0
  5431                           
  5432                           
  5433                           ; 1 bytes @ 0x0
  5434     0076                     	ds	1
  5435     0077                     ??_I2C1_EVENT_SEND_WR_ADDR:
  5436     0077                     ??_I2C1_EVENT_TX:	
  5437                           ; 1 bytes @ 0x1
  5438                           
  5439     0077                     I2C1_EVENT_RX@retEventState:	
  5440                           ; 1 bytes @ 0x1
  5441                           
  5442                           
  5443                           ; 1 bytes @ 0x1
  5444     0077                     	ds	2
  5445     0079                     I2C1_EVENT_TX@retEventState:
  5446                           
  5447                           ; 1 bytes @ 0x3
  5448     0079                     	ds	1
  5449     007A                     ??_I2C1_EventHandler:
  5450     007A                     ??_I2C1_ErrorEventHandler:	
  5451                           ; 1 bytes @ 0x4
  5452                           
  5453                           
  5454                           ; 1 bytes @ 0x4
  5455     007A                     	ds	2
  5456     007C                     ??_I2C1_ISR:
  5457     007C                     ??_I2C1_ERROR_ISR:	
  5458                           ; 1 bytes @ 0x6
  5459                           
  5460     007C                     ??_INTERRUPT_InterruptManager:	
  5461                           ; 1 bytes @ 0x6
  5462                           
  5463                           
  5464                           	psect	cstackBANK0
  5465     0036                     __pcstackBANK0:	
  5466                           ; 1 bytes @ 0x6
  5467                           
  5468     0036                     ?_CMP1_InterruptCallbackRegister:
  5469     0036                     ?_I2C1_CallbackRegister:	
  5470                           ; 1 bytes @ 0x0
  5471                           
  5472     0036                     ??_I2C1_InterruptsEnable:	
  5473                           ; 1 bytes @ 0x0
  5474                           
  5475     0036                     ?_INT_SetInterruptHandler:	
  5476                           ; 1 bytes @ 0x0
  5477                           
  5478     0036                     ??_CLOCK_Initialize:	
  5479                           ; 1 bytes @ 0x0
  5480                           
  5481     0036                     ?_TMR2_OverflowCallbackRegister:	
  5482                           ; 1 bytes @ 0x0
  5483                           
  5484     0036                     ?_EUSART_FramingErrorCallbackRegister:	
  5485                           ; 1 bytes @ 0x0
  5486                           
  5487     0036                     ?_EUSART_OverrunErrorCallbackRegister:	
  5488                           ; 1 bytes @ 0x0
  5489                           
  5490     0036                     ??_ADC_Initialize:	
  5491                           ; 1 bytes @ 0x0
  5492                           
  5493     0036                     ??_CWG1_Initialize:	
  5494                           ; 1 bytes @ 0x0
  5495                           
  5496     0036                     ??_DAC1_Initialize:	
  5497                           ; 1 bytes @ 0x0
  5498                           
  5499     0036                     ??_CCP1_Initialize:	
  5500                           ; 1 bytes @ 0x0
  5501                           
  5502     0036                     ??_PIN_MANAGER_Initialize:	
  5503                           ; 1 bytes @ 0x0
  5504                           
  5505     0036                     CMP1_InterruptCallbackRegister@callbackHandler:	
  5506                           ; 1 bytes @ 0x0
  5507                           
  5508     0036                     I2C1_CallbackRegister@callbackHandler:	
  5509                           ; 2 bytes @ 0x0
  5510                           
  5511     0036                     INT_SetInterruptHandler@InterruptHandler:	
  5512                           ; 2 bytes @ 0x0
  5513                           
  5514     0036                     TMR2_OverflowCallbackRegister@InterruptHandler:	
  5515                           ; 2 bytes @ 0x0
  5516                           
  5517     0036                     EUSART_FramingErrorCallbackRegister@callbackHandler:	
  5518                           ; 2 bytes @ 0x0
  5519                           
  5520     0036                     EUSART_OverrunErrorCallbackRegister@callbackHandler:	
  5521                           ; 2 bytes @ 0x0
  5522                           
  5523                           
  5524                           ; 2 bytes @ 0x0
  5525     0036                     	ds	2
  5526     0038                     ??_CMP1_InterruptCallbackRegister:
  5527     0038                     ??_I2C1_Initialize:	
  5528                           ; 1 bytes @ 0x2
  5529                           
  5530     0038                     ??_I2C1_CallbackRegister:	
  5531                           ; 1 bytes @ 0x2
  5532                           
  5533     0038                     ??_INT_SetInterruptHandler:	
  5534                           ; 1 bytes @ 0x2
  5535                           
  5536     0038                     ??_EUSART_Initialize:	
  5537                           ; 1 bytes @ 0x2
  5538                           
  5539     0038                     ??_TMR2_Initialize:	
  5540                           ; 1 bytes @ 0x2
  5541                           
  5542     0038                     ??_TMR2_OverflowCallbackRegister:	
  5543                           ; 1 bytes @ 0x2
  5544                           
  5545     0038                     ??_EUSART_FramingErrorCallbackRegister:	
  5546                           ; 1 bytes @ 0x2
  5547                           
  5548     0038                     ??_EUSART_OverrunErrorCallbackRegister:	
  5549                           ; 1 bytes @ 0x2
  5550                           
  5551     0038                     ??_CMP1_Initialize:	
  5552                           ; 1 bytes @ 0x2
  5553                           
  5554     0038                     ??_INTERRUPT_Initialize:	
  5555                           ; 1 bytes @ 0x2
  5556                           
  5557     0038                     ??_SYSTEM_Initialize:	
  5558                           ; 1 bytes @ 0x2
  5559                           
  5560     0038                     ??_main:	
  5561                           ; 1 bytes @ 0x2
  5562                           
  5563                           
  5564                           	psect	maintext
  5565     02E1                     __pmaintext:	
  5566                           ; 1 bytes @ 0x2
  5567 ;;
  5568 ;;Main: autosize = 0, tempsize = 0, incstack = 0, save=0
  5569 ;;
  5570 ;; *************** function _main *****************
  5571 ;; Defined at:
  5572 ;;		line 39 in file "main.c"
  5573 ;; Parameters:    Size  Location     Type
  5574 ;;		None
  5575 ;; Auto vars:     Size  Location     Type
  5576 ;;		None
  5577 ;; Return value:  Size  Location     Type
  5578 ;;                  2  793[None  ] int 
  5579 ;; Registers used:
  5580 ;;		wreg, status,2, status,0, pclath, cstack
  5581 ;; Tracked objects:
  5582 ;;		On entry : B1F/0
  5583 ;;		On exit  : 0/0
  5584 ;;		Unchanged: 0/0
  5585 ;; Data sizes:     COMMON   BANK0   BANK1   BANK2   BANK3   BANK4   BANK5   BANK6
  5586 ;;      Params:         0       0       0       0       0       0       0       0
  5587 ;;      Locals:         0       0       0       0       0       0       0       0
  5588 ;;      Temps:          0       0       0       0       0       0       0       0
  5589 ;;      Totals:         0       0       0       0       0       0       0       0
  5590 ;;Total ram usage:        0 bytes
  5591 ;; Hardware stack levels required when called: 10
  5592 ;; This function calls:
  5593 ;;		_SYSTEM_Initialize
  5594 ;; This function is called by:
  5595 ;;		Startup code after reset
  5596 ;; This function uses a non-reentrant model
  5597 ;;
  5598                           
  5599     02E1                     _main:	
  5600                           ;psect for function _main
  5601                           
  5602     02E1                     l2641:	
  5603                           ;incstack = 0
  5604                           ; Regs used in _main: [wreg+status,2+status,0+pclath+cstack]
  5605                           
  5606                           
  5607                           ;main.c: 41:     SYSTEM_Initialize();
  5608     02E1  3181  2179  3182   	fcall	_SYSTEM_Initialize
  5609     02E4                     l794:	
  5610                           ;main.c: 60:     while(1)
  5611                           
  5612     02E4                     l795:	
  5613                           ;main.c: 61:     {;main.c: 62:     }
  5614                           
  5615     02E4  2AE4               	goto	l794
  5616     02E5  3180  2835         	ljmp	start
  5617     02E7                     __end_of_main:
  5618                           
  5619                           	psect	text1
  5620     0179                     __ptext1:	
  5621 ;; *************** function _SYSTEM_Initialize *****************
  5622 ;; Defined at:
  5623 ;;		line 39 in file "mcc_generated_files/system/src/system.c"
  5624 ;; Parameters:    Size  Location     Type
  5625 ;;		None
  5626 ;; Auto vars:     Size  Location     Type
  5627 ;;		None
  5628 ;; Return value:  Size  Location     Type
  5629 ;;                  1    wreg      void 
  5630 ;; Registers used:
  5631 ;;		wreg, status,2, status,0, pclath, cstack
  5632 ;; Tracked objects:
  5633 ;;		On entry : 0/0
  5634 ;;		On exit  : 0/0
  5635 ;;		Unchanged: 0/0
  5636 ;; Data sizes:     COMMON   BANK0   BANK1   BANK2   BANK3   BANK4   BANK5   BANK6
  5637 ;;      Params:         0       0       0       0       0       0       0       0
  5638 ;;      Locals:         0       0       0       0       0       0       0       0
  5639 ;;      Temps:          0       0       0       0       0       0       0       0
  5640 ;;      Totals:         0       0       0       0       0       0       0       0
  5641 ;;Total ram usage:        0 bytes
  5642 ;; Hardware stack levels used: 1
  5643 ;; Hardware stack levels required when called: 9
  5644 ;; This function calls:
  5645 ;;		_ADC_Initialize
  5646 ;;		_CCP1_Initialize
  5647 ;;		_CLOCK_Initialize
  5648 ;;		_CMP1_Initialize
  5649 ;;		_CWG1_Initialize
  5650 ;;		_DAC1_Initialize
  5651 ;;		_EUSART_Initialize
  5652 ;;		_I2C1_Initialize
  5653 ;;		_INTERRUPT_Initialize
  5654 ;;		_PIN_MANAGER_Initialize
  5655 ;;		_TMR2_Initialize
  5656 ;; This function is called by:
  5657 ;;		_main
  5658 ;; This function uses a non-reentrant model
  5659 ;;
  5660                           
  5661     0179                     _SYSTEM_Initialize:	
  5662                           ;psect for function _SYSTEM_Initialize
  5663                           
  5664     0179                     l2633:	
  5665                           ;incstack = 0
  5666                           ; Regs used in _SYSTEM_Initialize: [wreg+status,2+status,0+pclath+cstack]
  5667                           
  5668                           
  5669                           ;mcc_generated_files/system/src/system.c: 41:     CLOCK_Initialize();
  5670     0179  3182  2259  3181   	fcall	_CLOCK_Initialize
  5671                           
  5672                           ;mcc_generated_files/system/src/system.c: 42:     PIN_MANAGER_Initialize();
  5673     017C  3180  2049  3181   	fcall	_PIN_MANAGER_Initialize
  5674                           
  5675                           ;mcc_generated_files/system/src/system.c: 43:     ADC_Initialize();
  5676     017F  3182  22A1  3181   	fcall	_ADC_Initialize
  5677                           
  5678                           ;mcc_generated_files/system/src/system.c: 44:     CMP1_Initialize();
  5679     0182  3182  224B  3181   	fcall	_CMP1_Initialize
  5680                           
  5681                           ;mcc_generated_files/system/src/system.c: 45:     CWG1_Initialize();
  5682     0185  3182  223C  3181   	fcall	_CWG1_Initialize
  5683                           
  5684                           ;mcc_generated_files/system/src/system.c: 46:     DAC1_Initialize();
  5685     0188  3182  22F3  3181   	fcall	_DAC1_Initialize
  5686                           
  5687                           ;mcc_generated_files/system/src/system.c: 47:     EUSART_Initialize();
  5688     018B  3181  21BD  3181   	fcall	_EUSART_Initialize
  5689                           
  5690                           ;mcc_generated_files/system/src/system.c: 48:     I2C1_Initialize();
  5691     018E  3181  21DB  3181   	fcall	_I2C1_Initialize
  5692                           
  5693                           ;mcc_generated_files/system/src/system.c: 49:     CCP1_Initialize();
  5694     0191  3182  22AC  3181   	fcall	_CCP1_Initialize
  5695                           
  5696                           ;mcc_generated_files/system/src/system.c: 50:     TMR2_Initialize();
  5697     0194  3182  222D  3181   	fcall	_TMR2_Initialize
  5698                           
  5699                           ;mcc_generated_files/system/src/system.c: 51:     INTERRUPT_Initialize();
  5700     0197  3182  2296  3181   	fcall	_INTERRUPT_Initialize
  5701     019A                     l581:
  5702     019A  0008               	return
  5703     019B                     __end_of_SYSTEM_Initialize:
  5704                           
  5705                           	psect	text2
  5706     022D                     __ptext2:	
  5707 ;; *************** function _TMR2_Initialize *****************
  5708 ;; Defined at:
  5709 ;;		line 48 in file "mcc_generated_files/timer/src/tmr2.c"
  5710 ;; Parameters:    Size  Location     Type
  5711 ;;		None
  5712 ;; Auto vars:     Size  Location     Type
  5713 ;;		None
  5714 ;; Return value:  Size  Location     Type
  5715 ;;                  1    wreg      void 
  5716 ;; Registers used:
  5717 ;;		wreg, status,2, status,0, pclath, cstack
  5718 ;; Tracked objects:
  5719 ;;		On entry : 0/0
  5720 ;;		On exit  : 0/0
  5721 ;;		Unchanged: 0/0
  5722 ;; Data sizes:     COMMON   BANK0   BANK1   BANK2   BANK3   BANK4   BANK5   BANK6
  5723 ;;      Params:         0       0       0       0       0       0       0       0
  5724 ;;      Locals:         0       0       0       0       0       0       0       0
  5725 ;;      Temps:          0       0       0       0       0       0       0       0
  5726 ;;      Totals:         0       0       0       0       0       0       0       0
  5727 ;;Total ram usage:        0 bytes
  5728 ;; Hardware stack levels used: 1
  5729 ;; Hardware stack levels required when called: 8
  5730 ;; This function calls:
  5731 ;;		_TMR2_OverflowCallbackRegister
  5732 ;; This function is called by:
  5733 ;;		_SYSTEM_Initialize
  5734 ;; This function uses a non-reentrant model
  5735 ;;
  5736                           
  5737     022D                     _TMR2_Initialize:	
  5738                           ;psect for function _TMR2_Initialize
  5739                           
  5740     022D                     l2623:	
  5741                           ;incstack = 0
  5742                           ; Regs used in _TMR2_Initialize: [wreg+status,2+status,0+pclath+cstack]
  5743                           
  5744                           
  5745                           ;mcc_generated_files/timer/src/tmr2.c: 52:     PR2 = 0x5;
  5746     022D  3005               	movlw	5
  5747     022E  0020               	movlb	0	; select bank0
  5748     022F  009E               	movwf	30	;volatile
  5749     0230                     l2625:
  5750                           
  5751                           ;mcc_generated_files/timer/src/tmr2.c: 54:     TMR2 = 0x0;
  5752     0230  019D               	clrf	29	;volatile
  5753     0231                     l2627:
  5754                           
  5755                           ;mcc_generated_files/timer/src/tmr2.c: 57:      PIR1bits.TMR2IF = 0;
  5756     0231  1091               	bcf	17,1	;volatile
  5757     0232                     l2629:
  5758                           
  5759                           ;mcc_generated_files/timer/src/tmr2.c: 59:     T2CON = 0x6;
  5760     0232  3006               	movlw	6
  5761     0233  009F               	movwf	31	;volatile
  5762     0234                     l2631:
  5763                           
  5764                           ;mcc_generated_files/timer/src/tmr2.c: 62:     TMR2_OverflowCallbackRegister(TMR2_Defaul
      +                          tOverflowCallback);
  5765     0234  3000               	movlw	0
  5766     0235  00B6               	movwf	TMR2_OverflowCallbackRegister@InterruptHandler
  5767     0236  3000               	movlw	0
  5768     0237  00B7               	movwf	TMR2_OverflowCallbackRegister@InterruptHandler+1
  5769     0238  3182  22E7  3182   	fcall	_TMR2_OverflowCallbackRegister
  5770     023B                     l618:
  5771     023B  0008               	return
  5772     023C                     __end_of_TMR2_Initialize:
  5773                           
  5774                           	psect	text3
  5775     02E7                     __ptext3:	
  5776 ;; *************** function _TMR2_OverflowCallbackRegister *****************
  5777 ;; Defined at:
  5778 ;;		line 95 in file "mcc_generated_files/timer/src/tmr2.c"
  5779 ;; Parameters:    Size  Location     Type
  5780 ;;  InterruptHan    2    0[BANK0 ] PTR FTN()void 
  5781 ;;		 -> TMR2_DefaultOverflowCallback(1), 
  5782 ;; Auto vars:     Size  Location     Type
  5783 ;;		None
  5784 ;; Return value:  Size  Location     Type
  5785 ;;                  1    wreg      void 
  5786 ;; Registers used:
  5787 ;;		wreg
  5788 ;; Tracked objects:
  5789 ;;		On entry : 0/0
  5790 ;;		On exit  : 0/0
  5791 ;;		Unchanged: 0/0
  5792 ;; Data sizes:     COMMON   BANK0   BANK1   BANK2   BANK3   BANK4   BANK5   BANK6
  5793 ;;      Params:         0       2       0       0       0       0       0       0
  5794 ;;      Locals:         0       0       0       0       0       0       0       0
  5795 ;;      Temps:          0       0       0       0       0       0       0       0
  5796 ;;      Totals:         0       2       0       0       0       0       0       0
  5797 ;;Total ram usage:        2 bytes
  5798 ;; Hardware stack levels used: 1
  5799 ;; Hardware stack levels required when called: 7
  5800 ;; This function calls:
  5801 ;;		Nothing
  5802 ;; This function is called by:
  5803 ;;		_TMR2_Initialize
  5804 ;; This function uses a non-reentrant model
  5805 ;;
  5806                           
  5807     02E7                     _TMR2_OverflowCallbackRegister:	
  5808                           ;psect for function _TMR2_OverflowCallbackRegister
  5809                           
  5810     02E7                     l2463:	
  5811                           ;incstack = 0
  5812                           ; Regs used in _TMR2_OverflowCallbackRegister: [wreg]
  5813                           
  5814                           
  5815                           ;mcc_generated_files/timer/src/tmr2.c: 96:     TMR2_OverflowCallback = InterruptHandler;
  5816     02E7  0020               	movlb	0	; select bank0
  5817     02E8  0837               	movf	TMR2_OverflowCallbackRegister@InterruptHandler+1,w
  5818     02E9  00B3               	movwf	_TMR2_OverflowCallback+1
  5819     02EA  0836               	movf	TMR2_OverflowCallbackRegister@InterruptHandler,w
  5820     02EB  00B2               	movwf	_TMR2_OverflowCallback
  5821     02EC                     l636:
  5822     02EC  0008               	return
  5823     02ED                     __end_of_TMR2_OverflowCallbackRegister:
  5824                           
  5825                           	psect	text4
  5826     0049                     __ptext4:	
  5827 ;; *************** function _PIN_MANAGER_Initialize *****************
  5828 ;; Defined at:
  5829 ;;		line 38 in file "mcc_generated_files/system/src/pins.c"
  5830 ;; Parameters:    Size  Location     Type
  5831 ;;		None
  5832 ;; Auto vars:     Size  Location     Type
  5833 ;;		None
  5834 ;; Return value:  Size  Location     Type
  5835 ;;                  1    wreg      void 
  5836 ;; Registers used:
  5837 ;;		wreg, status,2
  5838 ;; Tracked objects:
  5839 ;;		On entry : 0/0
  5840 ;;		On exit  : 0/0
  5841 ;;		Unchanged: 0/0
  5842 ;; Data sizes:     COMMON   BANK0   BANK1   BANK2   BANK3   BANK4   BANK5   BANK6
  5843 ;;      Params:         0       0       0       0       0       0       0       0
  5844 ;;      Locals:         0       0       0       0       0       0       0       0
  5845 ;;      Temps:          0       0       0       0       0       0       0       0
  5846 ;;      Totals:         0       0       0       0       0       0       0       0
  5847 ;;Total ram usage:        0 bytes
  5848 ;; Hardware stack levels used: 1
  5849 ;; Hardware stack levels required when called: 7
  5850 ;; This function calls:
  5851 ;;		Nothing
  5852 ;; This function is called by:
  5853 ;;		_SYSTEM_Initialize
  5854 ;; This function uses a non-reentrant model
  5855 ;;
  5856                           
  5857     0049                     _PIN_MANAGER_Initialize:	
  5858                           ;psect for function _PIN_MANAGER_Initialize
  5859                           
  5860     0049                     l2527:	
  5861                           ;incstack = 0
  5862                           ; Regs used in _PIN_MANAGER_Initialize: [wreg+status,2]
  5863                           
  5864                           
  5865                           ;mcc_generated_files/system/src/pins.c: 43:     LATA = 0x0;
  5866     0049  0022               	movlb	2	; select bank2
  5867     004A  018C               	clrf	12	;volatile
  5868                           
  5869                           ;mcc_generated_files/system/src/pins.c: 44:     LATB = 0x0;
  5870     004B  018D               	clrf	13	;volatile
  5871     004C                     l2529:
  5872                           
  5873                           ;mcc_generated_files/system/src/pins.c: 45:     LATC = 0xC0;
  5874     004C  30C0               	movlw	192
  5875     004D  008E               	movwf	14	;volatile
  5876     004E                     l2531:
  5877                           
  5878                           ;mcc_generated_files/system/src/pins.c: 50:     TRISA = 0x3B;
  5879     004E  303B               	movlw	59
  5880     004F  0021               	movlb	1	; select bank1
  5881     0050  008C               	movwf	12	;volatile
  5882     0051                     l2533:
  5883                           
  5884                           ;mcc_generated_files/system/src/pins.c: 51:     TRISB = 0xB0;
  5885     0051  30B0               	movlw	176
  5886     0052  008D               	movwf	13	;volatile
  5887     0053                     l2535:
  5888                           
  5889                           ;mcc_generated_files/system/src/pins.c: 52:     TRISC = 0xF8;
  5890     0053  30F8               	movlw	248
  5891     0054  008E               	movwf	14	;volatile
  5892     0055                     l2537:
  5893                           
  5894                           ;mcc_generated_files/system/src/pins.c: 57:     ANSELA = 0x37;
  5895     0055  3037               	movlw	55
  5896     0056  0023               	movlb	3	; select bank3
  5897     0057  008C               	movwf	12	;volatile
  5898     0058                     l2539:
  5899                           
  5900                           ;mcc_generated_files/system/src/pins.c: 58:     ANSELB = 0xD0;
  5901     0058  30D0               	movlw	208
  5902     0059  008D               	movwf	13	;volatile
  5903     005A                     l2541:
  5904                           
  5905                           ;mcc_generated_files/system/src/pins.c: 59:     ANSELC = 0x3F;
  5906     005A  303F               	movlw	63
  5907     005B  008E               	movwf	14	;volatile
  5908     005C                     l2543:
  5909                           
  5910                           ;mcc_generated_files/system/src/pins.c: 64:     WPUA = 0x0;
  5911     005C  0024               	movlb	4	; select bank4
  5912     005D  018C               	clrf	12	;volatile
  5913     005E                     l2545:
  5914                           
  5915                           ;mcc_generated_files/system/src/pins.c: 65:     WPUB = 0x0;
  5916     005E  018D               	clrf	13	;volatile
  5917     005F                     l2547:
  5918                           
  5919                           ;mcc_generated_files/system/src/pins.c: 66:     WPUC = 0x0;
  5920     005F  018E               	clrf	14	;volatile
  5921     0060                     l2549:
  5922                           
  5923                           ;mcc_generated_files/system/src/pins.c: 72:     ODCONA = 0x0;
  5924     0060  0025               	movlb	5	; select bank5
  5925     0061  018C               	clrf	12	;volatile
  5926     0062                     l2551:
  5927                           
  5928                           ;mcc_generated_files/system/src/pins.c: 73:     ODCONB = 0x0;
  5929     0062  018D               	clrf	13	;volatile
  5930     0063                     l2553:
  5931                           
  5932                           ;mcc_generated_files/system/src/pins.c: 74:     ODCONC = 0x0;
  5933     0063  018E               	clrf	14	;volatile
  5934     0064                     l2555:
  5935                           
  5936                           ;mcc_generated_files/system/src/pins.c: 78:     SLRCONA = 0x37;
  5937     0064  3037               	movlw	55
  5938     0065  0026               	movlb	6	; select bank6
  5939     0066  008C               	movwf	12	;volatile
  5940     0067                     l2557:
  5941                           
  5942                           ;mcc_generated_files/system/src/pins.c: 79:     SLRCONB = 0xF0;
  5943     0067  30F0               	movlw	240
  5944     0068  008D               	movwf	13	;volatile
  5945     0069                     l2559:
  5946                           
  5947                           ;mcc_generated_files/system/src/pins.c: 80:     SLRCONC = 0xFF;
  5948     0069  30FF               	movlw	255
  5949     006A  008E               	movwf	14	;volatile
  5950     006B                     l2561:
  5951                           
  5952                           ;mcc_generated_files/system/src/pins.c: 84:     INLVLA = 0x3F;
  5953     006B  303F               	movlw	63
  5954     006C  0027               	movlb	7	; select bank7
  5955     006D  008C               	movwf	12	;volatile
  5956     006E                     l2563:
  5957                           
  5958                           ;mcc_generated_files/system/src/pins.c: 85:     INLVLB = 0xF0;
  5959     006E  30F0               	movlw	240
  5960     006F  008D               	movwf	13	;volatile
  5961     0070                     l2565:
  5962                           
  5963                           ;mcc_generated_files/system/src/pins.c: 86:     INLVLC = 0xFF;
  5964     0070  30FF               	movlw	255
  5965     0071  008E               	movwf	14	;volatile
  5966     0072                     l2567:
  5967                           
  5968                           ;mcc_generated_files/system/src/pins.c: 91:     RXPPS = 0xD;
  5969     0072  300D               	movlw	13
  5970     0073  003C               	movlb	28	; select bank28
  5971     0074  00A4               	movwf	36	;volatile
  5972     0075                     l2569:
  5973                           
  5974                           ;mcc_generated_files/system/src/pins.c: 92:     RA2PPS = 8;
  5975     0075  3008               	movlw	8
  5976     0076  003D               	movlb	29	; select bank29
  5977     0077  0092               	movwf	18	;volatile
  5978     0078                     l2571:
  5979                           
  5980                           ;mcc_generated_files/system/src/pins.c: 93:     RC0PPS = 9;
  5981     0078  3009               	movlw	9
  5982     0079  00A0               	movwf	32	;volatile
  5983     007A                     l2573:
  5984                           
  5985                           ;mcc_generated_files/system/src/pins.c: 94:     RC1PPS = 10;
  5986     007A  300A               	movlw	10
  5987     007B  00A1               	movwf	33	;volatile
  5988     007C                     l2575:
  5989                           
  5990                           ;mcc_generated_files/system/src/pins.c: 95:     RC2PPS = 11;
  5991     007C  300B               	movlw	11
  5992     007D  00A2               	movwf	34	;volatile
  5993     007E                     l2577:
  5994                           
  5995                           ;mcc_generated_files/system/src/pins.c: 96:     RB6PPS = 20;
  5996     007E  3014               	movlw	20
  5997     007F  009E               	movwf	30	;volatile
  5998     0080                     l2579:
  5999                           
  6000                           ;mcc_generated_files/system/src/pins.c: 97:     SSP1CLKPPS = 0x17;
  6001     0080  3017               	movlw	23
  6002     0081  003C               	movlb	28	; select bank28
  6003     0082  00A0               	movwf	32	;volatile
  6004     0083                     l2581:
  6005                           
  6006                           ;mcc_generated_files/system/src/pins.c: 98:     RC7PPS = 24;
  6007     0083  3018               	movlw	24
  6008     0084  003D               	movlb	29	; select bank29
  6009     0085  00A7               	movwf	39	;volatile
  6010     0086                     l2583:
  6011                           
  6012                           ;mcc_generated_files/system/src/pins.c: 99:     SSP1DATPPS = 0x16;
  6013     0086  3016               	movlw	22
  6014     0087  003C               	movlb	28	; select bank28
  6015     0088  00A1               	movwf	33	;volatile
  6016     0089                     l2585:
  6017                           
  6018                           ;mcc_generated_files/system/src/pins.c: 100:     RC6PPS = 25;
  6019     0089  3019               	movlw	25
  6020     008A  003D               	movlb	29	; select bank29
  6021     008B  00A6               	movwf	38	;volatile
  6022     008C                     l2587:
  6023                           
  6024                           ;mcc_generated_files/system/src/pins.c: 109:     IOCAP = 0x0;
  6025     008C  0027               	movlb	7	; select bank7
  6026     008D  0191               	clrf	17	;volatile
  6027     008E                     l2589:
  6028                           
  6029                           ;mcc_generated_files/system/src/pins.c: 110:     IOCAN = 0x0;
  6030     008E  0192               	clrf	18	;volatile
  6031     008F                     l2591:
  6032                           
  6033                           ;mcc_generated_files/system/src/pins.c: 111:     IOCAF = 0x0;
  6034     008F  0193               	clrf	19	;volatile
  6035     0090                     l2593:
  6036                           
  6037                           ;mcc_generated_files/system/src/pins.c: 112:     IOCBP = 0x0;
  6038     0090  0194               	clrf	20	;volatile
  6039     0091                     l2595:
  6040                           
  6041                           ;mcc_generated_files/system/src/pins.c: 113:     IOCBN = 0x0;
  6042     0091  0195               	clrf	21	;volatile
  6043     0092                     l2597:
  6044                           
  6045                           ;mcc_generated_files/system/src/pins.c: 114:     IOCBF = 0x0;
  6046     0092  0196               	clrf	22	;volatile
  6047     0093                     l2599:
  6048                           
  6049                           ;mcc_generated_files/system/src/pins.c: 115:     IOCCP = 0x0;
  6050     0093  0197               	clrf	23	;volatile
  6051     0094                     l2601:
  6052                           
  6053                           ;mcc_generated_files/system/src/pins.c: 116:     IOCCN = 0x0;
  6054     0094  0198               	clrf	24	;volatile
  6055     0095                     l2603:
  6056                           
  6057                           ;mcc_generated_files/system/src/pins.c: 117:     IOCCF = 0x0;
  6058     0095  0199               	clrf	25	;volatile
  6059     0096                     l553:
  6060     0096  0008               	return
  6061     0097                     __end_of_PIN_MANAGER_Initialize:
  6062                           
  6063                           	psect	text5
  6064     0296                     __ptext5:	
  6065 ;; *************** function _INTERRUPT_Initialize *****************
  6066 ;; Defined at:
  6067 ;;		line 40 in file "mcc_generated_files/system/src/interrupt.c"
  6068 ;; Parameters:    Size  Location     Type
  6069 ;;		None
  6070 ;; Auto vars:     Size  Location     Type
  6071 ;;		None
  6072 ;; Return value:  Size  Location     Type
  6073 ;;                  1    wreg      void 
  6074 ;; Registers used:
  6075 ;;		wreg, status,2, status,0, pclath, cstack
  6076 ;; Tracked objects:
  6077 ;;		On entry : 0/0
  6078 ;;		On exit  : 0/0
  6079 ;;		Unchanged: 0/0
  6080 ;; Data sizes:     COMMON   BANK0   BANK1   BANK2   BANK3   BANK4   BANK5   BANK6
  6081 ;;      Params:         0       0       0       0       0       0       0       0
  6082 ;;      Locals:         0       0       0       0       0       0       0       0
  6083 ;;      Temps:          0       0       0       0       0       0       0       0
  6084 ;;      Totals:         0       0       0       0       0       0       0       0
  6085 ;;Total ram usage:        0 bytes
  6086 ;; Hardware stack levels used: 1
  6087 ;; Hardware stack levels required when called: 8
  6088 ;; This function calls:
  6089 ;;		_INT_SetInterruptHandler
  6090 ;; This function is called by:
  6091 ;;		_SYSTEM_Initialize
  6092 ;; This function uses a non-reentrant model
  6093 ;;
  6094                           
  6095     0296                     _INTERRUPT_Initialize:	
  6096                           ;psect for function _INTERRUPT_Initialize
  6097                           
  6098     0296                     l2523:	
  6099                           ;incstack = 0
  6100                           ; Regs used in _INTERRUPT_Initialize: [wreg+status,2+status,0+pclath+cstack]
  6101                           
  6102                           
  6103                           ;mcc_generated_files/system/src/interrupt.c: 44:     (PIR0bits.INTF = 0);
  6104     0296  0020               	movlb	0	; select bank0
  6105     0297  1010               	bcf	16,0	;volatile
  6106                           
  6107                           ;mcc_generated_files/system/src/interrupt.c: 45:     (INTCONbits.INTEDG = 1);
  6108     0298  140B               	bsf	11,0	;volatile
  6109     0299                     l2525:
  6110                           
  6111                           ;mcc_generated_files/system/src/interrupt.c: 47:     INT_SetInterruptHandler(INT_Default
      +                          InterruptHandler);
  6112     0299  3000               	movlw	0
  6113     029A  00B6               	movwf	INT_SetInterruptHandler@InterruptHandler
  6114     029B  3000               	movlw	0
  6115     029C  00B7               	movwf	INT_SetInterruptHandler@InterruptHandler+1
  6116     029D  3182  22ED  3182   	fcall	_INT_SetInterruptHandler
  6117     02A0                     l445:
  6118     02A0  0008               	return
  6119     02A1                     __end_of_INTERRUPT_Initialize:
  6120                           
  6121                           	psect	text6
  6122     02ED                     __ptext6:	
  6123 ;; *************** function _INT_SetInterruptHandler *****************
  6124 ;; Defined at:
  6125 ;;		line 106 in file "mcc_generated_files/system/src/interrupt.c"
  6126 ;; Parameters:    Size  Location     Type
  6127 ;;  InterruptHan    2    0[BANK0 ] PTR FTN()void 
  6128 ;;		 -> INT_DefaultInterruptHandler(1), 
  6129 ;; Auto vars:     Size  Location     Type
  6130 ;;		None
  6131 ;; Return value:  Size  Location     Type
  6132 ;;                  1    wreg      void 
  6133 ;; Registers used:
  6134 ;;		wreg
  6135 ;; Tracked objects:
  6136 ;;		On entry : 0/0
  6137 ;;		On exit  : 0/0
  6138 ;;		Unchanged: 0/0
  6139 ;; Data sizes:     COMMON   BANK0   BANK1   BANK2   BANK3   BANK4   BANK5   BANK6
  6140 ;;      Params:         0       2       0       0       0       0       0       0
  6141 ;;      Locals:         0       0       0       0       0       0       0       0
  6142 ;;      Temps:          0       0       0       0       0       0       0       0
  6143 ;;      Totals:         0       2       0       0       0       0       0       0
  6144 ;;Total ram usage:        2 bytes
  6145 ;; Hardware stack levels used: 1
  6146 ;; Hardware stack levels required when called: 7
  6147 ;; This function calls:
  6148 ;;		Nothing
  6149 ;; This function is called by:
  6150 ;;		_INTERRUPT_Initialize
  6151 ;; This function uses a non-reentrant model
  6152 ;;
  6153                           
  6154     02ED                     _INT_SetInterruptHandler:	
  6155                           ;psect for function _INT_SetInterruptHandler
  6156                           
  6157     02ED                     l2461:	
  6158                           ;incstack = 0
  6159                           ; Regs used in _INT_SetInterruptHandler: [wreg]
  6160                           
  6161                           
  6162                           ;mcc_generated_files/system/src/interrupt.c: 107:     INT_InterruptHandler = InterruptHa
      +                          ndler;
  6163     02ED  0020               	movlb	0	; select bank0
  6164     02EE  0837               	movf	INT_SetInterruptHandler@InterruptHandler+1,w
  6165     02EF  00F3               	movwf	_INT_InterruptHandler+1
  6166     02F0  0836               	movf	INT_SetInterruptHandler@InterruptHandler,w
  6167     02F1  00F2               	movwf	_INT_InterruptHandler
  6168     02F2                     l467:
  6169     02F2  0008               	return
  6170     02F3                     __end_of_INT_SetInterruptHandler:
  6171                           
  6172                           	psect	text7
  6173     01DB                     __ptext7:	
  6174 ;; *************** function _I2C1_Initialize *****************
  6175 ;; Defined at:
  6176 ;;		line 114 in file "mcc_generated_files/i2c_host/src/mssp1.c"
  6177 ;; Parameters:    Size  Location     Type
  6178 ;;		None
  6179 ;; Auto vars:     Size  Location     Type
  6180 ;;		None
  6181 ;; Return value:  Size  Location     Type
  6182 ;;                  1    wreg      void 
  6183 ;; Registers used:
  6184 ;;		wreg, status,2, status,0, pclath, cstack
  6185 ;; Tracked objects:
  6186 ;;		On entry : 0/0
  6187 ;;		On exit  : 0/0
  6188 ;;		Unchanged: 0/0
  6189 ;; Data sizes:     COMMON   BANK0   BANK1   BANK2   BANK3   BANK4   BANK5   BANK6
  6190 ;;      Params:         0       0       0       0       0       0       0       0
  6191 ;;      Locals:         0       0       0       0       0       0       0       0
  6192 ;;      Temps:          0       0       0       0       0       0       0       0
  6193 ;;      Totals:         0       0       0       0       0       0       0       0
  6194 ;;Total ram usage:        0 bytes
  6195 ;; Hardware stack levels used: 1
  6196 ;; Hardware stack levels required when called: 8
  6197 ;; This function calls:
  6198 ;;		_I2C1_CallbackRegister
  6199 ;;		_I2C1_InterruptsEnable
  6200 ;; This function is called by:
  6201 ;;		_SYSTEM_Initialize
  6202 ;; This function uses a non-reentrant model
  6203 ;;
  6204                           
  6205     01DB                     _I2C1_Initialize:	
  6206                           ;psect for function _I2C1_Initialize
  6207                           
  6208     01DB                     l2505:	
  6209                           ;incstack = 0
  6210                           ; Regs used in _I2C1_Initialize: [wreg+status,2+status,0+pclath+cstack]
  6211                           
  6212                           
  6213                           ;mcc_generated_files/i2c_host/src/mssp1.c: 117:     SSP1STAT = 0x80;
  6214     01DB  3080               	movlw	128
  6215     01DC  0024               	movlb	4	; select bank4
  6216     01DD  0094               	movwf	20	;volatile
  6217                           
  6218                           ;mcc_generated_files/i2c_host/src/mssp1.c: 119:     SSP1CON1 = 0x8;
  6219     01DE  3008               	movlw	8
  6220     01DF  0095               	movwf	21	;volatile
  6221     01E0                     l2507:
  6222                           
  6223                           ;mcc_generated_files/i2c_host/src/mssp1.c: 121:     SSP1CON2 = 0x0;
  6224     01E0  0196               	clrf	22	;volatile
  6225     01E1                     l2509:
  6226                           
  6227                           ;mcc_generated_files/i2c_host/src/mssp1.c: 123:     SSP1CON3 = 0x0;
  6228     01E1  0197               	clrf	23	;volatile
  6229                           
  6230                           ;mcc_generated_files/i2c_host/src/mssp1.c: 125:     SSP1ADD = 0x13;
  6231     01E2  3013               	movlw	19
  6232     01E3  0092               	movwf	18	;volatile
  6233     01E4                     l2511:
  6234                           
  6235                           ;mcc_generated_files/i2c_host/src/mssp1.c: 126:     I2C1_InterruptsEnable();
  6236     01E4  3183  2315  3181   	fcall	_I2C1_InterruptsEnable
  6237                           
  6238                           ;mcc_generated_files/i2c_host/src/mssp1.c: 127:     I2C1_CallbackRegister(I2C1_DefaultCa
      +                          llback);
  6239     01E7  304F               	movlw	low _I2C1_DefaultCallback
  6240     01E8  0020               	movlb	0	; select bank0
  6241     01E9  00B6               	movwf	I2C1_CallbackRegister@callbackHandler
  6242     01EA  3003               	movlw	high _I2C1_DefaultCallback
  6243     01EB  00B7               	movwf	I2C1_CallbackRegister@callbackHandler+1
  6244     01EC  3182  2266  3181   	fcall	_I2C1_CallbackRegister
  6245     01EF                     l2513:
  6246                           
  6247                           ;mcc_generated_files/i2c_host/src/mssp1.c: 128:     SSP1CON1bits.SSPEN = 1;
  6248     01EF  0024               	movlb	4	; select bank4
  6249     01F0  1695               	bsf	21,5	;volatile
  6250     01F1                     l250:
  6251     01F1  0008               	return
  6252     01F2                     __end_of_I2C1_Initialize:
  6253                           
  6254                           	psect	text8
  6255     0315                     __ptext8:	
  6256 ;; *************** function _I2C1_InterruptsEnable *****************
  6257 ;; Defined at:
  6258 ;;		line 467 in file "mcc_generated_files/i2c_host/src/mssp1.c"
  6259 ;; Parameters:    Size  Location     Type
  6260 ;;		None
  6261 ;; Auto vars:     Size  Location     Type
  6262 ;;		None
  6263 ;; Return value:  Size  Location     Type
  6264 ;;                  1    wreg      void 
  6265 ;; Registers used:
  6266 ;;		None
  6267 ;; Tracked objects:
  6268 ;;		On entry : 0/0
  6269 ;;		On exit  : 0/0
  6270 ;;		Unchanged: 0/0
  6271 ;; Data sizes:     COMMON   BANK0   BANK1   BANK2   BANK3   BANK4   BANK5   BANK6
  6272 ;;      Params:         0       0       0       0       0       0       0       0
  6273 ;;      Locals:         0       0       0       0       0       0       0       0
  6274 ;;      Temps:          0       0       0       0       0       0       0       0
  6275 ;;      Totals:         0       0       0       0       0       0       0       0
  6276 ;;Total ram usage:        0 bytes
  6277 ;; Hardware stack levels used: 1
  6278 ;; Hardware stack levels required when called: 7
  6279 ;; This function calls:
  6280 ;;		Nothing
  6281 ;; This function is called by:
  6282 ;;		_I2C1_Initialize
  6283 ;; This function uses a non-reentrant model
  6284 ;;
  6285                           
  6286     0315                     _I2C1_InterruptsEnable:	
  6287                           ;psect for function _I2C1_InterruptsEnable
  6288                           
  6289     0315                     l2455:	
  6290                           ;incstack = 0
  6291                           ; Regs used in _I2C1_InterruptsEnable: []
  6292                           
  6293                           
  6294                           ;mcc_generated_files/i2c_host/src/mssp1.c: 469:     PIE1bits.SSP1IE = 1;
  6295     0315  0021               	movlb	1	; select bank1
  6296     0316  1591               	bsf	17,3	;volatile
  6297                           
  6298                           ;mcc_generated_files/i2c_host/src/mssp1.c: 470:     PIE1bits.BCL1IE = 1;
  6299     0317  1511               	bsf	17,2	;volatile
  6300     0318                     l385:
  6301     0318  0008               	return
  6302     0319                     __end_of_I2C1_InterruptsEnable:
  6303                           
  6304                           	psect	text9
  6305     0266                     __ptext9:	
  6306 ;; *************** function _I2C1_CallbackRegister *****************
  6307 ;; Defined at:
  6308 ;;		line 211 in file "mcc_generated_files/i2c_host/src/mssp1.c"
  6309 ;; Parameters:    Size  Location     Type
  6310 ;;  callbackHand    2    0[BANK0 ] PTR FTN()void 
  6311 ;;		 -> I2C1_DefaultCallback(1), 
  6312 ;; Auto vars:     Size  Location     Type
  6313 ;;		None
  6314 ;; Return value:  Size  Location     Type
  6315 ;;                  1    wreg      void 
  6316 ;; Registers used:
  6317 ;;		wreg, status,2, status,0
  6318 ;; Tracked objects:
  6319 ;;		On entry : 0/0
  6320 ;;		On exit  : 0/0
  6321 ;;		Unchanged: 0/0
  6322 ;; Data sizes:     COMMON   BANK0   BANK1   BANK2   BANK3   BANK4   BANK5   BANK6
  6323 ;;      Params:         0       2       0       0       0       0       0       0
  6324 ;;      Locals:         0       0       0       0       0       0       0       0
  6325 ;;      Temps:          0       0       0       0       0       0       0       0
  6326 ;;      Totals:         0       2       0       0       0       0       0       0
  6327 ;;Total ram usage:        2 bytes
  6328 ;; Hardware stack levels used: 1
  6329 ;; Hardware stack levels required when called: 7
  6330 ;; This function calls:
  6331 ;;		Nothing
  6332 ;; This function is called by:
  6333 ;;		_I2C1_Initialize
  6334 ;;		_I2C1_Deinitialize
  6335 ;; This function uses a non-reentrant model
  6336 ;;
  6337                           
  6338     0266                     _I2C1_CallbackRegister:	
  6339                           ;psect for function _I2C1_CallbackRegister
  6340                           
  6341     0266                     l2457:	
  6342                           ;incstack = 0
  6343                           ; Regs used in _I2C1_CallbackRegister: [wreg+status,2+status,0]
  6344                           
  6345                           
  6346                           ;mcc_generated_files/i2c_host/src/mssp1.c: 211: void I2C1_CallbackRegister(void (*callba
      +                          ckHandler)(void));mcc_generated_files/i2c_host/src/mssp1.c: 212: {;mcc_generated_files/i
      +                          2c_host/src/mssp1.c: 213:     if (callbackHandler != ((void*)0))
  6347     0266  0020               	movlb	0	; select bank0
  6348     0267  0836               	movf	I2C1_CallbackRegister@callbackHandler,w
  6349     0268  0437               	iorwf	I2C1_CallbackRegister@callbackHandler+1,w
  6350     0269  1903               	btfsc	3,2
  6351     026A  2A6C               	goto	u711
  6352     026B  2A6D               	goto	u710
  6353     026C                     u711:
  6354     026C  2A71               	goto	l277
  6355     026D                     u710:
  6356     026D                     l2459:
  6357                           
  6358                           ;mcc_generated_files/i2c_host/src/mssp1.c: 214:     {;mcc_generated_files/i2c_host/src/m
      +                          ssp1.c: 215:         I2C1_Callback = callbackHandler;
  6359     026D  0837               	movf	I2C1_CallbackRegister@callbackHandler+1,w
  6360     026E  00B5               	movwf	_I2C1_Callback+1
  6361     026F  0836               	movf	I2C1_CallbackRegister@callbackHandler,w
  6362     0270  00B4               	movwf	_I2C1_Callback
  6363     0271                     l277:
  6364     0271  0008               	return
  6365     0272                     __end_of_I2C1_CallbackRegister:
  6366                           
  6367                           	psect	text10
  6368     01BD                     __ptext10:	
  6369 ;; *************** function _EUSART_Initialize *****************
  6370 ;; Defined at:
  6371 ;;		line 94 in file "mcc_generated_files/uart/src/eusart.c"
  6372 ;; Parameters:    Size  Location     Type
  6373 ;;		None
  6374 ;; Auto vars:     Size  Location     Type
  6375 ;;		None
  6376 ;; Return value:  Size  Location     Type
  6377 ;;                  1    wreg      void 
  6378 ;; Registers used:
  6379 ;;		wreg, status,2, status,0, pclath, cstack
  6380 ;; Tracked objects:
  6381 ;;		On entry : 0/0
  6382 ;;		On exit  : 0/0
  6383 ;;		Unchanged: 0/0
  6384 ;; Data sizes:     COMMON   BANK0   BANK1   BANK2   BANK3   BANK4   BANK5   BANK6
  6385 ;;      Params:         0       0       0       0       0       0       0       0
  6386 ;;      Locals:         0       0       0       0       0       0       0       0
  6387 ;;      Temps:          0       0       0       0       0       0       0       0
  6388 ;;      Totals:         0       0       0       0       0       0       0       0
  6389 ;;Total ram usage:        0 bytes
  6390 ;; Hardware stack levels used: 1
  6391 ;; Hardware stack levels required when called: 8
  6392 ;; This function calls:
  6393 ;;		_EUSART_FramingErrorCallbackRegister
  6394 ;;		_EUSART_OverrunErrorCallbackRegister
  6395 ;; This function is called by:
  6396 ;;		_SYSTEM_Initialize
  6397 ;; This function uses a non-reentrant model
  6398 ;;
  6399                           
  6400     01BD                     _EUSART_Initialize:	
  6401                           ;psect for function _EUSART_Initialize
  6402                           
  6403     01BD                     l2613:	
  6404                           ;incstack = 0
  6405                           ; Regs used in _EUSART_Initialize: [wreg+status,2+status,0+pclath+cstack]
  6406                           
  6407                           
  6408                           ;mcc_generated_files/uart/src/eusart.c: 99:     BAUD1CON = 0x48;
  6409     01BD  3048               	movlw	72
  6410     01BE  0023               	movlb	3	; select bank3
  6411     01BF  009F               	movwf	31	;volatile
  6412                           
  6413                           ;mcc_generated_files/uart/src/eusart.c: 101:     RC1STA = 0x90;
  6414     01C0  3090               	movlw	144
  6415     01C1  009D               	movwf	29	;volatile
  6416                           
  6417                           ;mcc_generated_files/uart/src/eusart.c: 103:     TX1STA = 0x26;
  6418     01C2  3026               	movlw	38
  6419     01C3  009E               	movwf	30	;volatile
  6420                           
  6421                           ;mcc_generated_files/uart/src/eusart.c: 105:     SP1BRGL = 0xCF;
  6422     01C4  30CF               	movlw	207
  6423     01C5  009B               	movwf	27	;volatile
  6424     01C6                     l2615:
  6425                           
  6426                           ;mcc_generated_files/uart/src/eusart.c: 107:     SP1BRGH = 0x0;
  6427     01C6  019C               	clrf	28	;volatile
  6428     01C7                     l2617:
  6429                           
  6430                           ;mcc_generated_files/uart/src/eusart.c: 109:     EUSART_FramingErrorCallbackRegister(EUS
      +                          ART_DefaultFramingErrorCallback);
  6431     01C7  3000               	movlw	0
  6432     01C8  0020               	movlb	0	; select bank0
  6433     01C9  00B6               	movwf	EUSART_FramingErrorCallbackRegister@callbackHandler
  6434     01CA  3000               	movlw	0
  6435     01CB  00B7               	movwf	EUSART_FramingErrorCallbackRegister@callbackHandler+1
  6436     01CC  3182  227E  3181   	fcall	_EUSART_FramingErrorCallbackRegister
  6437     01CF                     l2619:
  6438                           
  6439                           ;mcc_generated_files/uart/src/eusart.c: 110:     EUSART_OverrunErrorCallbackRegister(EUS
      +                          ART_DefaultOverrunErrorCallback);
  6440     01CF  3000               	movlw	0
  6441     01D0  0020               	movlb	0	; select bank0
  6442     01D1  00B6               	movwf	EUSART_OverrunErrorCallbackRegister@callbackHandler
  6443     01D2  3000               	movlw	0
  6444     01D3  00B7               	movwf	EUSART_OverrunErrorCallbackRegister@callbackHandler+1
  6445     01D4  3182  2272  3181   	fcall	_EUSART_OverrunErrorCallbackRegister
  6446     01D7                     l2621:
  6447                           
  6448                           ;mcc_generated_files/uart/src/eusart.c: 111:     eusartRxLastError.status = 0;
  6449     01D7  0020               	movlb	0	; select bank0
  6450     01D8  01B0               	clrf	_eusartRxLastError	;volatile
  6451     01D9  01B1               	clrf	_eusartRxLastError+1	;volatile
  6452     01DA                     l708:
  6453     01DA  0008               	return
  6454     01DB                     __end_of_EUSART_Initialize:
  6455                           
  6456                           	psect	text11
  6457     0272                     __ptext11:	
  6458 ;; *************** function _EUSART_OverrunErrorCallbackRegister *****************
  6459 ;; Defined at:
  6460 ;;		line 260 in file "mcc_generated_files/uart/src/eusart.c"
  6461 ;; Parameters:    Size  Location     Type
  6462 ;;  callbackHand    2    0[BANK0 ] PTR FTN()void 
  6463 ;;		 -> EUSART_DefaultOverrunErrorCallback(1), 
  6464 ;; Auto vars:     Size  Location     Type
  6465 ;;		None
  6466 ;; Return value:  Size  Location     Type
  6467 ;;                  1    wreg      void 
  6468 ;; Registers used:
  6469 ;;		wreg, status,2, status,0
  6470 ;; Tracked objects:
  6471 ;;		On entry : 0/0
  6472 ;;		On exit  : 0/0
  6473 ;;		Unchanged: 0/0
  6474 ;; Data sizes:     COMMON   BANK0   BANK1   BANK2   BANK3   BANK4   BANK5   BANK6
  6475 ;;      Params:         0       2       0       0       0       0       0       0
  6476 ;;      Locals:         0       0       0       0       0       0       0       0
  6477 ;;      Temps:          0       0       0       0       0       0       0       0
  6478 ;;      Totals:         0       2       0       0       0       0       0       0
  6479 ;;Total ram usage:        2 bytes
  6480 ;; Hardware stack levels used: 1
  6481 ;; Hardware stack levels required when called: 7
  6482 ;; This function calls:
  6483 ;;		Nothing
  6484 ;; This function is called by:
  6485 ;;		_EUSART_Initialize
  6486 ;; This function uses a non-reentrant model
  6487 ;;
  6488                           
  6489     0272                     _EUSART_OverrunErrorCallbackRegister:	
  6490                           ;psect for function _EUSART_OverrunErrorCallbackRegister
  6491                           
  6492     0272                     l2469:	
  6493                           ;incstack = 0
  6494                           ; Regs used in _EUSART_OverrunErrorCallbackRegister: [wreg+status,2+status,0]
  6495                           
  6496                           
  6497                           ;mcc_generated_files/uart/src/eusart.c: 260: void EUSART_OverrunErrorCallbackRegister(vo
      +                          id (* callbackHandler)(void));mcc_generated_files/uart/src/eusart.c: 261: {;mcc_generate
      +                          d_files/uart/src/eusart.c: 262:     if(((void*)0) != callbackHandler)
  6498     0272  0020               	movlb	0	; select bank0
  6499     0273  0836               	movf	EUSART_OverrunErrorCallbackRegister@callbackHandler,w
  6500     0274  0437               	iorwf	EUSART_OverrunErrorCallbackRegister@callbackHandler+1,w
  6501     0275  1903               	btfsc	3,2
  6502     0276  2A78               	goto	u731
  6503     0277  2A79               	goto	u730
  6504     0278                     u731:
  6505     0278  2A7D               	goto	l787
  6506     0279                     u730:
  6507     0279                     l2471:
  6508                           
  6509                           ;mcc_generated_files/uart/src/eusart.c: 263:     {;mcc_generated_files/uart/src/eusart.c
      +                          : 264:         EUSART_OverrunErrorHandler = callbackHandler;
  6510     0279  0837               	movf	EUSART_OverrunErrorCallbackRegister@callbackHandler+1,w
  6511     027A  00AF               	movwf	_EUSART_OverrunErrorHandler+1
  6512     027B  0836               	movf	EUSART_OverrunErrorCallbackRegister@callbackHandler,w
  6513     027C  00AE               	movwf	_EUSART_OverrunErrorHandler
  6514     027D                     l787:
  6515     027D  0008               	return
  6516     027E                     __end_of_EUSART_OverrunErrorCallbackRegister:
  6517                           
  6518                           	psect	text12
  6519     027E                     __ptext12:	
  6520 ;; *************** function _EUSART_FramingErrorCallbackRegister *****************
  6521 ;; Defined at:
  6522 ;;		line 252 in file "mcc_generated_files/uart/src/eusart.c"
  6523 ;; Parameters:    Size  Location     Type
  6524 ;;  callbackHand    2    0[BANK0 ] PTR FTN()void 
  6525 ;;		 -> EUSART_DefaultFramingErrorCallback(1), 
  6526 ;; Auto vars:     Size  Location     Type
  6527 ;;		None
  6528 ;; Return value:  Size  Location     Type
  6529 ;;                  1    wreg      void 
  6530 ;; Registers used:
  6531 ;;		wreg, status,2, status,0
  6532 ;; Tracked objects:
  6533 ;;		On entry : 0/0
  6534 ;;		On exit  : 0/0
  6535 ;;		Unchanged: 0/0
  6536 ;; Data sizes:     COMMON   BANK0   BANK1   BANK2   BANK3   BANK4   BANK5   BANK6
  6537 ;;      Params:         0       2       0       0       0       0       0       0
  6538 ;;      Locals:         0       0       0       0       0       0       0       0
  6539 ;;      Temps:          0       0       0       0       0       0       0       0
  6540 ;;      Totals:         0       2       0       0       0       0       0       0
  6541 ;;Total ram usage:        2 bytes
  6542 ;; Hardware stack levels used: 1
  6543 ;; Hardware stack levels required when called: 7
  6544 ;; This function calls:
  6545 ;;		Nothing
  6546 ;; This function is called by:
  6547 ;;		_EUSART_Initialize
  6548 ;; This function uses a non-reentrant model
  6549 ;;
  6550                           
  6551     027E                     _EUSART_FramingErrorCallbackRegister:	
  6552                           ;psect for function _EUSART_FramingErrorCallbackRegister
  6553                           
  6554     027E                     l2465:	
  6555                           ;incstack = 0
  6556                           ; Regs used in _EUSART_FramingErrorCallbackRegister: [wreg+status,2+status,0]
  6557                           
  6558                           
  6559                           ;mcc_generated_files/uart/src/eusart.c: 252: void EUSART_FramingErrorCallbackRegister(vo
      +                          id (* callbackHandler)(void));mcc_generated_files/uart/src/eusart.c: 253: {;mcc_generate
      +                          d_files/uart/src/eusart.c: 254:     if(((void*)0) != callbackHandler)
  6560     027E  0020               	movlb	0	; select bank0
  6561     027F  0836               	movf	EUSART_FramingErrorCallbackRegister@callbackHandler,w
  6562     0280  0437               	iorwf	EUSART_FramingErrorCallbackRegister@callbackHandler+1,w
  6563     0281  1903               	btfsc	3,2
  6564     0282  2A84               	goto	u721
  6565     0283  2A85               	goto	u720
  6566     0284                     u721:
  6567     0284  2A89               	goto	l783
  6568     0285                     u720:
  6569     0285                     l2467:
  6570                           
  6571                           ;mcc_generated_files/uart/src/eusart.c: 255:     {;mcc_generated_files/uart/src/eusart.c
      +                          : 256:         EUSART_FramingErrorHandler = callbackHandler;
  6572     0285  0837               	movf	EUSART_FramingErrorCallbackRegister@callbackHandler+1,w
  6573     0286  00F1               	movwf	_EUSART_FramingErrorHandler+1
  6574     0287  0836               	movf	EUSART_FramingErrorCallbackRegister@callbackHandler,w
  6575     0288  00F0               	movwf	_EUSART_FramingErrorHandler
  6576     0289                     l783:
  6577     0289  0008               	return
  6578     028A                     __end_of_EUSART_FramingErrorCallbackRegister:
  6579                           
  6580                           	psect	text13
  6581     02F3                     __ptext13:	
  6582 ;; *************** function _DAC1_Initialize *****************
  6583 ;; Defined at:
  6584 ;;		line 44 in file "mcc_generated_files/dac/src/dac1.c"
  6585 ;; Parameters:    Size  Location     Type
  6586 ;;		None
  6587 ;; Auto vars:     Size  Location     Type
  6588 ;;		None
  6589 ;; Return value:  Size  Location     Type
  6590 ;;                  1    wreg      void 
  6591 ;; Registers used:
  6592 ;;		wreg
  6593 ;; Tracked objects:
  6594 ;;		On entry : 0/0
  6595 ;;		On exit  : 0/0
  6596 ;;		Unchanged: 0/0
  6597 ;; Data sizes:     COMMON   BANK0   BANK1   BANK2   BANK3   BANK4   BANK5   BANK6
  6598 ;;      Params:         0       0       0       0       0       0       0       0
  6599 ;;      Locals:         0       0       0       0       0       0       0       0
  6600 ;;      Temps:          0       0       0       0       0       0       0       0
  6601 ;;      Totals:         0       0       0       0       0       0       0       0
  6602 ;;Total ram usage:        0 bytes
  6603 ;; Hardware stack levels used: 1
  6604 ;; Hardware stack levels required when called: 7
  6605 ;; This function calls:
  6606 ;;		Nothing
  6607 ;; This function is called by:
  6608 ;;		_SYSTEM_Initialize
  6609 ;; This function uses a non-reentrant model
  6610 ;;
  6611                           
  6612     02F3                     _DAC1_Initialize:	
  6613                           ;psect for function _DAC1_Initialize
  6614                           
  6615     02F3                     l2503:	
  6616                           ;incstack = 0
  6617                           ; Regs used in _DAC1_Initialize: [wreg]
  6618                           
  6619                           
  6620                           ;mcc_generated_files/dac/src/dac1.c: 47:     DACCON0 = 0x80;
  6621     02F3  3080               	movlw	128
  6622     02F4  0022               	movlb	2	; select bank2
  6623     02F5  0098               	movwf	24	;volatile
  6624                           
  6625                           ;mcc_generated_files/dac/src/dac1.c: 50:     DACCON1 = 0x6;
  6626     02F6  3006               	movlw	6
  6627     02F7  0099               	movwf	25	;volatile
  6628     02F8                     l129:
  6629     02F8  0008               	return
  6630     02F9                     __end_of_DAC1_Initialize:
  6631                           
  6632                           	psect	text14
  6633     023C                     __ptext14:	
  6634 ;; *************** function _CWG1_Initialize *****************
  6635 ;; Defined at:
  6636 ;;		line 36 in file "mcc_generated_files/cwg/src/cwg1.c"
  6637 ;; Parameters:    Size  Location     Type
  6638 ;;		None
  6639 ;; Auto vars:     Size  Location     Type
  6640 ;;		None
  6641 ;; Return value:  Size  Location     Type
  6642 ;;                  1    wreg      void 
  6643 ;; Registers used:
  6644 ;;		wreg, status,2
  6645 ;; Tracked objects:
  6646 ;;		On entry : 0/0
  6647 ;;		On exit  : 0/0
  6648 ;;		Unchanged: 0/0
  6649 ;; Data sizes:     COMMON   BANK0   BANK1   BANK2   BANK3   BANK4   BANK5   BANK6
  6650 ;;      Params:         0       0       0       0       0       0       0       0
  6651 ;;      Locals:         0       0       0       0       0       0       0       0
  6652 ;;      Temps:          0       0       0       0       0       0       0       0
  6653 ;;      Totals:         0       0       0       0       0       0       0       0
  6654 ;;Total ram usage:        0 bytes
  6655 ;; Hardware stack levels used: 1
  6656 ;; Hardware stack levels required when called: 7
  6657 ;; This function calls:
  6658 ;;		Nothing
  6659 ;; This function is called by:
  6660 ;;		_SYSTEM_Initialize
  6661 ;; This function uses a non-reentrant model
  6662 ;;
  6663                           
  6664     023C                     _CWG1_Initialize:	
  6665                           ;psect for function _CWG1_Initialize
  6666                           
  6667     023C                     l2489:	
  6668                           ;incstack = 0
  6669                           ; Regs used in _CWG1_Initialize: [wreg+status,2]
  6670                           
  6671                           
  6672                           ;mcc_generated_files/cwg/src/cwg1.c: 38:     CWG1CLKCON = 0x1;
  6673     023C  3001               	movlw	1
  6674     023D  002D               	movlb	13	; select bank13
  6675     023E  0091               	movwf	17	;volatile
  6676     023F                     l2491:
  6677                           
  6678                           ;mcc_generated_files/cwg/src/cwg1.c: 40:     CWG1CON1 = 0x0;
  6679     023F  0196               	clrf	22	;volatile
  6680     0240                     l2493:
  6681                           
  6682                           ;mcc_generated_files/cwg/src/cwg1.c: 42:     CWG1DBR = 0x0;
  6683     0240  0193               	clrf	19	;volatile
  6684     0241                     l2495:
  6685                           
  6686                           ;mcc_generated_files/cwg/src/cwg1.c: 44:     CWG1DBF = 0x0;
  6687     0241  0194               	clrf	20	;volatile
  6688     0242                     l2497:
  6689                           
  6690                           ;mcc_generated_files/cwg/src/cwg1.c: 46:     CWG1AS0 = 0x14;
  6691     0242  3014               	movlw	20
  6692     0243  0097               	movwf	23	;volatile
  6693                           
  6694                           ;mcc_generated_files/cwg/src/cwg1.c: 48:     CWG1AS1 = 0x0;
  6695     0244  0198               	clrf	24	;volatile
  6696                           
  6697                           ;mcc_generated_files/cwg/src/cwg1.c: 50:     CWG1STR = 0x0;
  6698     0245  0199               	clrf	25	;volatile
  6699     0246                     l2499:
  6700                           
  6701                           ;mcc_generated_files/cwg/src/cwg1.c: 52:     CWG1DAT = 0x3;
  6702     0246  3003               	movlw	3
  6703     0247  0092               	movwf	18	;volatile
  6704     0248                     l2501:
  6705                           
  6706                           ;mcc_generated_files/cwg/src/cwg1.c: 54:     CWG1CON0 = 0x82;
  6707     0248  3082               	movlw	130
  6708     0249  0095               	movwf	21	;volatile
  6709     024A                     l104:
  6710     024A  0008               	return
  6711     024B                     __end_of_CWG1_Initialize:
  6712                           
  6713                           	psect	text15
  6714     024B                     __ptext15:	
  6715 ;; *************** function _CMP1_Initialize *****************
  6716 ;; Defined at:
  6717 ;;		line 40 in file "mcc_generated_files/comparator/src/cmp1.c"
  6718 ;; Parameters:    Size  Location     Type
  6719 ;;		None
  6720 ;; Auto vars:     Size  Location     Type
  6721 ;;		None
  6722 ;; Return value:  Size  Location     Type
  6723 ;;                  1    wreg      void 
  6724 ;; Registers used:
  6725 ;;		wreg, status,2, status,0, pclath, cstack
  6726 ;; Tracked objects:
  6727 ;;		On entry : 0/0
  6728 ;;		On exit  : 0/0
  6729 ;;		Unchanged: 0/0
  6730 ;; Data sizes:     COMMON   BANK0   BANK1   BANK2   BANK3   BANK4   BANK5   BANK6
  6731 ;;      Params:         0       0       0       0       0       0       0       0
  6732 ;;      Locals:         0       0       0       0       0       0       0       0
  6733 ;;      Temps:          0       0       0       0       0       0       0       0
  6734 ;;      Totals:         0       0       0       0       0       0       0       0
  6735 ;;Total ram usage:        0 bytes
  6736 ;; Hardware stack levels used: 1
  6737 ;; Hardware stack levels required when called: 8
  6738 ;; This function calls:
  6739 ;;		_CMP1_InterruptCallbackRegister
  6740 ;; This function is called by:
  6741 ;;		_SYSTEM_Initialize
  6742 ;; This function uses a non-reentrant model
  6743 ;;
  6744                           
  6745     024B                     _CMP1_Initialize:	
  6746                           ;psect for function _CMP1_Initialize
  6747                           
  6748     024B                     l2485:	
  6749                           ;incstack = 0
  6750                           ; Regs used in _CMP1_Initialize: [wreg+status,2+status,0+pclath+cstack]
  6751                           
  6752                           
  6753                           ;mcc_generated_files/comparator/src/cmp1.c: 43:     CM1CON0 = 0x86;
  6754     024B  3086               	movlw	134
  6755     024C  0022               	movlb	2	; select bank2
  6756     024D  0091               	movwf	17	;volatile
  6757                           
  6758                           ;mcc_generated_files/comparator/src/cmp1.c: 46:     CM1CON1 = 0x28;
  6759     024E  3028               	movlw	40
  6760     024F  0092               	movwf	18	;volatile
  6761     0250                     l2487:
  6762                           
  6763                           ;mcc_generated_files/comparator/src/cmp1.c: 49:     CMP1_InterruptCallbackRegister(CMP1_
      +                          DefaultInterruptCallback);
  6764     0250  3000               	movlw	0
  6765     0251  0020               	movlb	0	; select bank0
  6766     0252  00B6               	movwf	CMP1_InterruptCallbackRegister@callbackHandler
  6767     0253  3000               	movlw	0
  6768     0254  00B7               	movwf	CMP1_InterruptCallbackRegister@callbackHandler+1
  6769     0255  3182  228A  3182   	fcall	_CMP1_InterruptCallbackRegister
  6770     0258                     l59:
  6771     0258  0008               	return
  6772     0259                     __end_of_CMP1_Initialize:
  6773                           
  6774                           	psect	text16
  6775     028A                     __ptext16:	
  6776 ;; *************** function _CMP1_InterruptCallbackRegister *****************
  6777 ;; Defined at:
  6778 ;;		line 78 in file "mcc_generated_files/comparator/src/cmp1.c"
  6779 ;; Parameters:    Size  Location     Type
  6780 ;;  callbackHand    2    0[BANK0 ] PTR FTN()void 
  6781 ;;		 -> CMP1_DefaultInterruptCallback(1), 
  6782 ;; Auto vars:     Size  Location     Type
  6783 ;;		None
  6784 ;; Return value:  Size  Location     Type
  6785 ;;                  1    wreg      void 
  6786 ;; Registers used:
  6787 ;;		wreg, status,2, status,0
  6788 ;; Tracked objects:
  6789 ;;		On entry : 0/0
  6790 ;;		On exit  : 0/0
  6791 ;;		Unchanged: 0/0
  6792 ;; Data sizes:     COMMON   BANK0   BANK1   BANK2   BANK3   BANK4   BANK5   BANK6
  6793 ;;      Params:         0       2       0       0       0       0       0       0
  6794 ;;      Locals:         0       0       0       0       0       0       0       0
  6795 ;;      Temps:          0       0       0       0       0       0       0       0
  6796 ;;      Totals:         0       2       0       0       0       0       0       0
  6797 ;;Total ram usage:        2 bytes
  6798 ;; Hardware stack levels used: 1
  6799 ;; Hardware stack levels required when called: 7
  6800 ;; This function calls:
  6801 ;;		Nothing
  6802 ;; This function is called by:
  6803 ;;		_CMP1_Initialize
  6804 ;; This function uses a non-reentrant model
  6805 ;;
  6806                           
  6807     028A                     _CMP1_InterruptCallbackRegister:	
  6808                           ;psect for function _CMP1_InterruptCallbackRegister
  6809                           
  6810     028A                     l2451:	
  6811                           ;incstack = 0
  6812                           ; Regs used in _CMP1_InterruptCallbackRegister: [wreg+status,2+status,0]
  6813                           
  6814                           
  6815                           ;mcc_generated_files/comparator/src/cmp1.c: 78: void CMP1_InterruptCallbackRegister(void
      +                          (*callbackHandler)(void));mcc_generated_files/comparator/src/cmp1.c: 79: {;mcc_generated
      +                          _files/comparator/src/cmp1.c: 80:     if(((void*)0) != callbackHandler)
  6816     028A  0020               	movlb	0	; select bank0
  6817     028B  0836               	movf	CMP1_InterruptCallbackRegister@callbackHandler,w
  6818     028C  0437               	iorwf	CMP1_InterruptCallbackRegister@callbackHandler+1,w
  6819     028D  1903               	btfsc	3,2
  6820     028E  2A90               	goto	u701
  6821     028F  2A91               	goto	u700
  6822     0290                     u701:
  6823     0290  2A95               	goto	l76
  6824     0291                     u700:
  6825     0291                     l2453:
  6826                           
  6827                           ;mcc_generated_files/comparator/src/cmp1.c: 81:     {;mcc_generated_files/comparator/src
      +                          /cmp1.c: 82:       CMP1_InterruptHandler = callbackHandler;
  6828     0291  0837               	movf	CMP1_InterruptCallbackRegister@callbackHandler+1,w
  6829     0292  00F5               	movwf	_CMP1_InterruptHandler+1
  6830     0293  0836               	movf	CMP1_InterruptCallbackRegister@callbackHandler,w
  6831     0294  00F4               	movwf	_CMP1_InterruptHandler
  6832     0295                     l76:
  6833     0295  0008               	return
  6834     0296                     __end_of_CMP1_InterruptCallbackRegister:
  6835                           
  6836                           	psect	text17
  6837     0259                     __ptext17:	
  6838 ;; *************** function _CLOCK_Initialize *****************
  6839 ;; Defined at:
  6840 ;;		line 37 in file "mcc_generated_files/system/src/clock.c"
  6841 ;; Parameters:    Size  Location     Type
  6842 ;;		None
  6843 ;; Auto vars:     Size  Location     Type
  6844 ;;		None
  6845 ;; Return value:  Size  Location     Type
  6846 ;;                  1    wreg      void 
  6847 ;; Registers used:
  6848 ;;		wreg, status,2
  6849 ;; Tracked objects:
  6850 ;;		On entry : 0/0
  6851 ;;		On exit  : 0/0
  6852 ;;		Unchanged: 0/0
  6853 ;; Data sizes:     COMMON   BANK0   BANK1   BANK2   BANK3   BANK4   BANK5   BANK6
  6854 ;;      Params:         0       0       0       0       0       0       0       0
  6855 ;;      Locals:         0       0       0       0       0       0       0       0
  6856 ;;      Temps:          0       0       0       0       0       0       0       0
  6857 ;;      Totals:         0       0       0       0       0       0       0       0
  6858 ;;Total ram usage:        0 bytes
  6859 ;; Hardware stack levels used: 1
  6860 ;; Hardware stack levels required when called: 7
  6861 ;; This function calls:
  6862 ;;		Nothing
  6863 ;; This function is called by:
  6864 ;;		_SYSTEM_Initialize
  6865 ;; This function uses a non-reentrant model
  6866 ;;
  6867                           
  6868     0259                     _CLOCK_Initialize:	
  6869                           ;psect for function _CLOCK_Initialize
  6870                           
  6871     0259                     l2605:	
  6872                           ;incstack = 0
  6873                           ; Regs used in _CLOCK_Initialize: [wreg+status,2]
  6874                           
  6875                           
  6876                           ;mcc_generated_files/system/src/clock.c: 41:     OSCCON1 = 0x2;
  6877     0259  3002               	movlw	2
  6878     025A  0032               	movlb	18	; select bank18
  6879     025B  0099               	movwf	25	;volatile
  6880     025C                     l2607:
  6881                           
  6882                           ;mcc_generated_files/system/src/clock.c: 43:     OSCCON3 = 0x0;
  6883     025C  019B               	clrf	27	;volatile
  6884     025D                     l2609:
  6885                           
  6886                           ;mcc_generated_files/system/src/clock.c: 45:     OSCEN = 0x0;
  6887     025D  019D               	clrf	29	;volatile
  6888                           
  6889                           ;mcc_generated_files/system/src/clock.c: 47:     OSCFRQ = 0x6;
  6890     025E  3006               	movlw	6
  6891     025F  009F               	movwf	31	;volatile
  6892     0260                     l2611:
  6893                           
  6894                           ;mcc_generated_files/system/src/clock.c: 49:     OSCTUNE = 0x0;
  6895     0260  019E               	clrf	30	;volatile
  6896     0261                     l596:	
  6897                           ;mcc_generated_files/system/src/clock.c: 53:     {;mcc_generated_files/system/src/clock.
      +                          c: 54:     }
  6898                           
  6899                           
  6900                           ;mcc_generated_files/system/src/clock.c: 52:     while( OSCSTAT1bits.PLLR == 0)
  6901     0261  1C1C               	btfss	28,0	;volatile
  6902     0262  2A64               	goto	u741
  6903     0263  2A65               	goto	u740
  6904     0264                     u741:
  6905     0264  2A61               	goto	l596
  6906     0265                     u740:
  6907     0265                     l599:
  6908     0265  0008               	return
  6909     0266                     __end_of_CLOCK_Initialize:
  6910                           
  6911                           	psect	text18
  6912     02AC                     __ptext18:	
  6913 ;; *************** function _CCP1_Initialize *****************
  6914 ;; Defined at:
  6915 ;;		line 50 in file "mcc_generated_files/pwm/src/ccp1.c"
  6916 ;; Parameters:    Size  Location     Type
  6917 ;;		None
  6918 ;; Auto vars:     Size  Location     Type
  6919 ;;		None
  6920 ;; Return value:  Size  Location     Type
  6921 ;;                  1    wreg      void 
  6922 ;; Registers used:
  6923 ;;		wreg, status,2, status,0
  6924 ;; Tracked objects:
  6925 ;;		On entry : 0/0
  6926 ;;		On exit  : 0/0
  6927 ;;		Unchanged: 0/0
  6928 ;; Data sizes:     COMMON   BANK0   BANK1   BANK2   BANK3   BANK4   BANK5   BANK6
  6929 ;;      Params:         0       0       0       0       0       0       0       0
  6930 ;;      Locals:         0       0       0       0       0       0       0       0
  6931 ;;      Temps:          0       0       0       0       0       0       0       0
  6932 ;;      Totals:         0       0       0       0       0       0       0       0
  6933 ;;Total ram usage:        0 bytes
  6934 ;; Hardware stack levels used: 1
  6935 ;; Hardware stack levels required when called: 7
  6936 ;; This function calls:
  6937 ;;		Nothing
  6938 ;; This function is called by:
  6939 ;;		_SYSTEM_Initialize
  6940 ;; This function uses a non-reentrant model
  6941 ;;
  6942                           
  6943     02AC                     _CCP1_Initialize:	
  6944                           ;psect for function _CCP1_Initialize
  6945                           
  6946     02AC                     l2515:	
  6947                           ;incstack = 0
  6948                           ; Regs used in _CCP1_Initialize: [wreg+status,2+status,0]
  6949                           
  6950                           
  6951                           ;mcc_generated_files/pwm/src/ccp1.c: 55:     CCP1CON = 0x8F;
  6952     02AC  308F               	movlw	143
  6953     02AD  0025               	movlb	5	; select bank5
  6954     02AE  0093               	movwf	19	;volatile
  6955     02AF                     l2517:
  6956                           
  6957                           ;mcc_generated_files/pwm/src/ccp1.c: 58:     CCPR1H = 0x0;
  6958     02AF  0192               	clrf	18	;volatile
  6959     02B0                     l2519:
  6960                           
  6961                           ;mcc_generated_files/pwm/src/ccp1.c: 61:     CCPR1L = 0x0;
  6962     02B0  0191               	clrf	17	;volatile
  6963     02B1                     l2521:
  6964                           
  6965                           ;mcc_generated_files/pwm/src/ccp1.c: 64:     CCPTMRSbits.C1TSEL = 0x1;
  6966     02B1  081F               	movf	31,w	;volatile
  6967     02B2  39FC               	andlw	-4
  6968     02B3  3801               	iorlw	1
  6969     02B4  009F               	movwf	31	;volatile
  6970     02B5                     l410:
  6971     02B5  0008               	return
  6972     02B6                     __end_of_CCP1_Initialize:
  6973                           
  6974                           	psect	text19
  6975     02A1                     __ptext19:	
  6976 ;; *************** function _ADC_Initialize *****************
  6977 ;; Defined at:
  6978 ;;		line 53 in file "mcc_generated_files/adc/src/adc.c"
  6979 ;; Parameters:    Size  Location     Type
  6980 ;;		None
  6981 ;; Auto vars:     Size  Location     Type
  6982 ;;		None
  6983 ;; Return value:  Size  Location     Type
  6984 ;;                  1    wreg      void 
  6985 ;; Registers used:
  6986 ;;		wreg, status,2
  6987 ;; Tracked objects:
  6988 ;;		On entry : 0/0
  6989 ;;		On exit  : 0/0
  6990 ;;		Unchanged: 0/0
  6991 ;; Data sizes:     COMMON   BANK0   BANK1   BANK2   BANK3   BANK4   BANK5   BANK6
  6992 ;;      Params:         0       0       0       0       0       0       0       0
  6993 ;;      Locals:         0       0       0       0       0       0       0       0
  6994 ;;      Temps:          0       0       0       0       0       0       0       0
  6995 ;;      Totals:         0       0       0       0       0       0       0       0
  6996 ;;Total ram usage:        0 bytes
  6997 ;; Hardware stack levels used: 1
  6998 ;; Hardware stack levels required when called: 7
  6999 ;; This function calls:
  7000 ;;		Nothing
  7001 ;; This function is called by:
  7002 ;;		_SYSTEM_Initialize
  7003 ;; This function uses a non-reentrant model
  7004 ;;
  7005                           
  7006     02A1                     _ADC_Initialize:	
  7007                           ;psect for function _ADC_Initialize
  7008                           
  7009     02A1                     l2473:	
  7010                           ;incstack = 0
  7011                           ; Regs used in _ADC_Initialize: [wreg+status,2]
  7012                           
  7013                           
  7014                           ;mcc_generated_files/adc/src/adc.c: 56:     ADCON1 = 0x10;
  7015     02A1  3010               	movlw	16
  7016     02A2  0021               	movlb	1	; select bank1
  7017     02A3  009E               	movwf	30	;volatile
  7018     02A4                     l2475:
  7019                           
  7020                           ;mcc_generated_files/adc/src/adc.c: 59:     ADRESL = 0x0;
  7021     02A4  019B               	clrf	27	;volatile
  7022     02A5                     l2477:
  7023                           
  7024                           ;mcc_generated_files/adc/src/adc.c: 62:     ADRESH = 0x0;
  7025     02A5  019C               	clrf	28	;volatile
  7026     02A6                     l2479:
  7027                           
  7028                           ;mcc_generated_files/adc/src/adc.c: 65:     ADACT = 0x0;
  7029     02A6  019F               	clrf	31	;volatile
  7030     02A7                     l2481:
  7031                           
  7032                           ;mcc_generated_files/adc/src/adc.c: 68:     ADCON0 = 0x1;
  7033     02A7  3001               	movlw	1
  7034     02A8  009D               	movwf	29	;volatile
  7035     02A9                     l2483:
  7036                           
  7037                           ;mcc_generated_files/adc/src/adc.c: 71:     PIR1bits.ADIF = 0;
  7038     02A9  0020               	movlb	0	; select bank0
  7039     02AA  1311               	bcf	17,6	;volatile
  7040     02AB                     l19:
  7041     02AB  0008               	return
  7042     02AC                     __end_of_ADC_Initialize:
  7043                           
  7044                           	psect	intentry
  7045     0004                     __pintentry:	
  7046 ;; *************** function _INTERRUPT_InterruptManager *****************
  7047 ;; Defined at:
  7048 ;;		line 59 in file "mcc_generated_files/system/src/interrupt.c"
  7049 ;; Parameters:    Size  Location     Type
  7050 ;;		None
  7051 ;; Auto vars:     Size  Location     Type
  7052 ;;		None
  7053 ;; Return value:  Size  Location     Type
  7054 ;;                  1    wreg      void 
  7055 ;; Registers used:
  7056 ;;		wreg, fsr0l, fsr0h, fsr1l, fsr1h, status,2, status,0, pclath, cstack
  7057 ;; Tracked objects:
  7058 ;;		On entry : 0/0
  7059 ;;		On exit  : 0/0
  7060 ;;		Unchanged: 0/0
  7061 ;; Data sizes:     COMMON   BANK0   BANK1   BANK2   BANK3   BANK4   BANK5   BANK6
  7062 ;;      Params:         0       0       0       0       0       0       0       0
  7063 ;;      Locals:         0       0       0       0       0       0       0       0
  7064 ;;      Temps:          0       0       0       0       0       0       0       0
  7065 ;;      Totals:         0       0       0       0       0       0       0       0
  7066 ;;Total ram usage:        0 bytes
  7067 ;; Hardware stack levels used: 1
  7068 ;; Hardware stack levels required when called: 6
  7069 ;; This function calls:
  7070 ;;		_I2C1_ERROR_ISR
  7071 ;;		_I2C1_ISR
  7072 ;;		_PIN_MANAGER_IOC
  7073 ;; This function is called by:
  7074 ;;		Interrupt level 1
  7075 ;; This function uses a non-reentrant model
  7076 ;;
  7077                           
  7078     0004                     _INTERRUPT_InterruptManager:
  7079                           
  7080                           ;incstack = 0
  7081     0004  147E               	bsf	int$flags,0	;set compiler interrupt flag (level 1)
  7082                           
  7083                           ; Regs used in _INTERRUPT_InterruptManager: [wreg-fsr1h+status,2+status,0+pclath+cstack]
  7084     0005  3180               	pagesel	$
  7085     0006                     i1l2401:
  7086                           
  7087                           ;mcc_generated_files/system/src/interrupt.c: 62:     if(PIE0bits.IOCIE == 1 && PIR0bits.
      +                          IOCIF == 1)
  7088     0006  0021               	movlb	1	; select bank1
  7089     0007  1E10               	btfss	16,4	;volatile
  7090     0008  280A               	goto	u58_21
  7091     0009  280B               	goto	u58_20
  7092     000A                     u58_21:
  7093     000A  2813               	goto	i1l2407
  7094     000B                     u58_20:
  7095     000B                     i1l2403:
  7096     000B  0020               	movlb	0	; select bank0
  7097     000C  1E10               	btfss	16,4	;volatile
  7098     000D  280F               	goto	u59_21
  7099     000E  2810               	goto	u59_20
  7100     000F                     u59_21:
  7101     000F  2813               	goto	i1l2407
  7102     0010                     u59_20:
  7103     0010                     i1l2405:
  7104                           
  7105                           ;mcc_generated_files/system/src/interrupt.c: 63:     {;mcc_generated_files/system/src/in
      +                          terrupt.c: 64:         PIN_MANAGER_IOC();
  7106     0010  3183  234E  3180   	fcall	_PIN_MANAGER_IOC
  7107     0013                     i1l2407:
  7108                           
  7109                           ;mcc_generated_files/system/src/interrupt.c: 67:     if(INTCONbits.PEIE == 1)
  7110     0013  1F0B               	btfss	11,6	;volatile
  7111     0014  2816               	goto	u60_21
  7112     0015  2817               	goto	u60_20
  7113     0016                     u60_21:
  7114     0016  2833               	goto	i1l457
  7115     0017                     u60_20:
  7116     0017                     i1l2409:
  7117                           
  7118                           ;mcc_generated_files/system/src/interrupt.c: 68:     {;mcc_generated_files/system/src/in
      +                          terrupt.c: 69:         if(PIE1bits.BCL1IE == 1 && PIR1bits.BCL1IF == 1)
  7119     0017  0021               	movlb	1	; select bank1
  7120     0018  1D11               	btfss	17,2	;volatile
  7121     0019  281B               	goto	u61_21
  7122     001A  281C               	goto	u61_20
  7123     001B                     u61_21:
  7124     001B  2825               	goto	i1l452
  7125     001C                     u61_20:
  7126     001C                     i1l2411:
  7127     001C  0020               	movlb	0	; select bank0
  7128     001D  1D11               	btfss	17,2	;volatile
  7129     001E  2820               	goto	u62_21
  7130     001F  2821               	goto	u62_20
  7131     0020                     u62_21:
  7132     0020  2825               	goto	i1l452
  7133     0021                     u62_20:
  7134     0021                     i1l2413:
  7135                           
  7136                           ;mcc_generated_files/system/src/interrupt.c: 70:         {;mcc_generated_files/system/sr
      +                          c/interrupt.c: 71:             I2C1_ERROR_ISR();
  7137     0021  3183  231D  3180   	fcall	_I2C1_ERROR_ISR
  7138                           
  7139                           ;mcc_generated_files/system/src/interrupt.c: 72:         }
  7140     0024  2833               	goto	i1l457
  7141     0025                     i1l452:	
  7142                           ;mcc_generated_files/system/src/interrupt.c: 73:         else if(PIE1bits.SSP1IE == 1 &&
      +                           PIR1bits.SSP1IF == 1)
  7143                           
  7144     0025  0021               	movlb	1	; select bank1
  7145     0026  1D91               	btfss	17,3	;volatile
  7146     0027  2829               	goto	u63_21
  7147     0028  282A               	goto	u63_20
  7148     0029                     u63_21:
  7149     0029  2833               	goto	i1l453
  7150     002A                     u63_20:
  7151     002A                     i1l2415:
  7152     002A  0020               	movlb	0	; select bank0
  7153     002B  1D91               	btfss	17,3	;volatile
  7154     002C  282E               	goto	u64_21
  7155     002D  282F               	goto	u64_20
  7156     002E                     u64_21:
  7157     002E  2833               	goto	i1l453
  7158     002F                     u64_20:
  7159     002F                     i1l2417:
  7160                           
  7161                           ;mcc_generated_files/system/src/interrupt.c: 74:         {;mcc_generated_files/system/sr
      +                          c/interrupt.c: 75:             I2C1_ISR();
  7162     002F  3183  2319  3180   	fcall	_I2C1_ISR
  7163                           
  7164                           ;mcc_generated_files/system/src/interrupt.c: 76:         }
  7165     0032  2833               	goto	i1l457
  7166     0033                     i1l453:
  7167     0033                     i1l457:	
  7168                           ;mcc_generated_files/system/src/interrupt.c: 81:     }
  7169                           
  7170     0033  107E               	bcf	int$flags,0	;clear compiler interrupt flag (level 1)
  7171     0034  0009               	retfie
  7172     0035                     __end_of_INTERRUPT_InterruptManager:
  7173                           
  7174                           	psect	text21
  7175     034E                     __ptext21:	
  7176 ;; *************** function _PIN_MANAGER_IOC *****************
  7177 ;; Defined at:
  7178 ;;		line 122 in file "mcc_generated_files/system/src/pins.c"
  7179 ;; Parameters:    Size  Location     Type
  7180 ;;		None
  7181 ;; Auto vars:     Size  Location     Type
  7182 ;;		None
  7183 ;; Return value:  Size  Location     Type
  7184 ;;                  1    wreg      void 
  7185 ;; Registers used:
  7186 ;;		None
  7187 ;; Tracked objects:
  7188 ;;		On entry : 0/0
  7189 ;;		On exit  : 0/0
  7190 ;;		Unchanged: 0/0
  7191 ;; Data sizes:     COMMON   BANK0   BANK1   BANK2   BANK3   BANK4   BANK5   BANK6
  7192 ;;      Params:         0       0       0       0       0       0       0       0
  7193 ;;      Locals:         0       0       0       0       0       0       0       0
  7194 ;;      Temps:          0       0       0       0       0       0       0       0
  7195 ;;      Totals:         0       0       0       0       0       0       0       0
  7196 ;;Total ram usage:        0 bytes
  7197 ;; Hardware stack levels used: 1
  7198 ;; This function calls:
  7199 ;;		Nothing
  7200 ;; This function is called by:
  7201 ;;		_INTERRUPT_InterruptManager
  7202 ;; This function uses a non-reentrant model
  7203 ;;
  7204                           
  7205     034E                     _PIN_MANAGER_IOC:	
  7206                           ;psect for function _PIN_MANAGER_IOC
  7207                           
  7208     034E                     i1l556:	
  7209                           ;incstack = 0
  7210                           ; Regs used in _PIN_MANAGER_IOC: []
  7211                           
  7212     034E  0008               	return
  7213     034F                     __end_of_PIN_MANAGER_IOC:
  7214                           
  7215                           	psect	text22
  7216     0319                     __ptext22:	
  7217 ;; *************** function _I2C1_ISR *****************
  7218 ;; Defined at:
  7219 ;;		line 219 in file "mcc_generated_files/i2c_host/src/mssp1.c"
  7220 ;; Parameters:    Size  Location     Type
  7221 ;;		None
  7222 ;; Auto vars:     Size  Location     Type
  7223 ;;		None
  7224 ;; Return value:  Size  Location     Type
  7225 ;;                  1    wreg      void 
  7226 ;; Registers used:
  7227 ;;		wreg, fsr0l, fsr0h, fsr1l, fsr1h, status,2, status,0, pclath, cstack
  7228 ;; Tracked objects:
  7229 ;;		On entry : 0/0
  7230 ;;		On exit  : 0/0
  7231 ;;		Unchanged: 0/0
  7232 ;; Data sizes:     COMMON   BANK0   BANK1   BANK2   BANK3   BANK4   BANK5   BANK6
  7233 ;;      Params:         0       0       0       0       0       0       0       0
  7234 ;;      Locals:         0       0       0       0       0       0       0       0
  7235 ;;      Temps:          0       0       0       0       0       0       0       0
  7236 ;;      Totals:         0       0       0       0       0       0       0       0
  7237 ;;Total ram usage:        0 bytes
  7238 ;; Hardware stack levels used: 1
  7239 ;; Hardware stack levels required when called: 5
  7240 ;; This function calls:
  7241 ;;		_I2C1_EventHandler
  7242 ;; This function is called by:
  7243 ;;		_INTERRUPT_InterruptManager
  7244 ;; This function uses a non-reentrant model
  7245 ;;
  7246                           
  7247     0319                     _I2C1_ISR:	
  7248                           ;psect for function _I2C1_ISR
  7249                           
  7250     0319                     i1l2299:	
  7251                           ;incstack = 0
  7252                           ; Regs used in _I2C1_ISR: [wreg-fsr1h+status,2+status,0+pclath+cstack]
  7253                           
  7254                           
  7255                           ;mcc_generated_files/i2c_host/src/mssp1.c: 221:     I2C1_EventHandler();
  7256     0319  3180  2097  3183   	fcall	_I2C1_EventHandler
  7257     031C                     i1l280:
  7258     031C  0008               	return
  7259     031D                     __end_of_I2C1_ISR:
  7260                           
  7261                           	psect	text23
  7262     0097                     __ptext23:	
  7263 ;; *************** function _I2C1_EventHandler *****************
  7264 ;; Defined at:
  7265 ;;		line 256 in file "mcc_generated_files/i2c_host/src/mssp1.c"
  7266 ;; Parameters:    Size  Location     Type
  7267 ;;		None
  7268 ;; Auto vars:     Size  Location     Type
  7269 ;;		None
  7270 ;; Return value:  Size  Location     Type
  7271 ;;                  1    wreg      void 
  7272 ;; Registers used:
  7273 ;;		wreg, fsr0l, fsr0h, fsr1l, fsr1h, status,2, status,0, pclath, cstack
  7274 ;; Tracked objects:
  7275 ;;		On entry : 0/0
  7276 ;;		On exit  : 0/0
  7277 ;;		Unchanged: 0/0
  7278 ;; Data sizes:     COMMON   BANK0   BANK1   BANK2   BANK3   BANK4   BANK5   BANK6
  7279 ;;      Params:         0       0       0       0       0       0       0       0
  7280 ;;      Locals:         0       0       0       0       0       0       0       0
  7281 ;;      Temps:          2       0       0       0       0       0       0       0
  7282 ;;      Totals:         2       0       0       0       0       0       0       0
  7283 ;;Total ram usage:        2 bytes
  7284 ;; Hardware stack levels used: 1
  7285 ;; Hardware stack levels required when called: 4
  7286 ;; This function calls:
  7287 ;;		_I2C1_EVENT_ERROR
  7288 ;;		_I2C1_EVENT_IDLE
  7289 ;;		_I2C1_EVENT_NACK
  7290 ;;		_I2C1_EVENT_RESET
  7291 ;;		_I2C1_EVENT_RX
  7292 ;;		_I2C1_EVENT_SEND_RD_ADDR
  7293 ;;		_I2C1_EVENT_SEND_WR_ADDR
  7294 ;;		_I2C1_EVENT_STOP
  7295 ;;		_I2C1_EVENT_TX
  7296 ;;		_I2C1_InterruptClear
  7297 ;;		_I2C1_IsAddr
  7298 ;;		_I2C1_IsData
  7299 ;;		_I2C1_IsNack
  7300 ;; This function is called by:
  7301 ;;		_I2C1_ISR
  7302 ;; This function uses a non-reentrant model
  7303 ;;
  7304                           
  7305     0097                     _I2C1_EventHandler:	
  7306                           ;psect for function _I2C1_EventHandler
  7307                           
  7308     0097                     i1l2251:	
  7309                           ;incstack = 0
  7310                           ; Regs used in _I2C1_EventHandler: [wreg-fsr1h+status,2+status,0+pclath+cstack]
  7311                           
  7312                           
  7313                           ;mcc_generated_files/i2c_host/src/mssp1.c: 258:     I2C1_InterruptClear();
  7314     0097  3183  2348  3180   	fcall	_I2C1_InterruptClear
  7315     009A                     i1l2253:
  7316                           
  7317                           ;mcc_generated_files/i2c_host/src/mssp1.c: 259:     if (I2C1_IsAddr() && I2C1_IsNack())
  7318     009A  3182  22C6  3180   	fcall	_I2C1_IsAddr
  7319     009D  3A00               	xorlw	0
  7320     009E  1903               	skipnz
  7321     009F  28A1               	goto	u49_21
  7322     00A0  28A2               	goto	u49_20
  7323     00A1                     u49_21:
  7324     00A1  28B0               	goto	i1l2259
  7325     00A2                     u49_20:
  7326     00A2                     i1l2255:
  7327     00A2  3182  22F9  3180   	fcall	_I2C1_IsNack
  7328     00A5  3A00               	xorlw	0
  7329     00A6  1903               	skipnz
  7330     00A7  28A9               	goto	u50_21
  7331     00A8  28AA               	goto	u50_20
  7332     00A9                     u50_21:
  7333     00A9  28B0               	goto	i1l2259
  7334     00AA                     u50_20:
  7335     00AA                     i1l2257:
  7336                           
  7337                           ;mcc_generated_files/i2c_host/src/mssp1.c: 260:     {;mcc_generated_files/i2c_host/src/m
      +                          ssp1.c: 261:         i2c1Status.state = I2C_STATE_NACK;
  7338     00AA  3005               	movlw	5
  7339     00AB  0020               	movlb	0	; select bank0
  7340     00AC  00AD               	movwf	_i2c1Status+13	;volatile
  7341                           
  7342                           ;mcc_generated_files/i2c_host/src/mssp1.c: 262:         i2c1Status.errorState = I2C_ERRO
      +                          R_ADDR_NACK;
  7343     00AD  3001               	movlw	1
  7344     00AE  00AC               	movwf	_i2c1Status+12	;volatile
  7345                           
  7346                           ;mcc_generated_files/i2c_host/src/mssp1.c: 263:     }
  7347     00AF  28C5               	goto	i1l2265
  7348     00B0                     i1l2259:
  7349     00B0  3183  230B  3180   	fcall	_I2C1_IsData
  7350     00B3  3A00               	xorlw	0
  7351     00B4  1903               	skipnz
  7352     00B5  28B7               	goto	u51_21
  7353     00B6  28B8               	goto	u51_20
  7354     00B7                     u51_21:
  7355     00B7  28C5               	goto	i1l2265
  7356     00B8                     u51_20:
  7357     00B8                     i1l2261:
  7358     00B8  3182  22F9  3180   	fcall	_I2C1_IsNack
  7359     00BB  3A00               	xorlw	0
  7360     00BC  1903               	skipnz
  7361     00BD  28BF               	goto	u52_21
  7362     00BE  28C0               	goto	u52_20
  7363     00BF                     u52_21:
  7364     00BF  28C5               	goto	i1l2265
  7365     00C0                     u52_20:
  7366     00C0                     i1l2263:
  7367                           
  7368                           ;mcc_generated_files/i2c_host/src/mssp1.c: 265:     {;mcc_generated_files/i2c_host/src/m
      +                          ssp1.c: 266:         i2c1Status.state = I2C_STATE_NACK;
  7369     00C0  3005               	movlw	5
  7370     00C1  0020               	movlb	0	; select bank0
  7371     00C2  00AD               	movwf	_i2c1Status+13	;volatile
  7372                           
  7373                           ;mcc_generated_files/i2c_host/src/mssp1.c: 267:         i2c1Status.errorState = I2C_ERRO
      +                          R_DATA_NACK;
  7374     00C3  3002               	movlw	2
  7375     00C4  00AC               	movwf	_i2c1Status+12	;volatile
  7376     00C5                     i1l2265:
  7377                           
  7378                           ;mcc_generated_files/i2c_host/src/mssp1.c: 269:     i2c1Status.state = i2c1_eventTable[i
      +                          2c1Status.state]();
  7379     00C5  0020               	movlb	0	; select bank0
  7380     00C6  082D               	movf	_i2c1Status+13,w	;volatile
  7381     00C7  00FA               	movwf	??_I2C1_EventHandler
  7382     00C8  01FB               	clrf	??_I2C1_EventHandler+1
  7383     00C9  35FA               	lslf	??_I2C1_EventHandler,f
  7384     00CA  0DFB               	rlf	??_I2C1_EventHandler+1,f
  7385     00CB  301B               	movlw	low _i2c1_eventTable
  7386     00CC  077A               	addwf	??_I2C1_EventHandler,w
  7387     00CD  0084               	movwf	4
  7388     00CE  3002               	movlw	high _i2c1_eventTable
  7389     00CF  3D7B               	addwfc	??_I2C1_EventHandler+1,w
  7390     00D0  3880               	iorlw	128
  7391     00D1  0085               	movwf	5
  7392     00D2  3F01               	moviw [1]fsr0
  7393     00D3  008A               	movwf	10
  7394     00D4  3F00               	moviw [0]fsr0
  7395     00D5  000A               	callw
  7396     00D6  3180               	pagesel	$
  7397     00D7  0020               	movlb	0	; select bank0
  7398     00D8  00AD               	movwf	_i2c1Status+13	;volatile
  7399     00D9                     i1l298:
  7400     00D9  0008               	return
  7401     00DA                     __end_of_I2C1_EventHandler:
  7402                           
  7403                           	psect	text24
  7404     02F9                     __ptext24:	
  7405 ;; *************** function _I2C1_IsNack *****************
  7406 ;; Defined at:
  7407 ;;		line 447 in file "mcc_generated_files/i2c_host/src/mssp1.c"
  7408 ;; Parameters:    Size  Location     Type
  7409 ;;		None
  7410 ;; Auto vars:     Size  Location     Type
  7411 ;;		None
  7412 ;; Return value:  Size  Location     Type
  7413 ;;                  1    wreg      _Bool 
  7414 ;; Registers used:
  7415 ;;		wreg, status,2, status,0
  7416 ;; Tracked objects:
  7417 ;;		On entry : 0/0
  7418 ;;		On exit  : 0/0
  7419 ;;		Unchanged: 0/0
  7420 ;; Data sizes:     COMMON   BANK0   BANK1   BANK2   BANK3   BANK4   BANK5   BANK6
  7421 ;;      Params:         0       0       0       0       0       0       0       0
  7422 ;;      Locals:         0       0       0       0       0       0       0       0
  7423 ;;      Temps:          0       0       0       0       0       0       0       0
  7424 ;;      Totals:         0       0       0       0       0       0       0       0
  7425 ;;Total ram usage:        0 bytes
  7426 ;; Hardware stack levels used: 1
  7427 ;; This function calls:
  7428 ;;		Nothing
  7429 ;; This function is called by:
  7430 ;;		_I2C1_EventHandler
  7431 ;; This function uses a non-reentrant model
  7432 ;;
  7433                           
  7434     02F9                     _I2C1_IsNack:	
  7435                           ;psect for function _I2C1_IsNack
  7436                           
  7437     02F9                     i1l2133:	
  7438                           ;incstack = 0
  7439                           ; Regs used in _I2C1_IsNack: [wreg+status,2+status,0]
  7440                           
  7441                           
  7442                           ;mcc_generated_files/i2c_host/src/mssp1.c: 449:     return SSP1CON2bits.ACKSTAT;
  7443     02F9  0024               	movlb	4	; select bank4
  7444     02FA  0E16               	swapf	22,w	;volatile
  7445     02FB  0C89               	rrf	9,f
  7446     02FC  0C89               	rrf	9,f
  7447     02FD  3901               	andlw	1
  7448     02FE                     i1l373:
  7449     02FE  0008               	return
  7450     02FF                     __end_of_I2C1_IsNack:
  7451                           
  7452                           	psect	text25
  7453     030B                     __ptext25:	
  7454 ;; *************** function _I2C1_IsData *****************
  7455 ;; Defined at:
  7456 ;;		line 452 in file "mcc_generated_files/i2c_host/src/mssp1.c"
  7457 ;; Parameters:    Size  Location     Type
  7458 ;;		None
  7459 ;; Auto vars:     Size  Location     Type
  7460 ;;		None
  7461 ;; Return value:  Size  Location     Type
  7462 ;;                  1    wreg      _Bool 
  7463 ;; Registers used:
  7464 ;;		wreg, status,2, status,0
  7465 ;; Tracked objects:
  7466 ;;		On entry : 0/0
  7467 ;;		On exit  : 0/0
  7468 ;;		Unchanged: 0/0
  7469 ;; Data sizes:     COMMON   BANK0   BANK1   BANK2   BANK3   BANK4   BANK5   BANK6
  7470 ;;      Params:         0       0       0       0       0       0       0       0
  7471 ;;      Locals:         0       0       0       0       0       0       0       0
  7472 ;;      Temps:          0       0       0       0       0       0       0       0
  7473 ;;      Totals:         0       0       0       0       0       0       0       0
  7474 ;;Total ram usage:        0 bytes
  7475 ;; Hardware stack levels used: 1
  7476 ;; This function calls:
  7477 ;;		Nothing
  7478 ;; This function is called by:
  7479 ;;		_I2C1_EventHandler
  7480 ;; This function uses a non-reentrant model
  7481 ;;
  7482                           
  7483     030B                     _I2C1_IsData:	
  7484                           ;psect for function _I2C1_IsData
  7485                           
  7486     030B                     i1l2137:	
  7487                           ;incstack = 0
  7488                           ; Regs used in _I2C1_IsData: [wreg+status,2+status,0]
  7489                           
  7490                           
  7491                           ;mcc_generated_files/i2c_host/src/mssp1.c: 454:     return (SSP1STATbits.D_nA);
  7492     030B  0024               	movlb	4	; select bank4
  7493     030C  0E14               	swapf	20,w	;volatile
  7494     030D  0C89               	rrf	9,f
  7495     030E  3901               	andlw	1
  7496     030F                     i1l376:
  7497     030F  0008               	return
  7498     0310                     __end_of_I2C1_IsData:
  7499                           
  7500                           	psect	text26
  7501     02C6                     __ptext26:	
  7502 ;; *************** function _I2C1_IsAddr *****************
  7503 ;; Defined at:
  7504 ;;		line 457 in file "mcc_generated_files/i2c_host/src/mssp1.c"
  7505 ;; Parameters:    Size  Location     Type
  7506 ;;		None
  7507 ;; Auto vars:     Size  Location     Type
  7508 ;;		None
  7509 ;; Return value:  Size  Location     Type
  7510 ;;                  1    wreg      _Bool 
  7511 ;; Registers used:
  7512 ;;		wreg, status,0
  7513 ;; Tracked objects:
  7514 ;;		On entry : 0/0
  7515 ;;		On exit  : 0/0
  7516 ;;		Unchanged: 0/0
  7517 ;; Data sizes:     COMMON   BANK0   BANK1   BANK2   BANK3   BANK4   BANK5   BANK6
  7518 ;;      Params:         0       0       0       0       0       0       0       0
  7519 ;;      Locals:         0       0       0       0       0       0       0       0
  7520 ;;      Temps:          0       0       0       0       0       0       0       0
  7521 ;;      Totals:         0       0       0       0       0       0       0       0
  7522 ;;Total ram usage:        0 bytes
  7523 ;; Hardware stack levels used: 1
  7524 ;; This function calls:
  7525 ;;		Nothing
  7526 ;; This function is called by:
  7527 ;;		_I2C1_EventHandler
  7528 ;; This function uses a non-reentrant model
  7529 ;;
  7530                           
  7531     02C6                     _I2C1_IsAddr:	
  7532                           ;psect for function _I2C1_IsAddr
  7533                           
  7534     02C6                     i1l2129:	
  7535                           ;incstack = 0
  7536                           ; Regs used in _I2C1_IsAddr: [wreg+status,0]
  7537                           
  7538                           
  7539                           ;mcc_generated_files/i2c_host/src/mssp1.c: 459:     return !(SSP1STATbits.D_nA);
  7540     02C6  1003               	clrc
  7541     02C7  0024               	movlb	4	; select bank4
  7542     02C8  1E94               	btfss	20,5	;volatile
  7543     02C9  1403               	setc
  7544     02CA  3000               	movlw	0
  7545     02CB  3D09               	addwfc	9,w
  7546     02CC                     i1l379:
  7547     02CC  0008               	return
  7548     02CD                     __end_of_I2C1_IsAddr:
  7549                           
  7550                           	psect	text27
  7551     031D                     __ptext27:	
  7552 ;; *************** function _I2C1_ERROR_ISR *****************
  7553 ;; Defined at:
  7554 ;;		line 224 in file "mcc_generated_files/i2c_host/src/mssp1.c"
  7555 ;; Parameters:    Size  Location     Type
  7556 ;;		None
  7557 ;; Auto vars:     Size  Location     Type
  7558 ;;		None
  7559 ;; Return value:  Size  Location     Type
  7560 ;;                  1    wreg      void 
  7561 ;; Registers used:
  7562 ;;		wreg, fsr0l, fsr0h, fsr1l, fsr1h, status,2, status,0, pclath, cstack
  7563 ;; Tracked objects:
  7564 ;;		On entry : 0/0
  7565 ;;		On exit  : 0/0
  7566 ;;		Unchanged: 0/0
  7567 ;; Data sizes:     COMMON   BANK0   BANK1   BANK2   BANK3   BANK4   BANK5   BANK6
  7568 ;;      Params:         0       0       0       0       0       0       0       0
  7569 ;;      Locals:         0       0       0       0       0       0       0       0
  7570 ;;      Temps:          0       0       0       0       0       0       0       0
  7571 ;;      Totals:         0       0       0       0       0       0       0       0
  7572 ;;Total ram usage:        0 bytes
  7573 ;; Hardware stack levels used: 1
  7574 ;; Hardware stack levels required when called: 5
  7575 ;; This function calls:
  7576 ;;		_I2C1_ErrorEventHandler
  7577 ;; This function is called by:
  7578 ;;		_INTERRUPT_InterruptManager
  7579 ;; This function uses a non-reentrant model
  7580 ;;
  7581                           
  7582     031D                     _I2C1_ERROR_ISR:	
  7583                           ;psect for function _I2C1_ERROR_ISR
  7584                           
  7585     031D                     i1l2301:	
  7586                           ;incstack = 0
  7587                           ; Regs used in _I2C1_ERROR_ISR: [wreg-fsr1h+status,2+status,0+pclath+cstack]
  7588                           
  7589                           
  7590                           ;mcc_generated_files/i2c_host/src/mssp1.c: 226:     I2C1_ErrorEventHandler();
  7591     031D  3181  219B  3183   	fcall	_I2C1_ErrorEventHandler
  7592     0320                     i1l283:
  7593     0320  0008               	return
  7594     0321                     __end_of_I2C1_ERROR_ISR:
  7595                           
  7596                           	psect	text28
  7597     019B                     __ptext28:	
  7598 ;; *************** function _I2C1_ErrorEventHandler *****************
  7599 ;; Defined at:
  7600 ;;		line 272 in file "mcc_generated_files/i2c_host/src/mssp1.c"
  7601 ;; Parameters:    Size  Location     Type
  7602 ;;		None
  7603 ;; Auto vars:     Size  Location     Type
  7604 ;;		None
  7605 ;; Return value:  Size  Location     Type
  7606 ;;                  1    wreg      void 
  7607 ;; Registers used:
  7608 ;;		wreg, fsr0l, fsr0h, fsr1l, fsr1h, status,2, status,0, pclath, cstack
  7609 ;; Tracked objects:
  7610 ;;		On entry : 0/0
  7611 ;;		On exit  : 0/0
  7612 ;;		Unchanged: 0/0
  7613 ;; Data sizes:     COMMON   BANK0   BANK1   BANK2   BANK3   BANK4   BANK5   BANK6
  7614 ;;      Params:         0       0       0       0       0       0       0       0
  7615 ;;      Locals:         0       0       0       0       0       0       0       0
  7616 ;;      Temps:          2       0       0       0       0       0       0       0
  7617 ;;      Totals:         2       0       0       0       0       0       0       0
  7618 ;;Total ram usage:        2 bytes
  7619 ;; Hardware stack levels used: 1
  7620 ;; Hardware stack levels required when called: 4
  7621 ;; This function calls:
  7622 ;;		NULL
  7623 ;;		_I2C1_DefaultCallback
  7624 ;;		_I2C1_EVENT_ERROR
  7625 ;;		_I2C1_EVENT_IDLE
  7626 ;;		_I2C1_EVENT_NACK
  7627 ;;		_I2C1_EVENT_RESET
  7628 ;;		_I2C1_EVENT_RX
  7629 ;;		_I2C1_EVENT_SEND_RD_ADDR
  7630 ;;		_I2C1_EVENT_SEND_WR_ADDR
  7631 ;;		_I2C1_EVENT_STOP
  7632 ;;		_I2C1_EVENT_TX
  7633 ;;		_I2C1_ErrorInterruptClear
  7634 ;; This function is called by:
  7635 ;;		_I2C1_ERROR_ISR
  7636 ;; This function uses a non-reentrant model
  7637 ;;
  7638                           
  7639     019B                     _I2C1_ErrorEventHandler:	
  7640                           ;psect for function _I2C1_ErrorEventHandler
  7641                           
  7642     019B                     i1l2267:	
  7643                           ;incstack = 0
  7644                           ; Regs used in _I2C1_ErrorEventHandler: [wreg-fsr1h+status,2+status,0+pclath+cstack]
  7645                           
  7646                           
  7647                           ;mcc_generated_files/i2c_host/src/mssp1.c: 274:     i2c1Status.state = I2C_STATE_ERROR;
  7648     019B  3006               	movlw	6
  7649     019C  0020               	movlb	0	; select bank0
  7650     019D  00AD               	movwf	_i2c1Status+13	;volatile
  7651                           
  7652                           ;mcc_generated_files/i2c_host/src/mssp1.c: 275:     i2c1Status.errorState = I2C_ERROR_BU
      +                          S_COLLISION;
  7653     019E  3003               	movlw	3
  7654     019F  00AC               	movwf	_i2c1Status+12	;volatile
  7655     01A0                     i1l2269:
  7656                           
  7657                           ;mcc_generated_files/i2c_host/src/mssp1.c: 276:     I2C1_ErrorInterruptClear();
  7658     01A0  3183  234B  3181   	fcall	_I2C1_ErrorInterruptClear
  7659     01A3                     i1l2271:
  7660                           
  7661                           ;mcc_generated_files/i2c_host/src/mssp1.c: 277:     i2c1Status.state = i2c1_eventTable[i
      +                          2c1Status.state]();
  7662     01A3  0020               	movlb	0	; select bank0
  7663     01A4  082D               	movf	_i2c1Status+13,w	;volatile
  7664     01A5  00FA               	movwf	??_I2C1_ErrorEventHandler
  7665     01A6  01FB               	clrf	??_I2C1_ErrorEventHandler+1
  7666     01A7  35FA               	lslf	??_I2C1_ErrorEventHandler,f
  7667     01A8  0DFB               	rlf	??_I2C1_ErrorEventHandler+1,f
  7668     01A9  301B               	movlw	low _i2c1_eventTable
  7669     01AA  077A               	addwf	??_I2C1_ErrorEventHandler,w
  7670     01AB  0084               	movwf	4
  7671     01AC  3002               	movlw	high _i2c1_eventTable
  7672     01AD  3D7B               	addwfc	??_I2C1_ErrorEventHandler+1,w
  7673     01AE  3880               	iorlw	128
  7674     01AF  0085               	movwf	5
  7675     01B0  3F01               	moviw [1]fsr0
  7676     01B1  008A               	movwf	10
  7677     01B2  3F00               	moviw [0]fsr0
  7678     01B3  000A               	callw
  7679     01B4  3181               	pagesel	$
  7680     01B5  0020               	movlb	0	; select bank0
  7681     01B6  00AD               	movwf	_i2c1Status+13	;volatile
  7682     01B7                     i1l2273:
  7683                           
  7684                           ;mcc_generated_files/i2c_host/src/mssp1.c: 278:     I2C1_Callback();
  7685     01B7  0835               	movf	_I2C1_Callback+1,w
  7686     01B8  008A               	movwf	10
  7687     01B9  0834               	movf	_I2C1_Callback,w
  7688     01BA  000A               	callw
  7689     01BB  3181               	pagesel	$
  7690     01BC                     i1l301:
  7691     01BC  0008               	return
  7692     01BD                     __end_of_I2C1_ErrorEventHandler:
  7693                           
  7694                           	psect	text29
  7695     02CD                     __ptext29:	
  7696 ;; *************** function _I2C1_EVENT_RESET *****************
  7697 ;; Defined at:
  7698 ;;		line 384 in file "mcc_generated_files/i2c_host/src/mssp1.c"
  7699 ;; Parameters:    Size  Location     Type
  7700 ;;		None
  7701 ;; Auto vars:     Size  Location     Type
  7702 ;;		None
  7703 ;; Return value:  Size  Location     Type
  7704 ;;                  1    wreg      enum E6815
  7705 ;; Registers used:
  7706 ;;		wreg, status,2, status,0, pclath, cstack
  7707 ;; Tracked objects:
  7708 ;;		On entry : 0/0
  7709 ;;		On exit  : 0/0
  7710 ;;		Unchanged: 0/0
  7711 ;; Data sizes:     COMMON   BANK0   BANK1   BANK2   BANK3   BANK4   BANK5   BANK6
  7712 ;;      Params:         0       0       0       0       0       0       0       0
  7713 ;;      Locals:         0       0       0       0       0       0       0       0
  7714 ;;      Temps:          0       0       0       0       0       0       0       0
  7715 ;;      Totals:         0       0       0       0       0       0       0       0
  7716 ;;Total ram usage:        0 bytes
  7717 ;; Hardware stack levels used: 1
  7718 ;; Hardware stack levels required when called: 1
  7719 ;; This function calls:
  7720 ;;		_I2C1_BusReset
  7721 ;; This function is called by:
  7722 ;;		_I2C1_EVENT_ERROR
  7723 ;;		_I2C1_EventHandler
  7724 ;;		_I2C1_ErrorEventHandler
  7725 ;; This function uses a non-reentrant model
  7726 ;;
  7727                           
  7728     02CD                     _I2C1_EVENT_RESET:	
  7729                           ;psect for function _I2C1_EVENT_RESET
  7730                           
  7731     02CD                     i1l2113:	
  7732                           ;incstack = 0
  7733                           ; Regs used in _I2C1_EVENT_RESET: [wreg+status,2+status,0+pclath+cstack]
  7734                           
  7735                           
  7736                           ;mcc_generated_files/i2c_host/src/mssp1.c: 386:     I2C1_BusReset();
  7737     02CD  3183  2335  3182   	fcall	_I2C1_BusReset
  7738     02D0                     i1l2115:
  7739                           
  7740                           ;mcc_generated_files/i2c_host/src/mssp1.c: 387:     i2c1Status.busy = 0;
  7741     02D0  0020               	movlb	0	; select bank0
  7742     02D1  01A0               	clrf	_i2c1Status	;volatile
  7743     02D2                     i1l2117:
  7744                           
  7745                           ;mcc_generated_files/i2c_host/src/mssp1.c: 388:     return I2C_STATE_IDLE;
  7746     02D2  3000               	movlw	0
  7747     02D3                     i1l340:
  7748     02D3  0008               	return
  7749     02D4                     __end_of_I2C1_EVENT_RESET:
  7750                           
  7751                           	psect	text30
  7752     02B6                     __ptext30:	
  7753 ;; *************** function _I2C1_EVENT_STOP *****************
  7754 ;; Defined at:
  7755 ;;		line 377 in file "mcc_generated_files/i2c_host/src/mssp1.c"
  7756 ;; Parameters:    Size  Location     Type
  7757 ;;		None
  7758 ;; Auto vars:     Size  Location     Type
  7759 ;;		None
  7760 ;; Return value:  Size  Location     Type
  7761 ;;                  1    wreg      enum E6815
  7762 ;; Registers used:
  7763 ;;		wreg, status,2, status,0, pclath, cstack
  7764 ;; Tracked objects:
  7765 ;;		On entry : 0/0
  7766 ;;		On exit  : 0/0
  7767 ;;		Unchanged: 0/0
  7768 ;; Data sizes:     COMMON   BANK0   BANK1   BANK2   BANK3   BANK4   BANK5   BANK6
  7769 ;;      Params:         0       0       0       0       0       0       0       0
  7770 ;;      Locals:         0       0       0       0       0       0       0       0
  7771 ;;      Temps:          0       0       0       0       0       0       0       0
  7772 ;;      Totals:         0       0       0       0       0       0       0       0
  7773 ;;Total ram usage:        0 bytes
  7774 ;; Hardware stack levels used: 1
  7775 ;; Hardware stack levels required when called: 2
  7776 ;; This function calls:
  7777 ;;		_I2C1_Close
  7778 ;;		_I2C1_StopSend
  7779 ;; This function is called by:
  7780 ;;		_I2C1_EVENT_TX
  7781 ;;		_I2C1_EVENT_NACK
  7782 ;;		_I2C1_EventHandler
  7783 ;;		_I2C1_ErrorEventHandler
  7784 ;; This function uses a non-reentrant model
  7785 ;;
  7786                           
  7787     02B6                     _I2C1_EVENT_STOP:	
  7788                           ;psect for function _I2C1_EVENT_STOP
  7789                           
  7790     02B6                     i1l2091:	
  7791                           ;incstack = 0
  7792                           ; Regs used in _I2C1_EVENT_STOP: [wreg+status,2+status,0+pclath+cstack]
  7793                           
  7794                           
  7795                           ;mcc_generated_files/i2c_host/src/mssp1.c: 379:     I2C1_StopSend();
  7796     02B6  3183  2345  3182   	fcall	_I2C1_StopSend
  7797                           
  7798                           ;mcc_generated_files/i2c_host/src/mssp1.c: 380:     I2C1_Close();
  7799     02B9  3181  21F2  3182   	fcall	_I2C1_Close
  7800     02BC                     i1l2093:
  7801                           
  7802                           ;mcc_generated_files/i2c_host/src/mssp1.c: 381:     return I2C_STATE_IDLE;
  7803     02BC  3000               	movlw	0
  7804     02BD                     i1l337:
  7805     02BD  0008               	return
  7806     02BE                     __end_of_I2C1_EVENT_STOP:
  7807                           
  7808                           	psect	text31
  7809     02FF                     __ptext31:	
  7810 ;; *************** function _I2C1_EVENT_ERROR *****************
  7811 ;; Defined at:
  7812 ;;		line 370 in file "mcc_generated_files/i2c_host/src/mssp1.c"
  7813 ;; Parameters:    Size  Location     Type
  7814 ;;		None
  7815 ;; Auto vars:     Size  Location     Type
  7816 ;;  retEventStat    1    0[COMMON] enum E6815
  7817 ;; Return value:  Size  Location     Type
  7818 ;;                  1    wreg      enum E6815
  7819 ;; Registers used:
  7820 ;;		wreg, status,2, status,0, pclath, cstack
  7821 ;; Tracked objects:
  7822 ;;		On entry : 0/0
  7823 ;;		On exit  : 0/0
  7824 ;;		Unchanged: 0/0
  7825 ;; Data sizes:     COMMON   BANK0   BANK1   BANK2   BANK3   BANK4   BANK5   BANK6
  7826 ;;      Params:         0       0       0       0       0       0       0       0
  7827 ;;      Locals:         1       0       0       0       0       0       0       0
  7828 ;;      Temps:          0       0       0       0       0       0       0       0
  7829 ;;      Totals:         1       0       0       0       0       0       0       0
  7830 ;;Total ram usage:        1 bytes
  7831 ;; Hardware stack levels used: 1
  7832 ;; Hardware stack levels required when called: 2
  7833 ;; This function calls:
  7834 ;;		_I2C1_EVENT_RESET
  7835 ;; This function is called by:
  7836 ;;		_I2C1_EventHandler
  7837 ;;		_I2C1_ErrorEventHandler
  7838 ;; This function uses a non-reentrant model
  7839 ;;
  7840                           
  7841     02FF                     _I2C1_EVENT_ERROR:	
  7842                           ;psect for function _I2C1_EVENT_ERROR
  7843                           
  7844     02FF                     i1l2217:	
  7845                           ;incstack = 0
  7846                           ; Regs used in _I2C1_EVENT_ERROR: [wreg+status,2+status,0+pclath+cstack]
  7847                           
  7848     02FF                     i1l2219:
  7849                           
  7850                           ;mcc_generated_files/i2c_host/src/mssp1.c: 373:     retEventState = I2C1_EVENT_RESET();
  7851     02FF  3182  22CD  3182   	fcall	_I2C1_EVENT_RESET
  7852     0302  00F6               	movwf	I2C1_EVENT_ERROR@retEventState
  7853     0303                     i1l2221:
  7854                           
  7855                           ;mcc_generated_files/i2c_host/src/mssp1.c: 374:     return retEventState;
  7856     0303  0876               	movf	I2C1_EVENT_ERROR@retEventState,w
  7857     0304                     i1l334:
  7858     0304  0008               	return
  7859     0305                     __end_of_I2C1_EVENT_ERROR:
  7860                           
  7861                           	psect	text32
  7862     0305                     __ptext32:	
  7863 ;; *************** function _I2C1_EVENT_NACK *****************
  7864 ;; Defined at:
  7865 ;;		line 363 in file "mcc_generated_files/i2c_host/src/mssp1.c"
  7866 ;; Parameters:    Size  Location     Type
  7867 ;;		None
  7868 ;; Auto vars:     Size  Location     Type
  7869 ;;  retEventStat    1    0[COMMON] enum E6815
  7870 ;; Return value:  Size  Location     Type
  7871 ;;                  1    wreg      enum E6815
  7872 ;; Registers used:
  7873 ;;		wreg, status,2, status,0, pclath, cstack
  7874 ;; Tracked objects:
  7875 ;;		On entry : 0/0
  7876 ;;		On exit  : 0/0
  7877 ;;		Unchanged: 0/0
  7878 ;; Data sizes:     COMMON   BANK0   BANK1   BANK2   BANK3   BANK4   BANK5   BANK6
  7879 ;;      Params:         0       0       0       0       0       0       0       0
  7880 ;;      Locals:         1       0       0       0       0       0       0       0
  7881 ;;      Temps:          0       0       0       0       0       0       0       0
  7882 ;;      Totals:         1       0       0       0       0       0       0       0
  7883 ;;Total ram usage:        1 bytes
  7884 ;; Hardware stack levels used: 1
  7885 ;; Hardware stack levels required when called: 3
  7886 ;; This function calls:
  7887 ;;		_I2C1_EVENT_STOP
  7888 ;; This function is called by:
  7889 ;;		_I2C1_EventHandler
  7890 ;;		_I2C1_ErrorEventHandler
  7891 ;; This function uses a non-reentrant model
  7892 ;;
  7893                           
  7894     0305                     _I2C1_EVENT_NACK:	
  7895                           ;psect for function _I2C1_EVENT_NACK
  7896                           
  7897     0305                     i1l2209:	
  7898                           ;incstack = 0
  7899                           ; Regs used in _I2C1_EVENT_NACK: [wreg+status,2+status,0+pclath+cstack]
  7900                           
  7901     0305                     i1l2211:
  7902                           
  7903                           ;mcc_generated_files/i2c_host/src/mssp1.c: 366:     retEventState = I2C1_EVENT_STOP();
  7904     0305  3182  22B6  3183   	fcall	_I2C1_EVENT_STOP
  7905     0308  00F6               	movwf	I2C1_EVENT_NACK@retEventState
  7906     0309                     i1l2213:
  7907                           
  7908                           ;mcc_generated_files/i2c_host/src/mssp1.c: 367:     return retEventState;
  7909     0309  0876               	movf	I2C1_EVENT_NACK@retEventState,w
  7910     030A                     i1l331:
  7911     030A  0008               	return
  7912     030B                     __end_of_I2C1_EVENT_NACK:
  7913                           
  7914                           	psect	text33
  7915     00DA                     __ptext33:	
  7916 ;; *************** function _I2C1_EVENT_RX *****************
  7917 ;; Defined at:
  7918 ;;		line 331 in file "mcc_generated_files/i2c_host/src/mssp1.c"
  7919 ;; Parameters:    Size  Location     Type
  7920 ;;		None
  7921 ;; Auto vars:     Size  Location     Type
  7922 ;;  retEventStat    1    1[COMMON] enum E6815
  7923 ;; Return value:  Size  Location     Type
  7924 ;;                  1    wreg      enum E6815
  7925 ;; Registers used:
  7926 ;;		wreg, fsr0l, fsr0h, fsr1l, fsr1h, status,2, status,0, pclath, cstack
  7927 ;; Tracked objects:
  7928 ;;		On entry : 0/0
  7929 ;;		On exit  : 0/0
  7930 ;;		Unchanged: 0/0
  7931 ;; Data sizes:     COMMON   BANK0   BANK1   BANK2   BANK3   BANK4   BANK5   BANK6
  7932 ;;      Params:         0       0       0       0       0       0       0       0
  7933 ;;      Locals:         1       0       0       0       0       0       0       0
  7934 ;;      Temps:          1       0       0       0       0       0       0       0
  7935 ;;      Totals:         2       0       0       0       0       0       0       0
  7936 ;;Total ram usage:        2 bytes
  7937 ;; Hardware stack levels used: 1
  7938 ;; Hardware stack levels required when called: 1
  7939 ;; This function calls:
  7940 ;;		_I2C1_AckSend
  7941 ;;		_I2C1_DataReceive
  7942 ;;		_I2C1_IsRxBufFull
  7943 ;;		_I2C1_NackSend
  7944 ;;		_I2C1_ReceiveEnable
  7945 ;;		_I2C1_RestartDisable
  7946 ;; This function is called by:
  7947 ;;		_I2C1_EventHandler
  7948 ;;		_I2C1_ErrorEventHandler
  7949 ;; This function uses a non-reentrant model
  7950 ;;
  7951                           
  7952     00DA                     _I2C1_EVENT_RX:	
  7953                           ;psect for function _I2C1_EVENT_RX
  7954                           
  7955     00DA                     i1l2183:	
  7956                           ;incstack = 0
  7957                           ; Regs used in _I2C1_EVENT_RX: [wreg-fsr1h+status,2+status,0+pclath+cstack]
  7958                           
  7959                           
  7960                           ;mcc_generated_files/i2c_host/src/mssp1.c: 333:     i2c_host_event_states_t retEventStat
      +                          e = I2C_STATE_RX;
  7961     00DA  3004               	movlw	4
  7962     00DB  00F7               	movwf	I2C1_EVENT_RX@retEventState
  7963     00DC                     i1l2185:
  7964                           
  7965                           ;mcc_generated_files/i2c_host/src/mssp1.c: 335:     if (I2C1_IsRxBufFull())
  7966     00DC  3183  2329  3180   	fcall	_I2C1_IsRxBufFull
  7967     00DF  3A00               	xorlw	0
  7968     00E0  1903               	skipnz
  7969     00E1  28E3               	goto	u44_21
  7970     00E2  28E4               	goto	u44_20
  7971     00E3                     u44_21:
  7972     00E3  2915               	goto	i1l2203
  7973     00E4                     u44_20:
  7974     00E4                     i1l2187:
  7975                           
  7976                           ;mcc_generated_files/i2c_host/src/mssp1.c: 336:     {;mcc_generated_files/i2c_host/src/m
      +                          ssp1.c: 337:         if (i2c1Status.readLength > 0)
  7977     00E4  0020               	movlb	0	; select bank0
  7978     00E5  0829               	movf	_i2c1Status+9,w	;volatile
  7979     00E6  042A               	iorwf	_i2c1Status+10,w	;volatile
  7980     00E7  1903               	btfsc	3,2
  7981     00E8  28EA               	goto	u45_21
  7982     00E9  28EB               	goto	u45_20
  7983     00EA                     u45_21:
  7984     00EA  2902               	goto	i1l2195
  7985     00EB                     u45_20:
  7986     00EB                     i1l2189:
  7987                           
  7988                           ;mcc_generated_files/i2c_host/src/mssp1.c: 338:         {;mcc_generated_files/i2c_host/s
      +                          rc/mssp1.c: 339:             *i2c1Status.readPtr++ = I2C1_DataReceive();
  7989     00EB  3183  2342  3180   	fcall	_I2C1_DataReceive
  7990     00EE  00F6               	movwf	??_I2C1_EVENT_RX
  7991     00EF  3007               	movlw	7
  7992     00F0  3E20               	addlw	(low (_i2c1Status| 0))& (0+255)
  7993     00F1  0086               	movwf	6
  7994     00F2  0187               	clrf	7
  7995     00F3  3F40               	moviw [0]fsr1
  7996     00F4  0084               	movwf	4
  7997     00F5  3F41               	moviw [1]fsr1
  7998     00F6  0085               	movwf	5
  7999     00F7  0876               	movf	??_I2C1_EVENT_RX,w
  8000     00F8  0080               	movwf	0
  8001     00F9                     i1l2191:
  8002     00F9  3001               	movlw	1
  8003     00FA  0020               	movlb	0	; select bank0
  8004     00FB  07A7               	addwf	low ((_i2c1Status| 0+7)),f	;volatile
  8005     00FC  3000               	movlw	0
  8006     00FD  3DA8               	addwfc	(low ((_i2c1Status| 0+7))+1),f	;volatile
  8007     00FE                     i1l2193:
  8008                           
  8009                           ;mcc_generated_files/i2c_host/src/mssp1.c: 340:             i2c1Status.readLength--;
  8010     00FE  3001               	movlw	1
  8011     00FF  02A9               	subwf	_i2c1Status+9,f	;volatile
  8012     0100  3000               	movlw	0
  8013     0101  3BAA               	subwfb	_i2c1Status+10,f	;volatile
  8014     0102                     i1l2195:
  8015                           
  8016                           ;mcc_generated_files/i2c_host/src/mssp1.c: 344:         if (i2c1Status.readLength > 0)
  8017     0102  0829               	movf	_i2c1Status+9,w	;volatile
  8018     0103  042A               	iorwf	_i2c1Status+10,w	;volatile
  8019     0104  1903               	btfsc	3,2
  8020     0105  2907               	goto	u46_21
  8021     0106  2908               	goto	u46_20
  8022     0107                     u46_21:
  8023     0107  290C               	goto	i1l2199
  8024     0108                     u46_20:
  8025     0108                     i1l2197:
  8026                           
  8027                           ;mcc_generated_files/i2c_host/src/mssp1.c: 345:         {;mcc_generated_files/i2c_host/s
      +                          rc/mssp1.c: 346:             I2C1_AckSend();
  8028     0108  3183  232D  3180   	fcall	_I2C1_AckSend
  8029                           
  8030                           ;mcc_generated_files/i2c_host/src/mssp1.c: 347:         }
  8031     010B  2918               	goto	i1l2205
  8032     010C                     i1l2199:
  8033                           
  8034                           ;mcc_generated_files/i2c_host/src/mssp1.c: 349:         {;mcc_generated_files/i2c_host/s
      +                          rc/mssp1.c: 350:             I2C1_RestartDisable();
  8035     010C  3183  233C  3180   	fcall	_I2C1_RestartDisable
  8036                           
  8037                           ;mcc_generated_files/i2c_host/src/mssp1.c: 351:             I2C1_NackSend();
  8038     010F  3183  2325  3180   	fcall	_I2C1_NackSend
  8039     0112                     i1l2201:
  8040                           
  8041                           ;mcc_generated_files/i2c_host/src/mssp1.c: 352:             retEventState = I2C_STATE_ST
      +                          OP;
  8042     0112  3007               	movlw	7
  8043     0113  00F7               	movwf	I2C1_EVENT_RX@retEventState
  8044     0114  2918               	goto	i1l2205
  8045     0115                     i1l2203:
  8046                           
  8047                           ;mcc_generated_files/i2c_host/src/mssp1.c: 357:     {;mcc_generated_files/i2c_host/src/m
      +                          ssp1.c: 358:         I2C1_ReceiveEnable();
  8048     0115  3183  233F  3180   	fcall	_I2C1_ReceiveEnable
  8049     0118                     i1l2205:
  8050                           
  8051                           ;mcc_generated_files/i2c_host/src/mssp1.c: 360:     return retEventState;
  8052     0118  0877               	movf	I2C1_EVENT_RX@retEventState,w
  8053     0119                     i1l328:
  8054     0119  0008               	return
  8055     011A                     __end_of_I2C1_EVENT_RX:
  8056                           
  8057                           	psect	text34
  8058     02D4                     __ptext34:	
  8059 ;; *************** function _I2C1_EVENT_SEND_WR_ADDR *****************
  8060 ;; Defined at:
  8061 ;;		line 299 in file "mcc_generated_files/i2c_host/src/mssp1.c"
  8062 ;; Parameters:    Size  Location     Type
  8063 ;;		None
  8064 ;; Auto vars:     Size  Location     Type
  8065 ;;		None
  8066 ;; Return value:  Size  Location     Type
  8067 ;;                  1    wreg      enum E6815
  8068 ;; Registers used:
  8069 ;;		wreg, status,2, status,0, pclath, cstack
  8070 ;; Tracked objects:
  8071 ;;		On entry : 0/0
  8072 ;;		On exit  : 0/0
  8073 ;;		Unchanged: 0/0
  8074 ;; Data sizes:     COMMON   BANK0   BANK1   BANK2   BANK3   BANK4   BANK5   BANK6
  8075 ;;      Params:         0       0       0       0       0       0       0       0
  8076 ;;      Locals:         0       0       0       0       0       0       0       0
  8077 ;;      Temps:          0       0       0       0       0       0       0       0
  8078 ;;      Totals:         0       0       0       0       0       0       0       0
  8079 ;;Total ram usage:        0 bytes
  8080 ;; Hardware stack levels used: 1
  8081 ;; Hardware stack levels required when called: 1
  8082 ;; This function calls:
  8083 ;;		_I2C1_DataTransmit
  8084 ;; This function is called by:
  8085 ;;		_I2C1_EventHandler
  8086 ;;		_I2C1_ErrorEventHandler
  8087 ;; This function uses a non-reentrant model
  8088 ;;
  8089                           
  8090     02D4                     _I2C1_EVENT_SEND_WR_ADDR:	
  8091                           ;psect for function _I2C1_EVENT_SEND_WR_ADDR
  8092                           
  8093     02D4                     i1l2153:	
  8094                           ;incstack = 0
  8095                           ; Regs used in _I2C1_EVENT_SEND_WR_ADDR: [wreg+status,2+status,0+pclath+cstack]
  8096                           
  8097                           
  8098                           ;mcc_generated_files/i2c_host/src/mssp1.c: 301:     I2C1_DataTransmit((uint8_t) (i2c1Sta
      +                          tus.address << 1));
  8099     02D4  0020               	movlb	0	; select bank0
  8100     02D5  3521               	lslf	_i2c1Status+1,w	;volatile
  8101     02D6  3183  2310  3182   	fcall	_I2C1_DataTransmit
  8102     02D9                     i1l2155:
  8103                           
  8104                           ;mcc_generated_files/i2c_host/src/mssp1.c: 302:     return I2C_STATE_TX;
  8105     02D9  3003               	movlw	3
  8106     02DA                     i1l313:
  8107     02DA  0008               	return
  8108     02DB                     __end_of_I2C1_EVENT_SEND_WR_ADDR:
  8109                           
  8110                           	psect	text35
  8111     02BE                     __ptext35:	
  8112 ;; *************** function _I2C1_EVENT_SEND_RD_ADDR *****************
  8113 ;; Defined at:
  8114 ;;		line 293 in file "mcc_generated_files/i2c_host/src/mssp1.c"
  8115 ;; Parameters:    Size  Location     Type
  8116 ;;		None
  8117 ;; Auto vars:     Size  Location     Type
  8118 ;;		None
  8119 ;; Return value:  Size  Location     Type
  8120 ;;                  1    wreg      enum E6815
  8121 ;; Registers used:
  8122 ;;		wreg, status,2, status,0, pclath, cstack
  8123 ;; Tracked objects:
  8124 ;;		On entry : 0/0
  8125 ;;		On exit  : 0/0
  8126 ;;		Unchanged: 0/0
  8127 ;; Data sizes:     COMMON   BANK0   BANK1   BANK2   BANK3   BANK4   BANK5   BANK6
  8128 ;;      Params:         0       0       0       0       0       0       0       0
  8129 ;;      Locals:         0       0       0       0       0       0       0       0
  8130 ;;      Temps:          0       0       0       0       0       0       0       0
  8131 ;;      Totals:         0       0       0       0       0       0       0       0
  8132 ;;Total ram usage:        0 bytes
  8133 ;; Hardware stack levels used: 1
  8134 ;; Hardware stack levels required when called: 1
  8135 ;; This function calls:
  8136 ;;		_I2C1_DataTransmit
  8137 ;; This function is called by:
  8138 ;;		_I2C1_EventHandler
  8139 ;;		_I2C1_ErrorEventHandler
  8140 ;; This function uses a non-reentrant model
  8141 ;;
  8142                           
  8143     02BE                     _I2C1_EVENT_SEND_RD_ADDR:	
  8144                           ;psect for function _I2C1_EVENT_SEND_RD_ADDR
  8145                           
  8146     02BE                     i1l2147:	
  8147                           ;incstack = 0
  8148                           ; Regs used in _I2C1_EVENT_SEND_RD_ADDR: [wreg+status,2+status,0+pclath+cstack]
  8149                           
  8150                           
  8151                           ;mcc_generated_files/i2c_host/src/mssp1.c: 295:     I2C1_DataTransmit((uint8_t) (i2c1Sta
      +                          tus.address << 1 | 1));
  8152     02BE  1403               	setc
  8153     02BF  0020               	movlb	0	; select bank0
  8154     02C0  0D21               	rlf	_i2c1Status+1,w	;volatile
  8155     02C1  3183  2310  3182   	fcall	_I2C1_DataTransmit
  8156     02C4                     i1l2149:
  8157                           
  8158                           ;mcc_generated_files/i2c_host/src/mssp1.c: 296:     return I2C_STATE_RX;
  8159     02C4  3004               	movlw	4
  8160     02C5                     i1l310:
  8161     02C5  0008               	return
  8162     02C6                     __end_of_I2C1_EVENT_SEND_RD_ADDR:
  8163                           
  8164                           	psect	text36
  8165     0321                     __ptext36:	
  8166 ;; *************** function _I2C1_EVENT_IDLE *****************
  8167 ;; Defined at:
  8168 ;;		line 287 in file "mcc_generated_files/i2c_host/src/mssp1.c"
  8169 ;; Parameters:    Size  Location     Type
  8170 ;;		None
  8171 ;; Auto vars:     Size  Location     Type
  8172 ;;		None
  8173 ;; Return value:  Size  Location     Type
  8174 ;;                  1    wreg      enum E6815
  8175 ;; Registers used:
  8176 ;;		wreg, status,2
  8177 ;; Tracked objects:
  8178 ;;		On entry : 0/0
  8179 ;;		On exit  : 0/0
  8180 ;;		Unchanged: 0/0
  8181 ;; Data sizes:     COMMON   BANK0   BANK1   BANK2   BANK3   BANK4   BANK5   BANK6
  8182 ;;      Params:         0       0       0       0       0       0       0       0
  8183 ;;      Locals:         0       0       0       0       0       0       0       0
  8184 ;;      Temps:          0       0       0       0       0       0       0       0
  8185 ;;      Totals:         0       0       0       0       0       0       0       0
  8186 ;;Total ram usage:        0 bytes
  8187 ;; Hardware stack levels used: 1
  8188 ;; This function calls:
  8189 ;;		Nothing
  8190 ;; This function is called by:
  8191 ;;		_I2C1_EventHandler
  8192 ;;		_I2C1_ErrorEventHandler
  8193 ;; This function uses a non-reentrant model
  8194 ;;
  8195                           
  8196     0321                     _I2C1_EVENT_IDLE:	
  8197                           ;psect for function _I2C1_EVENT_IDLE
  8198                           
  8199     0321                     i1l2141:	
  8200                           ;incstack = 0
  8201                           ; Regs used in _I2C1_EVENT_IDLE: [wreg+status,2]
  8202                           
  8203                           
  8204                           ;mcc_generated_files/i2c_host/src/mssp1.c: 289:     i2c1Status.busy = 0;
  8205     0321  0020               	movlb	0	; select bank0
  8206     0322  01A0               	clrf	_i2c1Status	;volatile
  8207     0323                     i1l2143:
  8208                           
  8209                           ;mcc_generated_files/i2c_host/src/mssp1.c: 290:     return I2C_STATE_RESET;
  8210     0323  3008               	movlw	8
  8211     0324                     i1l307:
  8212     0324  0008               	return
  8213     0325                     __end_of_I2C1_EVENT_IDLE:
  8214                           
  8215                           	psect	text37
  8216     014A                     __ptext37:	
  8217 ;; *************** function _I2C1_EVENT_TX *****************
  8218 ;; Defined at:
  8219 ;;		line 305 in file "mcc_generated_files/i2c_host/src/mssp1.c"
  8220 ;; Parameters:    Size  Location     Type
  8221 ;;		None
  8222 ;; Auto vars:     Size  Location     Type
  8223 ;;  retEventStat    1    3[COMMON] enum E6815
  8224 ;; Return value:  Size  Location     Type
  8225 ;;                  1    wreg      enum E6815
  8226 ;; Registers used:
  8227 ;;		wreg, fsr1l, fsr1h, status,2, status,0, pclath, cstack
  8228 ;; Tracked objects:
  8229 ;;		On entry : 0/0
  8230 ;;		On exit  : 0/0
  8231 ;;		Unchanged: 0/0
  8232 ;; Data sizes:     COMMON   BANK0   BANK1   BANK2   BANK3   BANK4   BANK5   BANK6
  8233 ;;      Params:         0       0       0       0       0       0       0       0
  8234 ;;      Locals:         1       0       0       0       0       0       0       0
  8235 ;;      Temps:          2       0       0       0       0       0       0       0
  8236 ;;      Totals:         3       0       0       0       0       0       0       0
  8237 ;;Total ram usage:        3 bytes
  8238 ;; Hardware stack levels used: 1
  8239 ;; Hardware stack levels required when called: 3
  8240 ;; This function calls:
  8241 ;;		_I2C1_DataTransmit
  8242 ;;		_I2C1_EVENT_STOP
  8243 ;;		_I2C1_RestartEnable
  8244 ;; This function is called by:
  8245 ;;		_I2C1_EventHandler
  8246 ;;		_I2C1_ErrorEventHandler
  8247 ;; This function uses a non-reentrant model
  8248 ;;
  8249                           
  8250     014A                     _I2C1_EVENT_TX:	
  8251                           ;psect for function _I2C1_EVENT_TX
  8252                           
  8253     014A                     i1l2159:	
  8254                           ;incstack = 0
  8255                           ; Regs used in _I2C1_EVENT_TX: [wreg+fsr1l+fsr1h+status,2+status,0+pclath+cstack]
  8256                           
  8257     014A                     i1l2161:
  8258                           
  8259                           ;mcc_generated_files/i2c_host/src/mssp1.c: 308:     if (i2c1Status.writeLength)
  8260     014A  0020               	movlb	0	; select bank0
  8261     014B  0825               	movf	_i2c1Status+5,w	;volatile
  8262     014C  0426               	iorwf	_i2c1Status+6,w	;volatile
  8263     014D  1903               	btfsc	3,2
  8264     014E  2950               	goto	u42_21
  8265     014F  2951               	goto	u42_20
  8266     0150                     u42_21:
  8267     0150  2967               	goto	i1l2169
  8268     0151                     u42_20:
  8269     0151                     i1l2163:
  8270                           
  8271                           ;mcc_generated_files/i2c_host/src/mssp1.c: 309:     {;mcc_generated_files/i2c_host/src/m
      +                          ssp1.c: 310:         i2c1Status.writeLength--;
  8272     0151  3001               	movlw	1
  8273     0152  02A5               	subwf	_i2c1Status+5,f	;volatile
  8274     0153  3000               	movlw	0
  8275     0154  3BA6               	subwfb	_i2c1Status+6,f	;volatile
  8276     0155                     i1l2165:
  8277                           
  8278                           ;mcc_generated_files/i2c_host/src/mssp1.c: 311:         I2C1_DataTransmit(*i2c1Status.wr
      +                          itePtr++);
  8279     0155  0824               	movf	(low ((_i2c1Status| 0+3))+1),w	;volatile
  8280     0156  00F8               	movwf	??_I2C1_EVENT_TX+1
  8281     0157  0823               	movf	low ((_i2c1Status| 0+3)),w	;volatile
  8282     0158  00F7               	movwf	??_I2C1_EVENT_TX
  8283     0159  0AA3               	incf	low ((_i2c1Status| 0+3)),f	;volatile
  8284     015A  1903               	skipnz
  8285     015B  0AA4               	incf	(low ((_i2c1Status| 0+3))+1),f	;volatile
  8286     015C  0877               	movf	??_I2C1_EVENT_TX,w
  8287     015D  0086               	movwf	6
  8288     015E  0878               	movf	??_I2C1_EVENT_TX+1,w
  8289     015F  0087               	movwf	7
  8290     0160  0801               	movf	1,w
  8291     0161  3183  2310  3181   	fcall	_I2C1_DataTransmit
  8292     0164                     i1l2167:
  8293                           
  8294                           ;mcc_generated_files/i2c_host/src/mssp1.c: 312:         retEventState = I2C_STATE_TX;
  8295     0164  3003               	movlw	3
  8296     0165  00F9               	movwf	I2C1_EVENT_TX@retEventState
  8297                           
  8298                           ;mcc_generated_files/i2c_host/src/mssp1.c: 313:     }
  8299     0166  2977               	goto	i1l2179
  8300     0167                     i1l2169:
  8301                           
  8302                           ;mcc_generated_files/i2c_host/src/mssp1.c: 315:     {;mcc_generated_files/i2c_host/src/m
      +                          ssp1.c: 316:         if (i2c1Status.switchToRead)
  8303     0167  082B               	movf	_i2c1Status+11,w	;volatile
  8304     0168  1903               	btfsc	3,2
  8305     0169  296B               	goto	u43_21
  8306     016A  296C               	goto	u43_20
  8307     016B                     u43_21:
  8308     016B  2973               	goto	i1l2177
  8309     016C                     u43_20:
  8310     016C                     i1l2171:
  8311                           
  8312                           ;mcc_generated_files/i2c_host/src/mssp1.c: 317:         {;mcc_generated_files/i2c_host/s
      +                          rc/mssp1.c: 318:             i2c1Status.switchToRead = 0;
  8313     016C  01AB               	clrf	_i2c1Status+11	;volatile
  8314     016D                     i1l2173:
  8315                           
  8316                           ;mcc_generated_files/i2c_host/src/mssp1.c: 319:             I2C1_RestartEnable();
  8317     016D  3183  2339  3181   	fcall	_I2C1_RestartEnable
  8318     0170                     i1l2175:
  8319                           
  8320                           ;mcc_generated_files/i2c_host/src/mssp1.c: 320:             retEventState = I2C_STATE_SE
      +                          ND_RD_ADDR;
  8321     0170  01F9               	clrf	I2C1_EVENT_TX@retEventState
  8322     0171  0AF9               	incf	I2C1_EVENT_TX@retEventState,f
  8323                           
  8324                           ;mcc_generated_files/i2c_host/src/mssp1.c: 321:         }
  8325     0172  2977               	goto	i1l2179
  8326     0173                     i1l2177:
  8327                           
  8328                           ;mcc_generated_files/i2c_host/src/mssp1.c: 323:         {;mcc_generated_files/i2c_host/s
      +                          rc/mssp1.c: 324:             retEventState = I2C1_EVENT_STOP();
  8329     0173  3182  22B6  3181   	fcall	_I2C1_EVENT_STOP
  8330     0176  00F9               	movwf	I2C1_EVENT_TX@retEventState
  8331     0177                     i1l2179:
  8332                           
  8333                           ;mcc_generated_files/i2c_host/src/mssp1.c: 328:     return retEventState;
  8334     0177  0879               	movf	I2C1_EVENT_TX@retEventState,w
  8335     0178                     i1l320:
  8336     0178  0008               	return
  8337     0179                     __end_of_I2C1_EVENT_TX:
  8338                           
  8339                           	psect	text38
  8340     0339                     __ptext38:	
  8341 ;; *************** function _I2C1_RestartEnable *****************
  8342 ;; Defined at:
  8343 ;;		line 415 in file "mcc_generated_files/i2c_host/src/mssp1.c"
  8344 ;; Parameters:    Size  Location     Type
  8345 ;;		None
  8346 ;; Auto vars:     Size  Location     Type
  8347 ;;		None
  8348 ;; Return value:  Size  Location     Type
  8349 ;;                  1    wreg      void 
  8350 ;; Registers used:
  8351 ;;		None
  8352 ;; Tracked objects:
  8353 ;;		On entry : 0/0
  8354 ;;		On exit  : 0/0
  8355 ;;		Unchanged: 0/0
  8356 ;; Data sizes:     COMMON   BANK0   BANK1   BANK2   BANK3   BANK4   BANK5   BANK6
  8357 ;;      Params:         0       0       0       0       0       0       0       0
  8358 ;;      Locals:         0       0       0       0       0       0       0       0
  8359 ;;      Temps:          0       0       0       0       0       0       0       0
  8360 ;;      Totals:         0       0       0       0       0       0       0       0
  8361 ;;Total ram usage:        0 bytes
  8362 ;; Hardware stack levels used: 1
  8363 ;; This function calls:
  8364 ;;		Nothing
  8365 ;; This function is called by:
  8366 ;;		_I2C1_EVENT_TX
  8367 ;; This function uses a non-reentrant model
  8368 ;;
  8369                           
  8370     0339                     _I2C1_RestartEnable:	
  8371                           ;psect for function _I2C1_RestartEnable
  8372                           
  8373     0339                     i1l2089:	
  8374                           ;incstack = 0
  8375                           ; Regs used in _I2C1_RestartEnable: []
  8376                           
  8377                           
  8378                           ;mcc_generated_files/i2c_host/src/mssp1.c: 417:     SSP1CON2bits.RSEN = 1;
  8379     0339  0024               	movlb	4	; select bank4
  8380     033A  1496               	bsf	22,1	;volatile
  8381     033B                     i1l355:
  8382     033B  0008               	return
  8383     033C                     __end_of_I2C1_RestartEnable:
  8384                           
  8385                           	psect	text39
  8386     0310                     __ptext39:	
  8387 ;; *************** function _I2C1_DataTransmit *****************
  8388 ;; Defined at:
  8389 ;;		line 399 in file "mcc_generated_files/i2c_host/src/mssp1.c"
  8390 ;; Parameters:    Size  Location     Type
  8391 ;;  data            1    wreg     unsigned char 
  8392 ;; Auto vars:     Size  Location     Type
  8393 ;;  data            1    0[COMMON] unsigned char 
  8394 ;; Return value:  Size  Location     Type
  8395 ;;                  1    wreg      void 
  8396 ;; Registers used:
  8397 ;;		wreg
  8398 ;; Tracked objects:
  8399 ;;		On entry : 0/0
  8400 ;;		On exit  : 0/0
  8401 ;;		Unchanged: 0/0
  8402 ;; Data sizes:     COMMON   BANK0   BANK1   BANK2   BANK3   BANK4   BANK5   BANK6
  8403 ;;      Params:         0       0       0       0       0       0       0       0
  8404 ;;      Locals:         1       0       0       0       0       0       0       0
  8405 ;;      Temps:          0       0       0       0       0       0       0       0
  8406 ;;      Totals:         1       0       0       0       0       0       0       0
  8407 ;;Total ram usage:        1 bytes
  8408 ;; Hardware stack levels used: 1
  8409 ;; This function calls:
  8410 ;;		Nothing
  8411 ;; This function is called by:
  8412 ;;		_I2C1_EVENT_SEND_RD_ADDR
  8413 ;;		_I2C1_EVENT_SEND_WR_ADDR
  8414 ;;		_I2C1_EVENT_TX
  8415 ;; This function uses a non-reentrant model
  8416 ;;
  8417                           
  8418     0310                     _I2C1_DataTransmit:	
  8419                           ;psect for function _I2C1_DataTransmit
  8420                           
  8421                           
  8422                           ;incstack = 0
  8423                           ; Regs used in _I2C1_DataTransmit: [wreg]
  8424                           ;I2C1_DataTransmit@data stored from wreg
  8425     0310  00F6               	movwf	I2C1_DataTransmit@data
  8426     0311                     i1l2087:
  8427                           
  8428                           ;mcc_generated_files/i2c_host/src/mssp1.c: 399: static void I2C1_DataTransmit(uint8_t da
      +                          ta);mcc_generated_files/i2c_host/src/mssp1.c: 400: {;mcc_generated_files/i2c_host/src/ms
      +                          sp1.c: 401:     SSP1BUF = data;
  8429     0311  0876               	movf	I2C1_DataTransmit@data,w
  8430     0312  0024               	movlb	4	; select bank4
  8431     0313  0091               	movwf	17	;volatile
  8432     0314                     i1l346:
  8433     0314  0008               	return
  8434     0315                     __end_of_I2C1_DataTransmit:
  8435                           
  8436                           	psect	text40
  8437     033C                     __ptext40:	
  8438 ;; *************** function _I2C1_RestartDisable *****************
  8439 ;; Defined at:
  8440 ;;		line 420 in file "mcc_generated_files/i2c_host/src/mssp1.c"
  8441 ;; Parameters:    Size  Location     Type
  8442 ;;		None
  8443 ;; Auto vars:     Size  Location     Type
  8444 ;;		None
  8445 ;; Return value:  Size  Location     Type
  8446 ;;                  1    wreg      void 
  8447 ;; Registers used:
  8448 ;;		None
  8449 ;; Tracked objects:
  8450 ;;		On entry : 0/0
  8451 ;;		On exit  : 0/0
  8452 ;;		Unchanged: 0/0
  8453 ;; Data sizes:     COMMON   BANK0   BANK1   BANK2   BANK3   BANK4   BANK5   BANK6
  8454 ;;      Params:         0       0       0       0       0       0       0       0
  8455 ;;      Locals:         0       0       0       0       0       0       0       0
  8456 ;;      Temps:          0       0       0       0       0       0       0       0
  8457 ;;      Totals:         0       0       0       0       0       0       0       0
  8458 ;;Total ram usage:        0 bytes
  8459 ;; Hardware stack levels used: 1
  8460 ;; This function calls:
  8461 ;;		Nothing
  8462 ;; This function is called by:
  8463 ;;		_I2C1_EVENT_RX
  8464 ;; This function uses a non-reentrant model
  8465 ;;
  8466                           
  8467     033C                     _I2C1_RestartDisable:	
  8468                           ;psect for function _I2C1_RestartDisable
  8469                           
  8470     033C                     i1l2107:	
  8471                           ;incstack = 0
  8472                           ; Regs used in _I2C1_RestartDisable: []
  8473                           
  8474                           
  8475                           ;mcc_generated_files/i2c_host/src/mssp1.c: 422:     SSP1CON2bits.RSEN = 0;
  8476     033C  0024               	movlb	4	; select bank4
  8477     033D  1096               	bcf	22,1	;volatile
  8478     033E                     i1l358:
  8479     033E  0008               	return
  8480     033F                     __end_of_I2C1_RestartDisable:
  8481                           
  8482                           	psect	text41
  8483     033F                     __ptext41:	
  8484 ;; *************** function _I2C1_ReceiveEnable *****************
  8485 ;; Defined at:
  8486 ;;		line 410 in file "mcc_generated_files/i2c_host/src/mssp1.c"
  8487 ;; Parameters:    Size  Location     Type
  8488 ;;		None
  8489 ;; Auto vars:     Size  Location     Type
  8490 ;;		None
  8491 ;; Return value:  Size  Location     Type
  8492 ;;                  1    wreg      void 
  8493 ;; Registers used:
  8494 ;;		None
  8495 ;; Tracked objects:
  8496 ;;		On entry : 0/0
  8497 ;;		On exit  : 0/0
  8498 ;;		Unchanged: 0/0
  8499 ;; Data sizes:     COMMON   BANK0   BANK1   BANK2   BANK3   BANK4   BANK5   BANK6
  8500 ;;      Params:         0       0       0       0       0       0       0       0
  8501 ;;      Locals:         0       0       0       0       0       0       0       0
  8502 ;;      Temps:          0       0       0       0       0       0       0       0
  8503 ;;      Totals:         0       0       0       0       0       0       0       0
  8504 ;;Total ram usage:        0 bytes
  8505 ;; Hardware stack levels used: 1
  8506 ;; This function calls:
  8507 ;;		Nothing
  8508 ;; This function is called by:
  8509 ;;		_I2C1_EVENT_RX
  8510 ;; This function uses a non-reentrant model
  8511 ;;
  8512                           
  8513     033F                     _I2C1_ReceiveEnable:	
  8514                           ;psect for function _I2C1_ReceiveEnable
  8515                           
  8516     033F                     i1l2111:	
  8517                           ;incstack = 0
  8518                           ; Regs used in _I2C1_ReceiveEnable: []
  8519                           
  8520                           
  8521                           ;mcc_generated_files/i2c_host/src/mssp1.c: 412:     SSP1CON2bits.RCEN = 1;
  8522     033F  0024               	movlb	4	; select bank4
  8523     0340  1596               	bsf	22,3	;volatile
  8524     0341                     i1l352:
  8525     0341  0008               	return
  8526     0342                     __end_of_I2C1_ReceiveEnable:
  8527                           
  8528                           	psect	text42
  8529     0325                     __ptext42:	
  8530 ;; *************** function _I2C1_NackSend *****************
  8531 ;; Defined at:
  8532 ;;		line 441 in file "mcc_generated_files/i2c_host/src/mssp1.c"
  8533 ;; Parameters:    Size  Location     Type
  8534 ;;		None
  8535 ;; Auto vars:     Size  Location     Type
  8536 ;;		None
  8537 ;; Return value:  Size  Location     Type
  8538 ;;                  1    wreg      void 
  8539 ;; Registers used:
  8540 ;;		None
  8541 ;; Tracked objects:
  8542 ;;		On entry : 0/0
  8543 ;;		On exit  : 0/0
  8544 ;;		Unchanged: 0/0
  8545 ;; Data sizes:     COMMON   BANK0   BANK1   BANK2   BANK3   BANK4   BANK5   BANK6
  8546 ;;      Params:         0       0       0       0       0       0       0       0
  8547 ;;      Locals:         0       0       0       0       0       0       0       0
  8548 ;;      Temps:          0       0       0       0       0       0       0       0
  8549 ;;      Totals:         0       0       0       0       0       0       0       0
  8550 ;;Total ram usage:        0 bytes
  8551 ;; Hardware stack levels used: 1
  8552 ;; This function calls:
  8553 ;;		Nothing
  8554 ;; This function is called by:
  8555 ;;		_I2C1_EVENT_RX
  8556 ;; This function uses a non-reentrant model
  8557 ;;
  8558                           
  8559     0325                     _I2C1_NackSend:	
  8560                           ;psect for function _I2C1_NackSend
  8561                           
  8562     0325                     i1l2109:	
  8563                           ;incstack = 0
  8564                           ; Regs used in _I2C1_NackSend: []
  8565                           
  8566                           
  8567                           ;mcc_generated_files/i2c_host/src/mssp1.c: 443:     SSP1CON2bits.ACKDT = 1;
  8568     0325  0024               	movlb	4	; select bank4
  8569     0326  1696               	bsf	22,5	;volatile
  8570                           
  8571                           ;mcc_generated_files/i2c_host/src/mssp1.c: 444:     SSP1CON2bits.ACKEN = 1;
  8572     0327  1616               	bsf	22,4	;volatile
  8573     0328                     i1l370:
  8574     0328  0008               	return
  8575     0329                     __end_of_I2C1_NackSend:
  8576                           
  8577                           	psect	text43
  8578     0329                     __ptext43:	
  8579 ;; *************** function _I2C1_IsRxBufFull *****************
  8580 ;; Defined at:
  8581 ;;		line 462 in file "mcc_generated_files/i2c_host/src/mssp1.c"
  8582 ;; Parameters:    Size  Location     Type
  8583 ;;		None
  8584 ;; Auto vars:     Size  Location     Type
  8585 ;;		None
  8586 ;; Return value:  Size  Location     Type
  8587 ;;                  1    wreg      _Bool 
  8588 ;; Registers used:
  8589 ;;		wreg, status,2, status,0
  8590 ;; Tracked objects:
  8591 ;;		On entry : 0/0
  8592 ;;		On exit  : 0/0
  8593 ;;		Unchanged: 0/0
  8594 ;; Data sizes:     COMMON   BANK0   BANK1   BANK2   BANK3   BANK4   BANK5   BANK6
  8595 ;;      Params:         0       0       0       0       0       0       0       0
  8596 ;;      Locals:         0       0       0       0       0       0       0       0
  8597 ;;      Temps:          0       0       0       0       0       0       0       0
  8598 ;;      Totals:         0       0       0       0       0       0       0       0
  8599 ;;Total ram usage:        0 bytes
  8600 ;; Hardware stack levels used: 1
  8601 ;; This function calls:
  8602 ;;		Nothing
  8603 ;; This function is called by:
  8604 ;;		_I2C1_EVENT_RX
  8605 ;; This function uses a non-reentrant model
  8606 ;;
  8607                           
  8608     0329                     _I2C1_IsRxBufFull:	
  8609                           ;psect for function _I2C1_IsRxBufFull
  8610                           
  8611     0329                     i1l2097:	
  8612                           ;incstack = 0
  8613                           ; Regs used in _I2C1_IsRxBufFull: [wreg+status,2+status,0]
  8614                           
  8615                           
  8616                           ;mcc_generated_files/i2c_host/src/mssp1.c: 464:     return SSP1STATbits.BF;
  8617     0329  0024               	movlb	4	; select bank4
  8618     032A  0814               	movf	20,w	;volatile
  8619     032B  3901               	andlw	1
  8620     032C                     i1l382:
  8621     032C  0008               	return
  8622     032D                     __end_of_I2C1_IsRxBufFull:
  8623                           
  8624                           	psect	text44
  8625     0342                     __ptext44:	
  8626 ;; *************** function _I2C1_DataReceive *****************
  8627 ;; Defined at:
  8628 ;;		line 394 in file "mcc_generated_files/i2c_host/src/mssp1.c"
  8629 ;; Parameters:    Size  Location     Type
  8630 ;;		None
  8631 ;; Auto vars:     Size  Location     Type
  8632 ;;		None
  8633 ;; Return value:  Size  Location     Type
  8634 ;;                  1    wreg      unsigned char 
  8635 ;; Registers used:
  8636 ;;		wreg
  8637 ;; Tracked objects:
  8638 ;;		On entry : 0/0
  8639 ;;		On exit  : 0/0
  8640 ;;		Unchanged: 0/0
  8641 ;; Data sizes:     COMMON   BANK0   BANK1   BANK2   BANK3   BANK4   BANK5   BANK6
  8642 ;;      Params:         0       0       0       0       0       0       0       0
  8643 ;;      Locals:         0       0       0       0       0       0       0       0
  8644 ;;      Temps:          0       0       0       0       0       0       0       0
  8645 ;;      Totals:         0       0       0       0       0       0       0       0
  8646 ;;Total ram usage:        0 bytes
  8647 ;; Hardware stack levels used: 1
  8648 ;; This function calls:
  8649 ;;		Nothing
  8650 ;; This function is called by:
  8651 ;;		_I2C1_EVENT_RX
  8652 ;; This function uses a non-reentrant model
  8653 ;;
  8654                           
  8655     0342                     _I2C1_DataReceive:	
  8656                           ;psect for function _I2C1_DataReceive
  8657                           
  8658     0342                     i1l2101:	
  8659                           ;incstack = 0
  8660                           ; Regs used in _I2C1_DataReceive: [wreg]
  8661                           
  8662                           
  8663                           ;mcc_generated_files/i2c_host/src/mssp1.c: 396:     return SSP1BUF;
  8664     0342  0024               	movlb	4	; select bank4
  8665     0343  0811               	movf	17,w	;volatile
  8666     0344                     i1l343:
  8667     0344  0008               	return
  8668     0345                     __end_of_I2C1_DataReceive:
  8669                           
  8670                           	psect	text45
  8671     032D                     __ptext45:	
  8672 ;; *************** function _I2C1_AckSend *****************
  8673 ;; Defined at:
  8674 ;;		line 435 in file "mcc_generated_files/i2c_host/src/mssp1.c"
  8675 ;; Parameters:    Size  Location     Type
  8676 ;;		None
  8677 ;; Auto vars:     Size  Location     Type
  8678 ;;		None
  8679 ;; Return value:  Size  Location     Type
  8680 ;;                  1    wreg      void 
  8681 ;; Registers used:
  8682 ;;		None
  8683 ;; Tracked objects:
  8684 ;;		On entry : 0/0
  8685 ;;		On exit  : 0/0
  8686 ;;		Unchanged: 0/0
  8687 ;; Data sizes:     COMMON   BANK0   BANK1   BANK2   BANK3   BANK4   BANK5   BANK6
  8688 ;;      Params:         0       0       0       0       0       0       0       0
  8689 ;;      Locals:         0       0       0       0       0       0       0       0
  8690 ;;      Temps:          0       0       0       0       0       0       0       0
  8691 ;;      Totals:         0       0       0       0       0       0       0       0
  8692 ;;Total ram usage:        0 bytes
  8693 ;; Hardware stack levels used: 1
  8694 ;; This function calls:
  8695 ;;		Nothing
  8696 ;; This function is called by:
  8697 ;;		_I2C1_EVENT_RX
  8698 ;; This function uses a non-reentrant model
  8699 ;;
  8700                           
  8701     032D                     _I2C1_AckSend:	
  8702                           ;psect for function _I2C1_AckSend
  8703                           
  8704     032D                     i1l2105:	
  8705                           ;incstack = 0
  8706                           ; Regs used in _I2C1_AckSend: []
  8707                           
  8708                           
  8709                           ;mcc_generated_files/i2c_host/src/mssp1.c: 437:     SSP1CON2bits.ACKDT = 0;
  8710     032D  0024               	movlb	4	; select bank4
  8711     032E  1296               	bcf	22,5	;volatile
  8712                           
  8713                           ;mcc_generated_files/i2c_host/src/mssp1.c: 438:     SSP1CON2bits.ACKEN = 1;
  8714     032F  1616               	bsf	22,4	;volatile
  8715     0330                     i1l367:
  8716     0330  0008               	return
  8717     0331                     __end_of_I2C1_AckSend:
  8718                           
  8719                           	psect	text46
  8720     0345                     __ptext46:	
  8721 ;; *************** function _I2C1_StopSend *****************
  8722 ;; Defined at:
  8723 ;;		line 430 in file "mcc_generated_files/i2c_host/src/mssp1.c"
  8724 ;; Parameters:    Size  Location     Type
  8725 ;;		None
  8726 ;; Auto vars:     Size  Location     Type
  8727 ;;		None
  8728 ;; Return value:  Size  Location     Type
  8729 ;;                  1    wreg      void 
  8730 ;; Registers used:
  8731 ;;		None
  8732 ;; Tracked objects:
  8733 ;;		On entry : 0/0
  8734 ;;		On exit  : 0/0
  8735 ;;		Unchanged: 0/0
  8736 ;; Data sizes:     COMMON   BANK0   BANK1   BANK2   BANK3   BANK4   BANK5   BANK6
  8737 ;;      Params:         0       0       0       0       0       0       0       0
  8738 ;;      Locals:         0       0       0       0       0       0       0       0
  8739 ;;      Temps:          0       0       0       0       0       0       0       0
  8740 ;;      Totals:         0       0       0       0       0       0       0       0
  8741 ;;Total ram usage:        0 bytes
  8742 ;; Hardware stack levels used: 1
  8743 ;; This function calls:
  8744 ;;		Nothing
  8745 ;; This function is called by:
  8746 ;;		_I2C1_EVENT_STOP
  8747 ;; This function uses a non-reentrant model
  8748 ;;
  8749                           
  8750     0345                     _I2C1_StopSend:	
  8751                           ;psect for function _I2C1_StopSend
  8752                           
  8753     0345                     i1l2083:	
  8754                           ;incstack = 0
  8755                           ; Regs used in _I2C1_StopSend: []
  8756                           
  8757                           
  8758                           ;mcc_generated_files/i2c_host/src/mssp1.c: 432:     SSP1CON2bits.PEN = 1;
  8759     0345  0024               	movlb	4	; select bank4
  8760     0346  1516               	bsf	22,2	;volatile
  8761     0347                     i1l364:
  8762     0347  0008               	return
  8763     0348                     __end_of_I2C1_StopSend:
  8764                           
  8765                           	psect	text47
  8766     01F2                     __ptext47:	
  8767 ;; *************** function _I2C1_Close *****************
  8768 ;; Defined at:
  8769 ;;		line 244 in file "mcc_generated_files/i2c_host/src/mssp1.c"
  8770 ;; Parameters:    Size  Location     Type
  8771 ;;		None
  8772 ;; Auto vars:     Size  Location     Type
  8773 ;;		None
  8774 ;; Return value:  Size  Location     Type
  8775 ;;                  1    wreg      void 
  8776 ;; Registers used:
  8777 ;;		status,2, status,0, pclath, cstack
  8778 ;; Tracked objects:
  8779 ;;		On entry : 0/0
  8780 ;;		On exit  : 0/0
  8781 ;;		Unchanged: 0/0
  8782 ;; Data sizes:     COMMON   BANK0   BANK1   BANK2   BANK3   BANK4   BANK5   BANK6
  8783 ;;      Params:         0       0       0       0       0       0       0       0
  8784 ;;      Locals:         0       0       0       0       0       0       0       0
  8785 ;;      Temps:          0       0       0       0       0       0       0       0
  8786 ;;      Totals:         0       0       0       0       0       0       0       0
  8787 ;;Total ram usage:        0 bytes
  8788 ;; Hardware stack levels used: 1
  8789 ;; Hardware stack levels required when called: 1
  8790 ;; This function calls:
  8791 ;;		_I2C1_ErrorInterruptClear
  8792 ;;		_I2C1_InterruptClear
  8793 ;;		_I2C1_StatusFlagsClear
  8794 ;; This function is called by:
  8795 ;;		_I2C1_EVENT_STOP
  8796 ;; This function uses a non-reentrant model
  8797 ;;
  8798                           
  8799     01F2                     _I2C1_Close:	
  8800                           ;psect for function _I2C1_Close
  8801                           
  8802     01F2                     i1l2073:	
  8803                           ;incstack = 0
  8804                           ; Regs used in _I2C1_Close: [status,2+status,0+pclath+cstack]
  8805                           
  8806                           
  8807                           ;mcc_generated_files/i2c_host/src/mssp1.c: 246:     i2c1Status.busy = 0;
  8808     01F2  0020               	movlb	0	; select bank0
  8809     01F3  01A0               	clrf	_i2c1Status	;volatile
  8810     01F4                     i1l2075:
  8811                           
  8812                           ;mcc_generated_files/i2c_host/src/mssp1.c: 247:     i2c1Status.address = 0xFF;
  8813     01F4  3000               	movlw	0
  8814     01F5  00A2               	movwf	_i2c1Status+2	;volatile
  8815     01F6  30FF               	movlw	255
  8816     01F7  00A1               	movwf	_i2c1Status+1	;volatile
  8817                           
  8818                           ;mcc_generated_files/i2c_host/src/mssp1.c: 248:     i2c1Status.writePtr = ((void*)0);
  8819     01F8  01A3               	clrf	low ((_i2c1Status| 0+3))	;volatile
  8820     01F9  01A4               	clrf	(low ((_i2c1Status| 0+3))+1)	;volatile
  8821                           
  8822                           ;mcc_generated_files/i2c_host/src/mssp1.c: 249:     i2c1Status.readPtr = ((void*)0);
  8823     01FA  01A7               	clrf	low ((_i2c1Status| 0+7))	;volatile
  8824     01FB  01A8               	clrf	(low ((_i2c1Status| 0+7))+1)	;volatile
  8825                           
  8826                           ;mcc_generated_files/i2c_host/src/mssp1.c: 250:     i2c1Status.state = I2C_STATE_IDLE;
  8827     01FC  01AD               	clrf	_i2c1Status+13	;volatile
  8828     01FD                     i1l2077:
  8829                           
  8830                           ;mcc_generated_files/i2c_host/src/mssp1.c: 251:     I2C1_InterruptClear();
  8831     01FD  3183  2348  3181   	fcall	_I2C1_InterruptClear
  8832     0200                     i1l2079:
  8833                           
  8834                           ;mcc_generated_files/i2c_host/src/mssp1.c: 252:     I2C1_ErrorInterruptClear();
  8835     0200  3183  234B  3181   	fcall	_I2C1_ErrorInterruptClear
  8836     0203                     i1l2081:
  8837                           
  8838                           ;mcc_generated_files/i2c_host/src/mssp1.c: 253:     I2C1_StatusFlagsClear();
  8839     0203  3183  2331  3181   	fcall	_I2C1_StatusFlagsClear
  8840     0206                     i1l292:
  8841     0206  0008               	return
  8842     0207                     __end_of_I2C1_Close:
  8843                           
  8844                           	psect	text48
  8845     0331                     __ptext48:	
  8846 ;; *************** function _I2C1_StatusFlagsClear *****************
  8847 ;; Defined at:
  8848 ;;		line 489 in file "mcc_generated_files/i2c_host/src/mssp1.c"
  8849 ;; Parameters:    Size  Location     Type
  8850 ;;		None
  8851 ;; Auto vars:     Size  Location     Type
  8852 ;;		None
  8853 ;; Return value:  Size  Location     Type
  8854 ;;                  1    wreg      void 
  8855 ;; Registers used:
  8856 ;;		None
  8857 ;; Tracked objects:
  8858 ;;		On entry : 0/0
  8859 ;;		On exit  : 0/0
  8860 ;;		Unchanged: 0/0
  8861 ;; Data sizes:     COMMON   BANK0   BANK1   BANK2   BANK3   BANK4   BANK5   BANK6
  8862 ;;      Params:         0       0       0       0       0       0       0       0
  8863 ;;      Locals:         0       0       0       0       0       0       0       0
  8864 ;;      Temps:          0       0       0       0       0       0       0       0
  8865 ;;      Totals:         0       0       0       0       0       0       0       0
  8866 ;;Total ram usage:        0 bytes
  8867 ;; Hardware stack levels used: 1
  8868 ;; This function calls:
  8869 ;;		Nothing
  8870 ;; This function is called by:
  8871 ;;		_I2C1_Close
  8872 ;; This function uses a non-reentrant model
  8873 ;;
  8874                           
  8875     0331                     _I2C1_StatusFlagsClear:	
  8876                           ;psect for function _I2C1_StatusFlagsClear
  8877                           
  8878     0331                     i1l2071:	
  8879                           ;incstack = 0
  8880                           ; Regs used in _I2C1_StatusFlagsClear: []
  8881                           
  8882                           
  8883                           ;mcc_generated_files/i2c_host/src/mssp1.c: 491:     SSP1CON1bits.WCOL = 0;
  8884     0331  0024               	movlb	4	; select bank4
  8885     0332  1395               	bcf	21,7	;volatile
  8886                           
  8887                           ;mcc_generated_files/i2c_host/src/mssp1.c: 492:     SSP1CON1bits.SSPOV = 0;
  8888     0333  1315               	bcf	21,6	;volatile
  8889     0334                     i1l397:
  8890     0334  0008               	return
  8891     0335                     __end_of_I2C1_StatusFlagsClear:
  8892                           
  8893                           	psect	text49
  8894     0348                     __ptext49:	
  8895 ;; *************** function _I2C1_InterruptClear *****************
  8896 ;; Defined at:
  8897 ;;		line 479 in file "mcc_generated_files/i2c_host/src/mssp1.c"
  8898 ;; Parameters:    Size  Location     Type
  8899 ;;		None
  8900 ;; Auto vars:     Size  Location     Type
  8901 ;;		None
  8902 ;; Return value:  Size  Location     Type
  8903 ;;                  1    wreg      void 
  8904 ;; Registers used:
  8905 ;;		None
  8906 ;; Tracked objects:
  8907 ;;		On entry : 0/0
  8908 ;;		On exit  : 0/0
  8909 ;;		Unchanged: 0/0
  8910 ;; Data sizes:     COMMON   BANK0   BANK1   BANK2   BANK3   BANK4   BANK5   BANK6
  8911 ;;      Params:         0       0       0       0       0       0       0       0
  8912 ;;      Locals:         0       0       0       0       0       0       0       0
  8913 ;;      Temps:          0       0       0       0       0       0       0       0
  8914 ;;      Totals:         0       0       0       0       0       0       0       0
  8915 ;;Total ram usage:        0 bytes
  8916 ;; Hardware stack levels used: 1
  8917 ;; This function calls:
  8918 ;;		Nothing
  8919 ;; This function is called by:
  8920 ;;		_I2C1_Close
  8921 ;;		_I2C1_EventHandler
  8922 ;; This function uses a non-reentrant model
  8923 ;;
  8924                           
  8925     0348                     _I2C1_InterruptClear:	
  8926                           ;psect for function _I2C1_InterruptClear
  8927                           
  8928     0348                     i1l2067:	
  8929                           ;incstack = 0
  8930                           ; Regs used in _I2C1_InterruptClear: []
  8931                           
  8932                           
  8933                           ;mcc_generated_files/i2c_host/src/mssp1.c: 481:     PIR1bits.SSP1IF = 0;
  8934     0348  0020               	movlb	0	; select bank0
  8935     0349  1191               	bcf	17,3	;volatile
  8936     034A                     i1l391:
  8937     034A  0008               	return
  8938     034B                     __end_of_I2C1_InterruptClear:
  8939                           
  8940                           	psect	text50
  8941     034B                     __ptext50:	
  8942 ;; *************** function _I2C1_ErrorInterruptClear *****************
  8943 ;; Defined at:
  8944 ;;		line 484 in file "mcc_generated_files/i2c_host/src/mssp1.c"
  8945 ;; Parameters:    Size  Location     Type
  8946 ;;		None
  8947 ;; Auto vars:     Size  Location     Type
  8948 ;;		None
  8949 ;; Return value:  Size  Location     Type
  8950 ;;                  1    wreg      void 
  8951 ;; Registers used:
  8952 ;;		None
  8953 ;; Tracked objects:
  8954 ;;		On entry : 0/0
  8955 ;;		On exit  : 0/0
  8956 ;;		Unchanged: 0/0
  8957 ;; Data sizes:     COMMON   BANK0   BANK1   BANK2   BANK3   BANK4   BANK5   BANK6
  8958 ;;      Params:         0       0       0       0       0       0       0       0
  8959 ;;      Locals:         0       0       0       0       0       0       0       0
  8960 ;;      Temps:          0       0       0       0       0       0       0       0
  8961 ;;      Totals:         0       0       0       0       0       0       0       0
  8962 ;;Total ram usage:        0 bytes
  8963 ;; Hardware stack levels used: 1
  8964 ;; This function calls:
  8965 ;;		Nothing
  8966 ;; This function is called by:
  8967 ;;		_I2C1_Close
  8968 ;;		_I2C1_ErrorEventHandler
  8969 ;; This function uses a non-reentrant model
  8970 ;;
  8971                           
  8972     034B                     _I2C1_ErrorInterruptClear:	
  8973                           ;psect for function _I2C1_ErrorInterruptClear
  8974                           
  8975     034B                     i1l2069:	
  8976                           ;incstack = 0
  8977                           ; Regs used in _I2C1_ErrorInterruptClear: []
  8978                           
  8979                           
  8980                           ;mcc_generated_files/i2c_host/src/mssp1.c: 486:     PIR1bits.BCL1IF = 0;
  8981     034B  0020               	movlb	0	; select bank0
  8982     034C  1111               	bcf	17,2	;volatile
  8983     034D                     i1l394:
  8984     034D  0008               	return
  8985     034E                     __end_of_I2C1_ErrorInterruptClear:
  8986                           
  8987                           	psect	text51
  8988     0335                     __ptext51:	
  8989 ;; *************** function _I2C1_BusReset *****************
  8990 ;; Defined at:
  8991 ;;		line 404 in file "mcc_generated_files/i2c_host/src/mssp1.c"
  8992 ;; Parameters:    Size  Location     Type
  8993 ;;		None
  8994 ;; Auto vars:     Size  Location     Type
  8995 ;;		None
  8996 ;; Return value:  Size  Location     Type
  8997 ;;                  1    wreg      void 
  8998 ;; Registers used:
  8999 ;;		None
  9000 ;; Tracked objects:
  9001 ;;		On entry : 0/0
  9002 ;;		On exit  : 0/0
  9003 ;;		Unchanged: 0/0
  9004 ;; Data sizes:     COMMON   BANK0   BANK1   BANK2   BANK3   BANK4   BANK5   BANK6
  9005 ;;      Params:         0       0       0       0       0       0       0       0
  9006 ;;      Locals:         0       0       0       0       0       0       0       0
  9007 ;;      Temps:          0       0       0       0       0       0       0       0
  9008 ;;      Totals:         0       0       0       0       0       0       0       0
  9009 ;;Total ram usage:        0 bytes
  9010 ;; Hardware stack levels used: 1
  9011 ;; This function calls:
  9012 ;;		Nothing
  9013 ;; This function is called by:
  9014 ;;		_I2C1_EVENT_RESET
  9015 ;; This function uses a non-reentrant model
  9016 ;;
  9017                           
  9018     0335                     _I2C1_BusReset:	
  9019                           ;psect for function _I2C1_BusReset
  9020                           
  9021     0335                     i1l2085:	
  9022                           ;incstack = 0
  9023                           ; Regs used in _I2C1_BusReset: []
  9024                           
  9025                           
  9026                           ;mcc_generated_files/i2c_host/src/mssp1.c: 406:     SSP1CON1bits.SSPEN = 0;
  9027     0335  0024               	movlb	4	; select bank4
  9028     0336  1295               	bcf	21,5	;volatile
  9029                           
  9030                           ;mcc_generated_files/i2c_host/src/mssp1.c: 407:     SSP1CON1bits.SSPEN = 1;
  9031     0337  1695               	bsf	21,5	;volatile
  9032     0338                     i1l349:
  9033     0338  0008               	return
  9034     0339                     __end_of_I2C1_BusReset:
  9035                           
  9036                           	psect	text52
  9037     034F                     __ptext52:	
  9038 ;; *************** function _I2C1_DefaultCallback *****************
  9039 ;; Defined at:
  9040 ;;		line 281 in file "mcc_generated_files/i2c_host/src/mssp1.c"
  9041 ;; Parameters:    Size  Location     Type
  9042 ;;		None
  9043 ;; Auto vars:     Size  Location     Type
  9044 ;;		None
  9045 ;; Return value:  Size  Location     Type
  9046 ;;                  1    wreg      void 
  9047 ;; Registers used:
  9048 ;;		None
  9049 ;; Tracked objects:
  9050 ;;		On entry : 0/0
  9051 ;;		On exit  : 0/0
  9052 ;;		Unchanged: 0/0
  9053 ;; Data sizes:     COMMON   BANK0   BANK1   BANK2   BANK3   BANK4   BANK5   BANK6
  9054 ;;      Params:         0       0       0       0       0       0       0       0
  9055 ;;      Locals:         0       0       0       0       0       0       0       0
  9056 ;;      Temps:          0       0       0       0       0       0       0       0
  9057 ;;      Totals:         0       0       0       0       0       0       0       0
  9058 ;;Total ram usage:        0 bytes
  9059 ;; Hardware stack levels used: 1
  9060 ;; This function calls:
  9061 ;;		Nothing
  9062 ;; This function is called by:
  9063 ;;		_I2C1_Initialize
  9064 ;;		_I2C1_Deinitialize
  9065 ;;		_I2C1_ErrorEventHandler
  9066 ;; This function uses a non-reentrant model
  9067 ;;
  9068                           
  9069     034F                     _I2C1_DefaultCallback:	
  9070                           ;psect for function _I2C1_DefaultCallback
  9071                           
  9072     034F                     i1l304:	
  9073                           ;incstack = 0
  9074                           ; Regs used in _I2C1_DefaultCallback: []
  9075                           
  9076     034F  0008               	return
  9077     0350                     __end_of_I2C1_DefaultCallback:
  9078     007E                     btemp	set	126	;btemp
  9079     007E                     int$flags	set	126
  9080     007E                     wtemp0	set	126
  9081                           
  9082                           	psect	config
  9083                           
  9084                           ;Config register CONFIG1 @ 0x8007
  9085                           ;	FEXTOSC External Oscillator mode Selection bits
  9086                           ;	FEXTOSC = OFF, Oscillator not enabled
  9087                           ;	Power-up default value for COSC bits
  9088                           ;	RSTOSC = HFINT32, HFINTOSC with 2x PLL (32MHz)
  9089                           ;	Clock Out Enable bit
  9090                           ;	CLKOUTEN = OFF, CLKOUT function is disabled; I/O or oscillator function on OSC2
  9091                           ;	Clock Switch Enable bit
  9092                           ;	CSWEN = ON, Writing to NOSC and NDIV is allowed
  9093                           ;	Fail-Safe Clock Monitor Enable
  9094                           ;	FCMEN = ON, Fail-Safe Clock Monitor is enabled
  9095     8007                     	org	32775
  9096     8007  3F8C               	dw	16268
  9097                           
  9098                           ;Config register CONFIG2 @ 0x8008
  9099                           ;	Master Clear Enable bit
  9100                           ;	MCLRE = ON, MCLR/VPP pin function is MCLR; Weak pull-up enabled
  9101                           ;	Power-up Timer Enable bit
  9102                           ;	PWRTE = OFF, PWRT disabled
  9103                           ;	Watchdog Timer Enable bits
  9104                           ;	WDTE = OFF, WDT disabled; SWDTEN is ignored
  9105                           ;	Low-power BOR enable bit
  9106                           ;	LPBOREN = OFF, ULPBOR disabled
  9107                           ;	Brown-out Reset Enable bits
  9108                           ;	BOREN = ON, Brown-out Reset enabled, SBOREN bit ignored
  9109                           ;	Brown-out Reset Voltage selection bit
  9110                           ;	BORV = LOW, Brown-out voltage (Vbor) set to 2.45V
  9111                           ;	PPSLOCK bit One-Way Set Enable bit
  9112                           ;	PPS1WAY = ON, The PPSLOCK bit can be cleared and set only once; PPS registers remain l
      +                          ocked after one clear/set cycle
  9113                           ;	Stack Overflow/Underflow Reset Enable bit
  9114                           ;	STVREN = ON, Stack Overflow or Underflow will cause a Reset
  9115                           ;	Debugger enable bit
  9116                           ;	DEBUG = 0x1, unprogrammed default
  9117     8008                     	org	32776
  9118     8008  3FF3               	dw	16371
  9119                           
  9120                           ;Config register CONFIG3 @ 0x8009
  9121                           ;	User NVM self-write protection bits
  9122                           ;	WRT = OFF, Write protection off
  9123                           ;	Low Voltage Programming Enable bit
  9124                           ;	LVP = ON, Low Voltage programming enabled. MCLR/VPP pin function is MCLR. MCLRE config
      +                          uration bit is ignored.
  9125     8009                     	org	32777
  9126     8009  3FFF               	dw	16383
  9127                           
  9128                           ;Config register CONFIG4 @ 0x800A
  9129                           ;	User NVM Program Memory Code Protection bit
  9130                           ;	CP = OFF, User NVM code protection disabled
  9131                           ;	Data NVM Memory Code Protection bit
  9132                           ;	CPD = OFF, Data NVM code protection disabled
  9133     800A                     	org	32778
  9134     800A  3FFF               	dw	16383

Data Sizes:
    Strings     0
    Constant    86
    Data        0
    BSS         28
    Persistent  32
    Stack       0

Auto Spaces:
    Space          Size  Autos    Used
    COMMON           14      6      12
    BANK0            80      2      24
    BANK1            80      0       0
    BANK2            80      0       0
    BANK3            80      0       0
    BANK4            80      0       0
    BANK5            80      0       0
    BANK6            16      0       0

Pointer List with Targets:

    CMP1_InterruptCallbackRegister@callbackHandler	PTR FTN()void  size(2) Largest target is 1
		 -> CMP1_DefaultInterruptCallback(), 

    CMP1_InterruptHandler	PTR FTN()void  size(2) Largest target is 1
		 -> CMP1_DefaultInterruptCallback(), NULL(), 

    EUSART_FramingErrorCallbackRegister@callbackHandler	PTR FTN()void  size(2) Largest target is 1
		 -> EUSART_DefaultFramingErrorCallback(), 

    EUSART_FramingErrorHandler	PTR FTN()void  size(2) Largest target is 1
		 -> EUSART_DefaultFramingErrorCallback(), NULL(), 

    EUSART_OverrunErrorCallbackRegister@callbackHandler	PTR FTN()void  size(2) Largest target is 1
		 -> EUSART_DefaultOverrunErrorCallback(), 

    EUSART_OverrunErrorHandler	PTR FTN()void  size(2) Largest target is 1
		 -> EUSART_DefaultOverrunErrorCallback(), NULL(), 

    I2C1_Callback	PTR FTN()void  size(2) Largest target is 1
		 -> I2C1_DefaultCallback(), NULL(), 

    I2C1_CallbackRegister@callbackHandler	PTR FTN()void  size(2) Largest target is 1
		 -> I2C1_DefaultCallback(), 

    i2c1_eventTable	const PTR FTN()enum E6815[9] size(2) Largest target is 1
		 -> I2C1_EVENT_ERROR(), I2C1_EVENT_IDLE(), I2C1_EVENT_NACK(), I2C1_EVENT_RESET(), 
		 -> I2C1_EVENT_RX(), I2C1_EVENT_SEND_RD_ADDR(), I2C1_EVENT_SEND_WR_ADDR(), I2C1_EVENT_STOP(), 
		 -> I2C1_EVENT_TX(), 

    I2C1_Host$CallbackRegister	PTR FTN(PTR FTN()void ,)void  size(2) Largest target is 1
		 -> I2C1_CallbackRegister(), 

    I2C1_Host$Deinitialize	PTR FTN()void  size(2) Largest target is 1
		 -> I2C1_Deinitialize(), 

    I2C1_Host$ErrorGet	PTR FTN()enum E6806 size(2) Largest target is 1
		 -> I2C1_ErrorGet(), 

    I2C1_Host$Initialize	PTR FTN()void  size(2) Largest target is 1
		 -> I2C1_Initialize(), 

    I2C1_Host$IsBusy	PTR FTN()_Bool  size(2) Largest target is 1
		 -> I2C1_IsBusy(), 

    I2C1_Host$Read	PTR FTN(unsigned short ,PTR unsigned char ,unsigned int ,)_Bool  size(2) Largest target is 1
		 -> I2C1_Read(), 

    I2C1_Host$Tasks	PTR FTN()void  size(2) Largest target is 1
		 -> NULL(), 

    I2C1_Host$TransferSetup	PTR FTN(PTR struct .,unsigned long ,)_Bool  size(2) Largest target is 1
		 -> NULL(), 

    I2C1_Host$Write	PTR FTN(unsigned short ,PTR unsigned char ,unsigned int ,)_Bool  size(2) Largest target is 1
		 -> I2C1_Write(), 

    I2C1_Host$WriteRead	PTR FTN(unsigned short ,PTR unsigned char ,unsigned int ,PTR unsigned char ,unsigned int ,)_Bool  size(2) Largest target is 1
		 -> I2C1_WriteRead(), 

    i2c1Status$readPtr	PTR unsigned char  size(2) Largest target is 0
		 -> NULL(NULL[0]), 

    i2c1Status$writePtr	PTR unsigned char  size(2) Largest target is 0
		 -> NULL(NULL[0]), 

    INT_InterruptHandler	PTR FTN()void  size(2) Largest target is 1
		 -> INT_DefaultInterruptHandler(), NULL(), 

    INT_SetInterruptHandler@InterruptHandler	PTR FTN()void  size(2) Largest target is 1
		 -> INT_DefaultInterruptHandler(), 

    S1278$20$0	PTR FTN()void  size(2) Largest target is 1
		 -> EUSART_DefaultFramingErrorCallback(), 

    S1278$21$0	PTR FTN()void  size(2) Largest target is 1
		 -> EUSART_DefaultOverrunErrorCallback(), 

    S1278$AutoBaudEventEnableGet	PTR FTN()_Bool  size(2) Largest target is 1
		 -> NULL(), 

    S1278$AutoBaudQuery	PTR FTN()_Bool  size(2) Largest target is 1
		 -> EUSART_AutoBaudQuery(), 

    S1278$AutoBaudSet	PTR FTN(_Bool ,)void  size(2) Largest target is 1
		 -> EUSART_AutoBaudSet(), 

    S1278$BaudRateGet	PTR FTN()unsigned long  size(2) Largest target is 1
		 -> NULL(), 

    S1278$BaudRateSet	PTR FTN(unsigned long ,)void  size(2) Largest target is 1
		 -> NULL(), 

    S1278$BRGCountGet	PTR FTN()unsigned long  size(2) Largest target is 1
		 -> NULL(), 

    S1278$BRGCountSet	PTR FTN(unsigned long ,)void  size(2) Largest target is 1
		 -> NULL(), 

    S1278$Deinitialize	PTR FTN()void  size(2) Largest target is 1
		 -> EUSART_Deinitialize(), 

    S1278$ErrorGet	PTR FTN()unsigned int  size(2) Largest target is 2
		 -> EUSART_ErrorGet(), 

    S1278$EventCallbackRegister	PTR FTN(PTR FTN()void ,)void  size(2) Largest target is 1
		 -> NULL(), 

    S1278$FramingErrorCallbackRegister	PTR FTN(PTR FTN()void ,)void  size(2) Largest target is 1
		 -> EUSART_FramingErrorCallbackRegister(), 

    S1278$Initialize	PTR FTN()void  size(2) Largest target is 1
		 -> EUSART_Initialize(), 

    S1278$IsRxReady	PTR FTN()_Bool  size(2) Largest target is 1
		 -> EUSART_IsRxReady(), 

    S1278$IsTxDone	PTR FTN()_Bool  size(2) Largest target is 1
		 -> EUSART_IsTxDone(), 

    S1278$IsTxReady	PTR FTN()_Bool  size(2) Largest target is 1
		 -> EUSART_IsTxReady(), 

    S1278$OverrunErrorCallbackRegister	PTR FTN(PTR FTN()void ,)void  size(2) Largest target is 1
		 -> EUSART_OverrunErrorCallbackRegister(), 

    S1278$ParityErrorCallbackRegister	PTR FTN(PTR FTN()void ,)void  size(2) Largest target is 1
		 -> NULL(), 

    S1278$Read	PTR FTN()unsigned char  size(2) Largest target is 1
		 -> EUSART_Read(), 

    S1278$RxCompleteCallbackRegister	PTR FTN(PTR FTN()void ,)void  size(2) Largest target is 1
		 -> NULL(), 

    S1278$TransmitDisable	PTR FTN()void  size(2) Largest target is 1
		 -> EUSART_TransmitDisable(), 

    S1278$TransmitEnable	PTR FTN()void  size(2) Largest target is 1
		 -> EUSART_TransmitEnable(), 

    S1278$TxCollisionCallbackRegister	PTR FTN(PTR FTN()void ,)void  size(2) Largest target is 1
		 -> NULL(), 

    S1278$TxCompleteCallbackRegister	PTR FTN(PTR FTN()void ,)void  size(2) Largest target is 1
		 -> NULL(), 

    S1278$Write	PTR FTN(unsigned char ,)void  size(2) Largest target is 1
		 -> EUSART_Write(), 

    S375$2$1	PTR unsigned char  size(2) Largest target is 0

    S375$3$1	PTR unsigned char  size(2) Largest target is 0

    S375$4$1	PTR unsigned char  size(2) Largest target is 0

    S375$4$3	PTR unsigned char  size(2) Largest target is 0

    S375$8$0	PTR FTN()void  size(2) Largest target is 1
		 -> I2C1_DefaultCallback(), 

    S375$CallbackRegister	PTR FTN(PTR FTN()void ,)void  size(2) Largest target is 1
		 -> I2C1_CallbackRegister(), 

    S375$Deinitialize	PTR FTN()void  size(2) Largest target is 1
		 -> I2C1_Deinitialize(), 

    S375$ErrorGet	PTR FTN()enum E6806 size(2) Largest target is 1
		 -> I2C1_ErrorGet(), 

    S375$Initialize	PTR FTN()void  size(2) Largest target is 1
		 -> I2C1_Initialize(), 

    S375$IsBusy	PTR FTN()_Bool  size(2) Largest target is 1
		 -> I2C1_IsBusy(), 

    S375$Read	PTR FTN(unsigned short ,PTR unsigned char ,unsigned int ,)_Bool  size(2) Largest target is 1
		 -> I2C1_Read(), 

    S375$Tasks	PTR FTN()void  size(2) Largest target is 1
		 -> NULL(), 

    S375$TransferSetup	PTR FTN(PTR struct .,unsigned long ,)_Bool  size(2) Largest target is 1
		 -> NULL(), 

    S375$Write	PTR FTN(unsigned short ,PTR unsigned char ,unsigned int ,)_Bool  size(2) Largest target is 1
		 -> I2C1_Write(), 

    S375$WriteRead	PTR FTN(unsigned short ,PTR unsigned char ,unsigned int ,PTR unsigned char ,unsigned int ,)_Bool  size(2) Largest target is 1
		 -> I2C1_WriteRead(), 

    S474$readPtr	PTR unsigned char  size(2) Largest target is 0
		 -> NULL(NULL[0]), 

    S474$writePtr	PTR unsigned char  size(2) Largest target is 0
		 -> NULL(NULL[0]), 

    TMR2_OverflowCallback	PTR FTN()void  size(2) Largest target is 1
		 -> TMR2_DefaultOverflowCallback(), NULL(), 

    TMR2_OverflowCallbackRegister@InterruptHandler	PTR FTN()void  size(2) Largest target is 1
		 -> TMR2_DefaultOverflowCallback(), 

    UART1$AutoBaudEventEnableGet	PTR FTN()_Bool  size(2) Largest target is 1
		 -> NULL(), 

    UART1$AutoBaudQuery	PTR FTN()_Bool  size(2) Largest target is 1
		 -> EUSART_AutoBaudQuery(), 

    UART1$AutoBaudSet	PTR FTN(_Bool ,)void  size(2) Largest target is 1
		 -> EUSART_AutoBaudSet(), 

    UART1$BaudRateGet	PTR FTN()unsigned long  size(2) Largest target is 1
		 -> NULL(), 

    UART1$BaudRateSet	PTR FTN(unsigned long ,)void  size(2) Largest target is 1
		 -> NULL(), 

    UART1$BRGCountGet	PTR FTN()unsigned long  size(2) Largest target is 1
		 -> NULL(), 

    UART1$BRGCountSet	PTR FTN(unsigned long ,)void  size(2) Largest target is 1
		 -> NULL(), 

    UART1$Deinitialize	PTR FTN()void  size(2) Largest target is 1
		 -> EUSART_Deinitialize(), 

    UART1$ErrorGet	PTR FTN()unsigned int  size(2) Largest target is 2
		 -> EUSART_ErrorGet(), 

    UART1$EventCallbackRegister	PTR FTN(PTR FTN()void ,)void  size(2) Largest target is 1
		 -> NULL(), 

    UART1$FramingErrorCallbackRegister	PTR FTN(PTR FTN()void ,)void  size(2) Largest target is 1
		 -> EUSART_FramingErrorCallbackRegister(), 

    UART1$Initialize	PTR FTN()void  size(2) Largest target is 1
		 -> EUSART_Initialize(), 

    UART1$IsRxReady	PTR FTN()_Bool  size(2) Largest target is 1
		 -> EUSART_IsRxReady(), 

    UART1$IsTxDone	PTR FTN()_Bool  size(2) Largest target is 1
		 -> EUSART_IsTxDone(), 

    UART1$IsTxReady	PTR FTN()_Bool  size(2) Largest target is 1
		 -> EUSART_IsTxReady(), 

    UART1$OverrunErrorCallbackRegister	PTR FTN(PTR FTN()void ,)void  size(2) Largest target is 1
		 -> EUSART_OverrunErrorCallbackRegister(), 

    UART1$ParityErrorCallbackRegister	PTR FTN(PTR FTN()void ,)void  size(2) Largest target is 1
		 -> NULL(), 

    UART1$Read	PTR FTN()unsigned char  size(2) Largest target is 1
		 -> EUSART_Read(), 

    UART1$RxCompleteCallbackRegister	PTR FTN(PTR FTN()void ,)void  size(2) Largest target is 1
		 -> NULL(), 

    UART1$TransmitDisable	PTR FTN()void  size(2) Largest target is 1
		 -> EUSART_TransmitDisable(), 

    UART1$TransmitEnable	PTR FTN()void  size(2) Largest target is 1
		 -> EUSART_TransmitEnable(), 

    UART1$TxCollisionCallbackRegister	PTR FTN(PTR FTN()void ,)void  size(2) Largest target is 1
		 -> NULL(), 

    UART1$TxCompleteCallbackRegister	PTR FTN(PTR FTN()void ,)void  size(2) Largest target is 1
		 -> NULL(), 

    UART1$Write	PTR FTN(unsigned char ,)void  size(2) Largest target is 1
		 -> EUSART_Write(), 


Critical Paths under _main in COMMON

    None.

Critical Paths under _INTERRUPT_InterruptManager in COMMON

    _I2C1_ISR->_I2C1_EventHandler
    _I2C1_EventHandler->_I2C1_EVENT_TX
    _I2C1_ERROR_ISR->_I2C1_ErrorEventHandler
    _I2C1_ErrorEventHandler->_I2C1_EVENT_TX
    _I2C1_EVENT_TX->_I2C1_DataTransmit
    _I2C1_EVENT_SEND_WR_ADDR->_I2C1_DataTransmit

Critical Paths under _main in BANK0

    _TMR2_Initialize->_TMR2_OverflowCallbackRegister
    _INTERRUPT_Initialize->_INT_SetInterruptHandler
    _I2C1_Initialize->_I2C1_CallbackRegister
    _EUSART_Initialize->_EUSART_FramingErrorCallbackRegister
    _EUSART_Initialize->_EUSART_OverrunErrorCallbackRegister
    _CMP1_Initialize->_CMP1_InterruptCallbackRegister

Critical Paths under _INTERRUPT_InterruptManager in BANK0

    None.

Critical Paths under _main in BANK1

    None.

Critical Paths under _INTERRUPT_InterruptManager in BANK1

    None.

Critical Paths under _main in BANK2

    None.

Critical Paths under _INTERRUPT_InterruptManager in BANK2

    None.

Critical Paths under _main in BANK3

    None.

Critical Paths under _INTERRUPT_InterruptManager in BANK3

    None.

Critical Paths under _main in BANK4

    None.

Critical Paths under _INTERRUPT_InterruptManager in BANK4

    None.

Critical Paths under _main in BANK5

    None.

Critical Paths under _INTERRUPT_InterruptManager in BANK5

    None.

Critical Paths under _main in BANK6

    None.

Critical Paths under _INTERRUPT_InterruptManager in BANK6

    None.

Call Graph Tables:

 ---------------------------------------------------------------------------------
 (Depth) Function   	        Calls       Base Space   Used Autos Params    Refs
 ---------------------------------------------------------------------------------
 (0) _main                                                 0     0      0     940
                  _SYSTEM_Initialize
 ---------------------------------------------------------------------------------
 (1) _SYSTEM_Initialize                                    0     0      0     940
                     _ADC_Initialize
                    _CCP1_Initialize
                   _CLOCK_Initialize
                    _CMP1_Initialize
                    _CWG1_Initialize
                    _DAC1_Initialize
                  _EUSART_Initialize
                    _I2C1_Initialize
               _INTERRUPT_Initialize
             _PIN_MANAGER_Initialize
                    _TMR2_Initialize
 ---------------------------------------------------------------------------------
 (2) _TMR2_Initialize                                      0     0      0     121
      _TMR2_OverflowCallbackRegister
 ---------------------------------------------------------------------------------
 (3) _TMR2_OverflowCallbackRegister                        2     0      2     121
                                              0 BANK0      2     0      2
 ---------------------------------------------------------------------------------
 (2) _PIN_MANAGER_Initialize                               0     0      0       0
 ---------------------------------------------------------------------------------
 (2) _INTERRUPT_Initialize                                 0     0      0     121
            _INT_SetInterruptHandler
 ---------------------------------------------------------------------------------
 (3) _INT_SetInterruptHandler                              2     0      2     121
                                              0 BANK0      2     0      2
 ---------------------------------------------------------------------------------
 (2) _I2C1_Initialize                                      0     0      0     242
              _I2C1_CallbackRegister
              _I2C1_InterruptsEnable
 ---------------------------------------------------------------------------------
 (3) _I2C1_InterruptsEnable                                0     0      0       0
 ---------------------------------------------------------------------------------
 (3) _I2C1_CallbackRegister                                2     0      2     242
                                              0 BANK0      2     0      2
 ---------------------------------------------------------------------------------
 (2) _EUSART_Initialize                                    0     0      0     304
_EUSART_FramingErrorCallbackRegister
_EUSART_OverrunErrorCallbackRegister
 ---------------------------------------------------------------------------------
 (3) _EUSART_OverrunErrorCallbackRegister                  2     0      2     152
                                              0 BANK0      2     0      2
 ---------------------------------------------------------------------------------
 (3) _EUSART_FramingErrorCallbackRegister                  2     0      2     152
                                              0 BANK0      2     0      2
 ---------------------------------------------------------------------------------
 (2) _DAC1_Initialize                                      0     0      0       0
 ---------------------------------------------------------------------------------
 (2) _CWG1_Initialize                                      0     0      0       0
 ---------------------------------------------------------------------------------
 (2) _CMP1_Initialize                                      0     0      0     152
     _CMP1_InterruptCallbackRegister
 ---------------------------------------------------------------------------------
 (3) _CMP1_InterruptCallbackRegister                       2     0      2     152
                                              0 BANK0      2     0      2
 ---------------------------------------------------------------------------------
 (2) _CLOCK_Initialize                                     0     0      0       0
 ---------------------------------------------------------------------------------
 (2) _CCP1_Initialize                                      0     0      0       0
 ---------------------------------------------------------------------------------
 (2) _ADC_Initialize                                       0     0      0       0
 ---------------------------------------------------------------------------------
 Estimated maximum stack depth 3
 ---------------------------------------------------------------------------------
 (Depth) Function   	        Calls       Base Space   Used Autos Params    Refs
 ---------------------------------------------------------------------------------
 (4) _INTERRUPT_InterruptManager                           0     0      0     328
                     _I2C1_ERROR_ISR
                           _I2C1_ISR
                    _PIN_MANAGER_IOC
 ---------------------------------------------------------------------------------
 (5) _PIN_MANAGER_IOC                                      0     0      0       0
 ---------------------------------------------------------------------------------
 (5) _I2C1_ISR                                             0     0      0     164
                  _I2C1_EventHandler
 ---------------------------------------------------------------------------------
 (6) _I2C1_EventHandler                                    2     2      0     164
                                              4 COMMON     2     2      0
                   _I2C1_EVENT_ERROR *
                    _I2C1_EVENT_IDLE *
                    _I2C1_EVENT_NACK *
                   _I2C1_EVENT_RESET *
                      _I2C1_EVENT_RX *
            _I2C1_EVENT_SEND_RD_ADDR *
            _I2C1_EVENT_SEND_WR_ADDR *
                    _I2C1_EVENT_STOP *
                      _I2C1_EVENT_TX *
                _I2C1_InterruptClear
                        _I2C1_IsAddr
                        _I2C1_IsData
                        _I2C1_IsNack
 ---------------------------------------------------------------------------------
 (7) _I2C1_IsNack                                          0     0      0       0
 ---------------------------------------------------------------------------------
 (7) _I2C1_IsData                                          0     0      0       0
 ---------------------------------------------------------------------------------
 (7) _I2C1_IsAddr                                          0     0      0       0
 ---------------------------------------------------------------------------------
 (5) _I2C1_ERROR_ISR                                       0     0      0     164
             _I2C1_ErrorEventHandler
 ---------------------------------------------------------------------------------
 (6) _I2C1_ErrorEventHandler                               2     2      0     164
                                              4 COMMON     2     2      0
                                NULL *
               _I2C1_DefaultCallback *
                   _I2C1_EVENT_ERROR *
                    _I2C1_EVENT_IDLE *
                    _I2C1_EVENT_NACK *
                   _I2C1_EVENT_RESET *
                      _I2C1_EVENT_RX *
            _I2C1_EVENT_SEND_RD_ADDR *
            _I2C1_EVENT_SEND_WR_ADDR *
                    _I2C1_EVENT_STOP *
                      _I2C1_EVENT_TX *
           _I2C1_ErrorInterruptClear
 ---------------------------------------------------------------------------------
 (7) _I2C1_EVENT_TX                                        3     3      0      48
                                              1 COMMON     3     3      0
                  _I2C1_DataTransmit
                    _I2C1_EVENT_STOP
                 _I2C1_RestartEnable
 ---------------------------------------------------------------------------------
 (8) _I2C1_RestartEnable                                   0     0      0       0
 ---------------------------------------------------------------------------------
 (7) _I2C1_EVENT_SEND_WR_ADDR                              0     0      0      22
                  _I2C1_DataTransmit
 ---------------------------------------------------------------------------------
 (7) _I2C1_EVENT_SEND_RD_ADDR                              0     0      0      22
                  _I2C1_DataTransmit
 ---------------------------------------------------------------------------------
 (8) _I2C1_DataTransmit                                    1     1      0      22
                                              0 COMMON     1     1      0
 ---------------------------------------------------------------------------------
 (7) _I2C1_EVENT_RX                                        2     2      0      24
                                              0 COMMON     2     2      0
                       _I2C1_AckSend
                   _I2C1_DataReceive
                   _I2C1_IsRxBufFull
                      _I2C1_NackSend
                 _I2C1_ReceiveEnable
                _I2C1_RestartDisable
 ---------------------------------------------------------------------------------
 (8) _I2C1_RestartDisable                                  0     0      0       0
 ---------------------------------------------------------------------------------
 (8) _I2C1_ReceiveEnable                                   0     0      0       0
 ---------------------------------------------------------------------------------
 (8) _I2C1_NackSend                                        0     0      0       0
 ---------------------------------------------------------------------------------
 (8) _I2C1_IsRxBufFull                                     0     0      0       0
 ---------------------------------------------------------------------------------
 (8) _I2C1_DataReceive                                     0     0      0       0
 ---------------------------------------------------------------------------------
 (8) _I2C1_AckSend                                         0     0      0       0
 ---------------------------------------------------------------------------------
 (7) _I2C1_EVENT_NACK                                      1     1      0      24
                                              0 COMMON     1     1      0
                    _I2C1_EVENT_STOP
 ---------------------------------------------------------------------------------
 (8) _I2C1_EVENT_STOP                                      0     0      0       0
                         _I2C1_Close
                      _I2C1_StopSend
 ---------------------------------------------------------------------------------
 (9) _I2C1_StopSend                                        0     0      0       0
 ---------------------------------------------------------------------------------
 (9) _I2C1_Close                                           0     0      0       0
           _I2C1_ErrorInterruptClear
                _I2C1_InterruptClear
              _I2C1_StatusFlagsClear
 ---------------------------------------------------------------------------------
 (10) _I2C1_StatusFlagsClear                               0     0      0       0
 ---------------------------------------------------------------------------------
 (7) _I2C1_InterruptClear                                  0     0      0       0
 ---------------------------------------------------------------------------------
 (10) _I2C1_ErrorInterruptClear                            0     0      0       0
 ---------------------------------------------------------------------------------
 (7) _I2C1_EVENT_IDLE                                      0     0      0       0
 ---------------------------------------------------------------------------------
 (7) _I2C1_EVENT_ERROR                                     1     1      0      24
                                              0 COMMON     1     1      0
                   _I2C1_EVENT_RESET
 ---------------------------------------------------------------------------------
 (7) _I2C1_EVENT_RESET                                     0     0      0       0
                      _I2C1_BusReset
 ---------------------------------------------------------------------------------
 (8) _I2C1_BusReset                                        0     0      0       0
 ---------------------------------------------------------------------------------
 (7) _I2C1_DefaultCallback                                 0     0      0       0
 ---------------------------------------------------------------------------------
 (7) NULL(Fake)                                            0     0      0       0
 ---------------------------------------------------------------------------------
 Estimated maximum stack depth 10
 ---------------------------------------------------------------------------------

 Call Graph Graphs:

 _main (ROOT)
   _SYSTEM_Initialize
     _ADC_Initialize
     _CCP1_Initialize
     _CLOCK_Initialize
     _CMP1_Initialize
       _CMP1_InterruptCallbackRegister
     _CWG1_Initialize
     _DAC1_Initialize
     _EUSART_Initialize
       _EUSART_FramingErrorCallbackRegister
       _EUSART_OverrunErrorCallbackRegister
     _I2C1_Initialize
       _I2C1_CallbackRegister
       _I2C1_InterruptsEnable
     _INTERRUPT_Initialize
       _INT_SetInterruptHandler
     _PIN_MANAGER_Initialize
     _TMR2_Initialize
       _TMR2_OverflowCallbackRegister

 _INTERRUPT_InterruptManager (ROOT)
   _I2C1_ERROR_ISR
     _I2C1_ErrorEventHandler
       NULL(Fake) *
       _I2C1_DefaultCallback *
       _I2C1_EVENT_ERROR *
         _I2C1_EVENT_RESET
           _I2C1_BusReset
       _I2C1_EVENT_IDLE *
       _I2C1_EVENT_NACK *
         _I2C1_EVENT_STOP
           _I2C1_Close
             _I2C1_ErrorInterruptClear
             _I2C1_InterruptClear
             _I2C1_StatusFlagsClear
           _I2C1_StopSend
       _I2C1_EVENT_RESET *
       _I2C1_EVENT_RX *
         _I2C1_AckSend
         _I2C1_DataReceive
         _I2C1_IsRxBufFull
         _I2C1_NackSend
         _I2C1_ReceiveEnable
         _I2C1_RestartDisable
       _I2C1_EVENT_SEND_RD_ADDR *
         _I2C1_DataTransmit
       _I2C1_EVENT_SEND_WR_ADDR *
         _I2C1_DataTransmit
       _I2C1_EVENT_STOP *
       _I2C1_EVENT_TX *
         _I2C1_DataTransmit
         _I2C1_EVENT_STOP
         _I2C1_RestartEnable
       _I2C1_ErrorInterruptClear *
   _I2C1_ISR
     _I2C1_EventHandler
       _I2C1_EVENT_ERROR *
       _I2C1_EVENT_IDLE *
       _I2C1_EVENT_NACK *
       _I2C1_EVENT_RESET *
       _I2C1_EVENT_RX *
       _I2C1_EVENT_SEND_RD_ADDR *
       _I2C1_EVENT_SEND_WR_ADDR *
       _I2C1_EVENT_STOP *
       _I2C1_EVENT_TX *
       _I2C1_InterruptClear *
       _I2C1_IsAddr *
       _I2C1_IsData *
       _I2C1_IsNack *
   _PIN_MANAGER_IOC

 Address spaces:
Name               Size   Autos  Total    Cost      Usage
BIGRAM             1F0      0       0       0        0.0%
EEDATA             100      0       0       0        0.0%
NULL                 0      0       0       0        0.0%
CODE                 0      0       0       0        0.0%
BITCOMMON            E      0       0       1        0.0%
BITSFR0              0      0       0       1        0.0%
SFR0                 0      0       0       1        0.0%
COMMON               E      6       C       2       85.7%
BITSFR1              0      0       0       2        0.0%
SFR1                 0      0       0       2        0.0%
BITSFR2              0      0       0       3        0.0%
SFR2                 0      0       0       3        0.0%
STACK                0      0       0       3        0.0%
BITSFR3              0      0       0       4        0.0%
SFR3                 0      0       0       4        0.0%
ABS                  0      0      24       4        0.0%
BITBANK0            50      0       0       5        0.0%
BITSFR4              0      0       0       5        0.0%
SFR4                 0      0       0       5        0.0%
BANK0               50      2      18       6       30.0%
BITSFR5              0      0       0       6        0.0%
SFR5                 0      0       0       6        0.0%
BITBANK1            50      0       0       7        0.0%
BITSFR6              0      0       0       7        0.0%
SFR6                 0      0       0       7        0.0%
BANK1               50      0       0       8        0.0%
BITSFR7              0      0       0       8        0.0%
SFR7                 0      0       0       8        0.0%
BITBANK2            50      0       0       9        0.0%
BITSFR8              0      0       0       9        0.0%
SFR8                 0      0       0       9        0.0%
BANK2               50      0       0      10        0.0%
BITSFR9              0      0       0      10        0.0%
SFR9                 0      0       0      10        0.0%
BITBANK3            50      0       0      11        0.0%
BITSFR10             0      0       0      11        0.0%
SFR10                0      0       0      11        0.0%
BANK3               50      0       0      12        0.0%
BITSFR11             0      0       0      12        0.0%
SFR11                0      0       0      12        0.0%
BITBANK4            50      0       0      13        0.0%
BITSFR12             0      0       0      13        0.0%
SFR12                0      0       0      13        0.0%
BANK4               50      0       0      14        0.0%
BITSFR13             0      0       0      14        0.0%
SFR13                0      0       0      14        0.0%
BITBANK5            50      0       0      15        0.0%
BITSFR14             0      0       0      15        0.0%
SFR14                0      0       0      15        0.0%
BANK5               50      0       0      16        0.0%
BITSFR15             0      0       0      16        0.0%
SFR15                0      0       0      16        0.0%
BITBANK6            10      0       0      17        0.0%
BITSFR16             0      0       0      17        0.0%
SFR16                0      0       0      17        0.0%
BANK6               10      0       0      18        0.0%
BITSFR17             0      0       0      18        0.0%
SFR17                0      0       0      18        0.0%
BITSFR18             0      0       0      19        0.0%
SFR18                0      0       0      19        0.0%
DATA                 0      0      24      19        0.0%
BITSFR19             0      0       0      20        0.0%
SFR19                0      0       0      20        0.0%
BITSFR20             0      0       0      21        0.0%
SFR20                0      0       0      21        0.0%
BITSFR21             0      0       0      22        0.0%
SFR21                0      0       0      22        0.0%
BITSFR22             0      0       0      23        0.0%
SFR22                0      0       0      23        0.0%
BITSFR23             0      0       0      24        0.0%
SFR23                0      0       0      24        0.0%
BITSFR24             0      0       0      25        0.0%
SFR24                0      0       0      25        0.0%
BITSFR25             0      0       0      26        0.0%
SFR25                0      0       0      26        0.0%
BITSFR26             0      0       0      27        0.0%
SFR26                0      0       0      27        0.0%
BITSFR27             0      0       0      28        0.0%
SFR27                0      0       0      28        0.0%
BITSFR28             0      0       0      29        0.0%
SFR28                0      0       0      29        0.0%
BITSFR29             0      0       0      30        0.0%
SFR29                0      0       0      30        0.0%
BITSFR30             0      0       0      31        0.0%
SFR30                0      0       0      31        0.0%
BITSFR31             0      0       0      32        0.0%
SFR31                0      0       0      32        0.0%


Microchip Technology PIC Macro Assembler V2.46 build 20240104201356 
Symbol Table                                                                                   Sun Apr 28 11:12:57 2024

                    ?_TMR2_OverflowCallbackRegister 0036                              ??_I2C1_DefaultCallback 0076  
                                                l19 02AB                                   ??_CMP1_Initialize 0038  
                                                l59 0258                                                  l76 0295  
       __end_of_EUSART_OverrunErrorCallbackRegister 027E               ??_EUSART_OverrunErrorCallbackRegister 0038  
              ?_EUSART_OverrunErrorCallbackRegister 0036                 _EUSART_OverrunErrorCallbackRegister 0272  
                                   ??_I2C1_NackSend 0076                                     ??_I2C1_BusReset 0076  
                           __end_of_CCP1_Initialize 02B6                                     _DAC1_Initialize 02F3  
                                               l104 024A                                                 l129 02F8  
                                               l410 02B5                                                 l250 01F1  
                                               l277 0271                                                 l445 02A0  
                                               l385 0318                                                 l553 0096  
                                               l618 023B                                                 l467 02F2  
                                               l708 01DA                                                 l636 02EC  
                                               l581 019A                                                 l596 0261  
                                               l599 0265                                                 l783 0289  
                                               l794 02E4                                                 l787 027D  
                                               l795 02E4                                                 _PR2 001E  
                                               u700 0291                                                 u701 0290  
                                               u710 026D                                                 u711 026C  
                                               u720 0285                                                 u721 0284  
                                               u730 0279                                                 u731 0278  
                                               u740 0265                                                 u741 0264  
                         __end_of_I2C1_DataTransmit 0315                                     _TMR2_Initialize 022D  
                                               wreg 0009                            _I2C1_ErrorInterruptClear 034B  
                                      _BAUD1CONbits 019F                                    __end_of_I2C1_ISR 031D  
                                              l2501 0248                                                l2503 02F3  
                                              l2511 01E4                                                l2521 02B1  
                                              l2513 01EF                                                l2505 01DB  
                                              l2601 0094                                                l2515 02AC  
                                              l2611 0260                                                l2451 028A  
                                              l2507 01E0                                                l2523 0296  
                                              l2603 0095                                                l2531 004E  
                                              l2517 02AF                                                l2605 0259  
                                              l2453 0291                                                l2621 01D7  
                                              l2613 01BD                                                l2509 01E1  
                                              l2461 02ED                                                l2525 0299  
                                              l2541 005A                                                l2533 0051  
                                              l2519 02B0                                                l2607 025C  
                                              l2471 0279                                                l2615 01C6  
                                              l2455 0315                                                l2551 0062  
                                              l2543 005C                                                l2535 0053  
                                              l2527 0049                                                l2463 02E7  
                                              l2631 0234                                                l2623 022D  
                                              l2481 02A7                                                l2473 02A1  
                                              l2609 025D                                                l2465 027E  
                                              l2617 01C7                                                l2457 0266  
                                              l2561 006B                                                l2553 0063  
                                              l2545 005E                                                l2537 0055  
                                              l2529 004C                                                l2625 0230  
                                              l2633 0179                                                l2641 02E1  
                                              l2483 02A9                                                l2475 02A4  
                                              l2491 023F                                                l2467 0285  
                                              l2619 01CF                                                l2459 026D  
                                              l2571 0078                                                l2563 006E  
                                              l2555 0064                                                l2547 005F  
                                              l2539 0058                                                l2627 0231  
                                              l2477 02A5                                                l2485 024B  
                                              l2493 0240                                                l2469 0272  
                                              l2581 0083                                                l2573 007A  
                                              l2565 0070                                                l2557 0067  
                                              l2549 0060                                                l2629 0232  
                                              l2479 02A6                                                l2487 0250  
                                              l2495 0241                                                l2591 008F  
                                              l2583 0086                                                l2575 007C  
                                              l2567 0072                                                l2559 0069  
                                              l2497 0242                                                l2489 023C  
                                              l2593 0090                                                l2585 0089  
                                              l2577 007E                                                l2569 0075  
                                              l2499 0246                                                l2595 0091  
                                              l2587 008C                                                l2579 0080  
                                              l2597 0092                                                l2589 008E  
                                              l2599 0093                                   _I2C1_Deinitialize 0000  
                                              _LATA 010C                                                _LATB 010D  
                                              _LATC 010E                                                _TMR2 001D  
                                              _WPUA 020C                                                _WPUB 020D  
                                              _WPUC 020E                                     ??_I2C1_StopSend 0076  
                                              _main 02E1                                                fsr0h 0005  
                                              fsr1h 0007                                                indf0 0000  
                                              fsr0l 0004                                                indf1 0001  
                                              fsr1l 0006                                                btemp 007E  
                       _INT_DefaultInterruptHandler 0000                                                start 0035  
                _EUSART_DefaultOverrunErrorCallback 0000                     __end_of_INT_SetInterruptHandler 02F3  
                                   _I2C1_EVENT_IDLE 0321                                     _I2C1_EVENT_NACK 0305  
                                        _i2c1Status 0020                                     _I2C1_EVENT_STOP 02B6  
                                 __end_of_I2C1_Host 021B                                               _ADACT 009F  
                                             ?_main 0076                                               _T2CON 001F  
                                             _IOCAF 0393                                               _IOCBF 0396  
                                             _IOCCF 0399                                               _IOCAN 0392  
                                             _IOCAP 0391                                               _IOCBN 0395  
                                             _IOCBP 0394                                               _IOCCN 0398  
                                             _IOCCP 0397                                               i1l301 01BC  
                                             i1l310 02C5                                               i1l304 034F  
                                             i1l320 0178                                               i1l313 02DA  
                                             i1l307 0324                                               i1l331 030A  
                                             i1l340 02D3                                               i1l334 0304  
                                             i1l343 0344                                               i1l352 0341  
                                             i1l328 0119                                               i1l280 031C  
                                             i1l337 02BD                                               i1l370 0328  
                                             i1l346 0314                                               i1l355 033B  
                                             i1l283 0320                                               i1l292 0206  
                                             i1l364 0347                                               i1l452 0025  
                                             i1l349 0338                                               i1l373 02FE  
                                             i1l453 0033                                               i1l382 032C  
                                             i1l358 033E                                               i1l391 034A  
                                             i1l367 0330                                               i1l376 030F  
                                             i1l457 0033                                               i1l394 034D  
                                             i1l298 00D9                                               i1l379 02CC  
                                             i1l556 034E                                               i1l397 0334  
                                             _OSCEN 091D                                               _UART1 011A  
                                             u42_20 0151                                               u50_20 00AA  
                                             u42_21 0150                                               u50_21 00A9  
                                             u43_20 016C                                               u51_20 00B8  
                                             u43_21 016B                                               u51_21 00B7  
                                             u44_20 00E4                                               u52_20 00C0  
                                             u60_20 0017                                               u44_21 00E3  
                                             u52_21 00BF                                               u60_21 0016  
                                             u45_20 00EB                                               u61_20 001C  
                                             u45_21 00EA                                               u61_21 001B  
                                             u46_20 0108                                               u62_20 0021  
                                             u46_21 0107                                               u62_21 0020  
                                             u63_20 002A                                               u63_21 0029  
                                             u64_20 002F                                               u64_21 002E  
                                             u49_20 00A2                                               u49_21 00A1  
                                             _TRISA 008C                                               _TRISB 008D  
                                             _TRISC 008E                                               u58_20 000B  
                                             u58_21 000A                                               u59_20 0010  
                                             u59_21 000F                                               _RXPPS 0E24  
                          ?_I2C1_EVENT_SEND_RD_ADDR 0076                                   ??_I2C1_Initialize 0038  
                           __end_of_PIN_MANAGER_IOC 034F                             ??_I2C1_CallbackRegister 0038  
                                 ?_I2C1_IsRxBufFull 0076                            ?_I2C1_EVENT_SEND_WR_ADDR 0076  
                                             pclath 000A                               I2C1_DataTransmit@data 0076  
                                ??_I2C1_IsRxBufFull 0076                             __end_of_CWG1_Initialize 024B  
                                             status 0003                                               wtemp0 007E  
                                      ??_I2C1_Close 0076                                     __initialization 0037  
                          ??_I2C1_ErrorEventHandler 007A                                        __end_of_main 02E7  
                           __end_of_DAC1_Initialize 02F9                                    _I2C1_EVENT_ERROR 02FF  
                                  _I2C1_EVENT_RESET 02CD                             __end_of_TMR2_Initialize 023C  
                       ?_INTERRUPT_InterruptManager 0076                    ??_CMP1_InterruptCallbackRegister 0038  
                   ?_CMP1_InterruptCallbackRegister 0036                                              ??_main 0038  
                                  ?_CCP1_Initialize 0076  EUSART_OverrunErrorCallbackRegister@callbackHandler 0036  
EUSART_FramingErrorCallbackRegister@callbackHandler 0036                I2C1_CallbackRegister@callbackHandler 0036  
     CMP1_InterruptCallbackRegister@callbackHandler 0036                                  __end_of_I2C1_Close 0207  
                                            _ADCON0 009D                                              _ADCON1 009E  
                        _EUSART_OverrunErrorHandler 002E                               _I2C1_InterruptsEnable 0315  
                                            _ADRESH 009C                                              _ADRESL 009B  
                                            _CCPR1H 0292                                              _CCPR1L 0291  
                                            _ANSELA 018C                                              _ANSELB 018D  
                                            _ANSELC 018E                                              _RC1REG 0199  
                                            _RA2PPS 0E92                                              _RC0PPS 0EA0  
                                            _RC1PPS 0EA1                                              _RC1STA 019D  
                                            _RC2PPS 0EA2                                              _RB6PPS 0E9E  
                                            i1l2101 0342                                              i1l2111 033F  
                                            i1l2105 032D                                              i1l2201 0112  
                                            i1l2113 02CD                                              i1l2107 033C  
                                            i1l2203 0115                                              i1l2211 0305  
                                            i1l2115 02D0                                              i1l2109 0325  
                                            i1l2141 0321                                              i1l2205 0118  
                                            i1l2213 0309                                              i1l2221 0303  
                                            i1l2117 02D2                                              i1l2301 031D  
                                            i1l2133 02F9                                              i1l2071 0331  
                                            i1l2143 0323                                              i1l2081 0203  
                                            i1l2073 01F2                                              i1l2161 014A  
                                            i1l2153 02D4                                              i1l2209 0305  
                                            i1l2217 02FF                                              i1l2129 02C6  
                                            i1l2137 030B                                              i1l2401 0006  
                                            _ODCONA 028C                                              _ODCONB 028D  
                                            i1l2067 0348                                              i1l2075 01F4  
                                            i1l2083 0345                                              i1l2171 016C  
                                            i1l2163 0151                                              i1l2147 02BE  
                                            i1l2155 02D9                                              i1l2219 02FF  
                                            i1l2091 02B6                                              i1l2251 0097  
                                            i1l2411 001C                                              i1l2403 000B  
                                            _RC6PPS 0EA6                                              _ODCONC 028E  
                                            i1l2085 0335                                              i1l2069 034B  
                                            i1l2077 01FD                                              i1l2173 016D  
                                            i1l2165 0155                                              i1l2149 02C4  
                                            i1l2093 02BC                                              i1l2261 00B8  
                                            i1l2253 009A                                              i1l2413 0021  
                                            i1l2405 0010                                              i1l2079 0200  
                                            i1l2087 0311                                              i1l2175 0170  
                                            i1l2167 0164                                              i1l2159 014A  
                                            i1l2191 00F9                                              i1l2183 00DA  
                                            i1l2271 01A3                                              i1l2263 00C0  
                                            i1l2255 00A2                                              i1l2415 002A  
                                            i1l2407 0013                                              i1l2097 0329  
                                            i1l2089 0339                                              i1l2177 0173  
                                            i1l2169 0167                                              i1l2193 00FE  
                                            i1l2185 00DC                                              i1l2273 01B7  
                                            i1l2265 00C5                                              i1l2257 00AA  
                                            i1l2417 002F                                              i1l2409 0017  
                                            i1l2179 0177                                              i1l2195 0102  
                                            i1l2187 00E4                                              i1l2267 019B  
                                            i1l2259 00B0                                              _RC7PPS 0EA7  
                                            i1l2197 0108                                              i1l2189 00EB  
                                            i1l2269 01A0                                              i1l2199 010C  
                                            i1l2299 0319                                              _INLVLA 038C  
                                            _INLVLB 038D                                              _INLVLC 038E  
                                            _OSCFRQ 091F                                              _TX1REG 019A  
                                            _TX1STA 019E                             __end_of_I2C1_EVENT_IDLE 0325  
                           __end_of_I2C1_EVENT_NACK 030B                             __end_of_I2C1_EVENT_STOP 02BE  
                       __end_of_I2C1_InterruptClear 034B                        _TMR2_DefaultOverflowCallback 0000  
                                _I2C1_RestartEnable 0339                                           ?_I2C1_ISR 0076  
                   __end_of_I2C1_EVENT_SEND_RD_ADDR 02C6                                   ?_CLOCK_Initialize 0076  
                                ??_CLOCK_Initialize 0036                     __end_of_I2C1_EVENT_SEND_WR_ADDR 02DB  
                               ?_I2C1_RestartEnable 0076             INT_SetInterruptHandler@InterruptHandler 0036  
                                  ?_PIN_MANAGER_IOC 0076                                   _SYSTEM_Initialize 0179  
                           __end_of__initialization 0045                                       ??_I2C1_IsAddr 0076  
                                     ??_I2C1_IsData 0076                                    ?_CWG1_Initialize 0076  
                                     ??_I2C1_IsNack 0076                                     _CMP1_Initialize 024B  
                                ?_SYSTEM_Initialize 0076                                ??_I2C1_RestartEnable 0076  
                                     __end_of_UART1 014A                                      __pcstackCOMMON 0076  
                               ??_SYSTEM_Initialize 0038                                    ?_DAC1_Initialize 0076  
                        ??_I2C1_ErrorInterruptClear 0076                                          ??_I2C1_ISR 007C  
                                  ?_TMR2_Initialize 0076                                        _CWG1CON0bits 0695  
                             __end_of_I2C1_EVENT_RX 011A                               __end_of_I2C1_EVENT_TX 0179  
                            ?_I2C1_InterruptsEnable 0076                     ??_TMR2_OverflowCallbackRegister 0038  
                                 _I2C1_EventHandler 0097                           __end_of_SYSTEM_Initialize 019B  
                                        __pbssBANK0 0020                                  ?_I2C1_EventHandler 0076  
                             _I2C1_StatusFlagsClear 0331                                    ?_I2C1_EVENT_IDLE 0076  
                                  ?_I2C1_EVENT_NACK 0076                                    ?_I2C1_EVENT_STOP 0076  
                               ??_I2C1_EventHandler 007A                                          __pmaintext 02E1  
                               __end_of_I2C1_IsAddr 02CD                                 __end_of_I2C1_IsData 0310  
                               __end_of_I2C1_IsNack 02FF                                          __pintentry 0004  
                                   _I2C1_Initialize 01DB                                             _DACCON0 0118  
                                           _DACCON1 0119                                             _CM1CON0 0111  
                                           _CM1CON1 0112                                _EUSART_AutoBaudQuery 0000  
                                           _CCP1CON 0293                                             _CWG1DBF 0694  
                                           _CWG1AS0 0697                                             _CWG1AS1 0698  
                                           _CWG1DBR 0693                                             _CWG1DAT 0692  
                             __end_of_I2C1_NackSend 0329                                             _CWG1STR 0699  
                             __end_of_I2C1_BusReset 0339                                     _EUSART_IsTxDone 0000  
                                   _EUSART_ErrorGet 0000                                             _SP1BRGH 019C  
                                           _SP1BRGL 019B                                           _I2C1_Read 0000  
                                         _I2C1_Host 0207                           __end_of_I2C1_EventHandler 00DA  
                                           _OSCCON1 0919                                             _OSCCON3 091B  
                            _I2C1_ErrorEventHandler 019B                                             _OSCTUNE 091E  
                                           _SSP1ADD 0212                                             _SLRCONA 030C  
                                           _SLRCONB 030D                                             _SLRCONC 030E  
                                           _SSP1BUF 0211                             __end_of_CMP1_Initialize 0259  
                          __end_of_I2C1_EVENT_ERROR 0305                            __end_of_I2C1_EVENT_RESET 02D4  
                     __end_of_I2C1_CallbackRegister 0272                               __end_of_I2C1_StopSend 0348  
                                           __ptext1 0179                                             __ptext2 022D  
                                           __ptext3 02E7                                             __ptext4 0049  
                                           __ptext5 0296                                             __ptext6 02ED  
                                           __ptext7 01DB                                             __ptext8 0315  
                                           __ptext9 0266                                           _T2CONbits 001F  
                               _I2C1_RestartDisable 033C                                           _CMOUTbits 0115  
                          ??_PIN_MANAGER_Initialize 0036                                       ?_I2C1_AckSend 0076  
                           _INT_SetInterruptHandler 02ED                                     _i2c1_eventTable 021B  
                                           clrloop0 02DC       TMR2_OverflowCallbackRegister@InterruptHandler 0036  
                              end_of_initialization 0045                              ?_I2C1_StatusFlagsClear 0076  
                                       _I2C1_IsAddr 02C6                                         _I2C1_IsData 030B  
                                       _I2C1_IsNack 02F9                                         _I2C1_IsBusy 0000  
                                 _EUSART_Initialize 01BD                                ?_I2C1_RestartDisable 0076  
                           __end_of_I2C1_Initialize 01F2                                  ?_EUSART_Initialize 0076  
                                  _I2C1_DataReceive 0342                               _CMP1_InterruptHandler 0074  
                               ??_EUSART_Initialize 0038                                      ??_I2C1_AckSend 0076  
                               _EUSART_Deinitialize 0000                                    ?_CMP1_Initialize 0076  
                                       _CM1CON0bits 0111                           __end_of_EUSART_Initialize 01DB  
                                       _CCP1CONbits 0293                               ??_I2C1_RestartDisable 0076  
                      __end_of_INTERRUPT_Initialize 02A1                                      _I2C1_ERROR_ISR 031D  
                        __end_of_I2C1_ReceiveEnable 0342                                        _EUSART_Write 0000  
                           __end_of_i2c1_eventTable 022D                                      _ADC_Initialize 02A1  
                         ??_INT_SetInterruptHandler 0038                             ??_I2C1_InterruptsEnable 0036  
                               start_initialization 0037                             _I2C1_EVENT_SEND_RD_ADDR 02BE  
                                  ?_I2C1_Initialize 0076                             _I2C1_EVENT_SEND_WR_ADDR 02D4  
                            __end_of_I2C1_ERROR_ISR 0321                          _EUSART_FramingErrorHandler 0070  
                                  _I2C1_IsRxBufFull 0329                                         _CCPTMRSbits 029F  
                            __end_of_ADC_Initialize 02AC                             ?_I2C1_ErrorEventHandler 0076  
                                       __pbssCOMMON 0070                                           ___latbits 0001  
                                     __pcstackBANK0 0036                           ?_I2C1_ErrorInterruptClear 0076  
                                       _CWG1AS0bits 0697                        __end_of_I2C1_DefaultCallback 0350  
                                 ?_I2C1_EVENT_ERROR 0076                                   ?_I2C1_EVENT_RESET 0076  
                             _TMR2_OverflowCallback 0032                                  ??_I2C1_EVENT_ERROR 0076  
                                 ??_CCP1_Initialize 0036                                  ??_I2C1_EVENT_RESET 0076  
                              __end_of_I2C1_AckSend 0331                              _PIN_MANAGER_Initialize 0049  
                                   ?_I2C1_ERROR_ISR 0076                                     ?_ADC_Initialize 0076  
                                          _I2C1_ISR 0319                        ??_INTERRUPT_InterruptManager 007C  
                    __end_of_I2C1_ErrorEventHandler 01BD                                            _BAUD1CON 019F  
                            _EUSART_TransmitDisable 0000                       I2C1_EVENT_ERROR@retEventState 0076  
                                          _CWG1CON0 0695                                            _CWG1CON1 0696  
                           ??_I2C1_StatusFlagsClear 0076                            __end_of_I2C1_DataReceive 0345  
                         ??_I2C1_EVENT_SEND_RD_ADDR 0076                                    _EUSART_IsRxReady 0000  
                              _INTERRUPT_Initialize 0296                                    _EUSART_IsTxReady 0000  
                                  _CLOCK_Initialize 0259                                        ?_I2C1_IsAddr 0076  
                                      ?_I2C1_IsData 0076                                        ?_I2C1_IsNack 0076  
                         ??_I2C1_EVENT_SEND_WR_ADDR 0077                               _I2C1_CallbackRegister 0266  
                                         clear_ram0 02DB                                            _PIE0bits 0090  
                                          _PIE1bits 0091                                   _eusartRxLastError 0030  
                                        _I2C1_Close 01F2                                            _PIR0bits 0010  
                                          _PIR1bits 0011                                            _PIR2bits 0012  
                                        _I2C1_Write 0000                                      _I2C1_WriteRead 0000  
                                          _SSP1CON1 0215                                            _SSP1CON2 0216  
                                          _SSP1CON3 0217                                            _SSP1STAT 0214  
                                 ??_PIN_MANAGER_IOC 0076                                          _ADCON0bits 009D  
                                 ??_CWG1_Initialize 0036                                        _OSCSTAT1bits 091C  
                      I2C1_EVENT_NACK@retEventState 0076                                       _I2C1_EVENT_RX 00DA  
                                     _I2C1_EVENT_TX 014A                                         _EUSART_Read 0000  
                             ?_INTERRUPT_Initialize 0076                                   ??_DAC1_Initialize 0036  
                                 ??_TMR2_Initialize 0038                       _CMP1_DefaultInterruptCallback 0000  
                               _I2C1_InterruptClear 0348                                       _I2C1_Callback 0034  
                              _I2C1_DefaultCallback 034F                                ?_I2C1_InterruptClear 0076  
                                        _CWG1CLKCON 0691                                       _I2C1_NackSend 0325  
                                     _I2C1_BusReset 0335                                   ??_I2C1_EVENT_IDLE 0076  
                                 ??_I2C1_EVENT_NACK 0076                                   ??_I2C1_EVENT_STOP 0076  
                     __end_of_I2C1_InterruptsEnable 0319                                      ?_I2C1_EVENT_RX 0076  
                                    ?_I2C1_EVENT_TX 0076                                       _I2C1_ErrorGet 0000  
                                _EUSART_AutoBaudSet 0000                                            __ptext10 01BD  
                                          __ptext11 0272                                            __ptext12 027E  
                                          __ptext21 034E                                            __ptext13 02F3  
                                          __ptext30 02B6                                            __ptext22 0319  
                                          __ptext14 023C                                            __ptext31 02FF  
                                          __ptext23 0097                                            __ptext15 024B  
                                          __ptext40 033C                                            __ptext32 0305  
                                          __ptext24 02F9                                            __ptext16 028A  
                                          __ptext41 033F                                            __ptext33 00DA  
                                          __ptext25 030B                                            __ptext17 0259  
                                          __ptext50 034B                                            __ptext42 0325  
                                          __ptext34 02D4                                            __ptext26 02C6  
                                          __ptext18 02AC                                            __ptext51 0335  
                                          __ptext43 0329                                            __ptext35 02BE  
                                          __ptext27 031D                                            __ptext19 02A1  
                                          __ptext52 034F                                            __ptext44 0342  
                                          __ptext36 0321                                            __ptext28 019B  
                                          __ptext45 032D                                            __ptext37 014A  
                                          __ptext29 02CD                                            __ptext46 0345  
                                          __ptext38 0339                                            __ptext47 01F2  
                                          __ptext39 0310                                            __ptext48 0331  
                                          __ptext49 0348                            __end_of_I2C1_IsRxBufFull 032D  
                                      _SSP1CON1bits 0215                                        _SSP1CON2bits 0216  
                       __end_of_I2C1_RestartDisable 033F                                  _I2C1_ReceiveEnable 033F  
                             _EUSART_TransmitEnable 0000                              ?_I2C1_CallbackRegister 0036  
            __end_of_CMP1_InterruptCallbackRegister 0296                      _CMP1_InterruptCallbackRegister 028A  
             __end_of_TMR2_OverflowCallbackRegister 02ED                       _TMR2_OverflowCallbackRegister 02E7  
                               ?_I2C1_ReceiveEnable 0076                                         ?_I2C1_Close 0076  
                                     _I2C1_StopSend 0345                                          _RC1STAbits 019D  
                                          int$flags 007E                  __end_of_INTERRUPT_InterruptManager 0035  
                        _INTERRUPT_InterruptManager 0004         __end_of_EUSART_FramingErrorCallbackRegister 028A  
             ??_EUSART_FramingErrorCallbackRegister 0038                ?_EUSART_FramingErrorCallbackRegister 0036  
               _EUSART_FramingErrorCallbackRegister 027E                               ?_I2C1_DefaultCallback 0076  
                                      _SSP1STATbits 0214                               ??_I2C1_InterruptClear 0076  
                  __end_of_I2C1_ErrorInterruptClear 034E                                      ?_I2C1_NackSend 0076  
                                    ?_I2C1_BusReset 0076                                ??_I2C1_ReceiveEnable 0076  
                                        _INTCONbits 000B                                        _I2C1_AckSend 032D  
                              _INT_InterruptHandler 0072                                     _CCP1_Initialize 02AC  
                            ??_INTERRUPT_Initialize 0038                          I2C1_EVENT_RX@retEventState 0077  
                                          intlevel1 0000                                    ??_I2C1_ERROR_ISR 007C  
                           ?_PIN_MANAGER_Initialize 0076                          __end_of_I2C1_RestartEnable 033C  
                _EUSART_DefaultFramingErrorCallback 0000                                      ?_I2C1_StopSend 0076  
                                  ??_ADC_Initialize 0036                            ?_INT_SetInterruptHandler 0036  
                          __end_of_CLOCK_Initialize 0266                                       __pstringtext1 011A  
                                     __pstringtext2 0207                                       __pstringtext3 021B  
                                   ??_I2C1_EVENT_RX 0076                                     ??_I2C1_EVENT_TX 0077  
                                        _SSP1DATPPS 0E21                                          _SSP1CLKPPS 0E20  
                                 _I2C1_DataTransmit 0310                                          _TX1STAbits 019E  
                                ?_I2C1_DataTransmit 0076                                   ?_I2C1_DataReceive 0076  
                    __end_of_PIN_MANAGER_Initialize 0097                       __end_of_I2C1_StatusFlagsClear 0335  
                                ??_I2C1_DataReceive 0076                                     _PIN_MANAGER_IOC 034E  
                        I2C1_EVENT_TX@retEventState 0079                                 ??_I2C1_DataTransmit 0076  
                                   _CWG1_Initialize 023C  
